Protocollo;Gruppo;DataOraIncidente;Localizzazione1;STRADA1;Localizzazione2;STRADA2;Strada02;Chilometrica;DaSpecificare;NaturaIncidente;particolaritastrade;TipoStrada;FondoStradale;Pavimentazione;Segnaletica;CondizioneAtmosferica;Traffico;Visibilita;Illuminazione;NUM_FERITI;NUM_RISERVATA;NUM_MORTI;NUM_ILLESI;Longitude;Latitude;Confermato;Progressivo;TipoVeicolo;StatoVeicolo;TipoPersona;Sesso;Tipolesione;Deceduto;DecedutoDopo;CinturaCascoUtilizzato;Airbag;
5725615;16;02/12/2021 17:30:00;;VIA PIO SPEZI;da specificare;;;;PROXSSIMITAA' Fronte Civico 4;Veicolo in marcia contro ostacolo fisso;;;;;;;;;;0;0;0;1;12.3752;41.8854;0;1;Autovettura privata;In marcia / fermata / arresto;Conducente;M;Illeso;0;;;
5725620;19;03/12/2021 09:15:00;Strada Urbana;VIA DELLA STORTA;in prossimità;;del civico n.;622;;Veicolo in marcia contro ostacolo accidentale;Rettilineo;Una carreggiata a doppio senso;Bagnato (pioggia);Asfaltata;Orizzontale;Nuvoloso;Scarso;Buona;;0;0;0;1;12.3673;41.9768;-1;1;Autovettura privata;In marcia / fermata / arresto;Conducente;M;Illeso;0;;Non accertato;Inesploso
5725621;9;03/12/2021 07:25:00;Strada Urbana;VIALE FURIO CAMILLO;all'intersezione con;VIA MUZIO SCEVOLA;VIA MUZIO SCEVOLA;;;Scontro frontale/laterale SX fra veicoli in marcia;Incrocio;Due carreggiate;Bagnato (umidità in atto);Asfaltata;Verticale ed orizzontale;Pioggia in atto;Normale;Buona;;1;0;0;1;12.5245;41.8757;-1;1;Autovettura privata;In marcia / fermata / arresto;Conducente;F;Rimandato;0;NON DECEDUTO;Non accertato;Inesploso
5725621;9;03/12/2021 07:25:00;Strada Urbana;VIALE FURIO CAMILLO;all'intersezione con;VIA MUZIO SCEVOLA;VIA MUZIO SCEVOLA;;;Scontro frontale/laterale SX fra veicoli in marcia;Incrocio;Due carreggiate;Bagnato (umidità in atto);Asfaltata;Verticale ed orizzontale;Pioggia in atto;Normale;Buona;;1;0;0;1;12.5245;41.8757;-1;2;Autovettura privata;In marcia / fermata / arresto;Conducente;M;Illeso;0;;Non accertato;Esploso
5725629;19;03/12/2021 12:45:00;Strada Urbana;VIA BERGEGGI;in prossimità;;del civico n.;25;;Scontro laterale fra veicoli in marcia;Rettilineo;Una carreggiata a senso unico di marcia;Asciutto;Asfaltata;Assente;Sereno;Scarso;Buona;;0;0;0;2;12.4221;41.9294;-1;1;Autovettura privata;In marcia / fermata / arresto;Conducente;M;Illeso;0;;Non accertato;Inesploso
5725629;19;03/12/2021 12:45:00;Strada Urbana;VIA BERGEGGI;in prossimità;;del civico n.;25;;Scontro laterale fra veicoli in marcia;Rettilineo;Una carreggiata a senso unico di marcia;Asciutto;Asfaltata;Assente;Sereno;Scarso;Buona;;0;0;0;2;12.4221;41.9294;-1;2;Autovettura privata;In marcia / fermata / arresto;Conducente;F;Illeso;0;;Non accertato;Inesploso
5725640;9;03/12/2021 08:40:00;Strada Urbana;VIA TUSCOLANA;in prossimità;;del civico n.;543;;Scontro frontale/laterale SX fra veicoli in marcia;Rettilineo;Una carreggiata a doppio senso;Asciutto;Asfaltata;Verticale ed orizzontale;Sereno;Normale;Buona;;0;0;0;3;12.5415;41.8669;-1;1;Autovettura privata;In marcia / fermata / arresto;Conducente;M;Illeso;0;;Non accertato;Inesploso
5725640;9;03/12/2021 08:40:00;Strada Urbana;VIA TUSCOLANA;in prossimità;;del civico n.;543;;Scontro frontale/laterale SX fra veicoli in marcia;Rettilineo;Una carreggiata a doppio senso;Asciutto;Asfaltata;Verticale ed orizzontale;Sereno;Normale;Buona;;0;0;0;3;12.5415;41.8669;-1;1;Autovettura privata;In marcia / fermata / arresto;Passeggero;M;Illeso;0;;Non accertato;Inesploso
5725640;9;03/12/2021 08:40:00;Strada Urbana;VIA TUSCOLANA;in prossimità;;del civico n.;543;;Scontro frontale/laterale SX fra veicoli in marcia;Rettilineo;Una carreggiata a doppio senso;Asciutto;Asfaltata;Verticale ed orizzontale;Sereno;Normale;Buona;;0;0;0;3;12.5415;41.8669;-1;2;Autocarro superiore 35 q.;In marcia / fermata / arresto;Conducente;M;Illeso;0;;Non accertato;Inesploso
5725657;16;02/12/2021 19:00:00;Strada Urbana;VIA VIRGINIA AGNELLI;in prossimità;;del civico n.;74;;Veicolo in marcia che urta buche nella carreggiata;Rettilineo;Due carreggiate;Bagnato (pioggia);Asfaltata;Verticale ed orizzontale;Sereno;Scarso;Buona;;0;0;0;1;12.4444;41.8619;-1;1;Autovettura privata;In marcia / fermata / arresto;Conducente;M;Illeso;0;;Non accertato;Inesploso
5725677;9;03/12/2021 10:20:00;Strada Urbana;PIAZZA CAMILLO FINOCCHIARO APRILE;da specificare;;;;fronte civico 18;Investimento di pedone;Rotatoria;Una carreggiata a senso unico di marcia;Asciutto;Asfaltata;Verticale ed orizzontale;Sereno;Normale;Buona;;1;0;0;1;12.5198;41.8767;-1;;;;Pedone;F;Ricoverato;0;NON DECEDUTO;;
5725677;9;03/12/2021 10:20:00;Strada Urbana;PIAZZA CAMILLO FINOCCHIARO APRILE;da specificare;;;;fronte civico 18;Investimento di pedone;Rotatoria;Una carreggiata a senso unico di marcia;Asciutto;Asfaltata;Verticale ed orizzontale;Sereno;Normale;Buona;;1;0;0;1;12.5198;41.8767;-1;1;Autovettura privata;In marcia / fermata / arresto;Conducente;M;Illeso;0;;Non accertato;Inesploso
5725702;16;03/12/2021 04:00:00;Strada Urbana;VIA DI DONNA OLIMPIA;da specificare;;;;FRONTE CIVICO 11;Veicolo in marcia contro veicoli in sosta;Rettilineo;Una carreggiata a senso unico di marcia;Asciutto;Asfaltata;Verticale ed orizzontale;Sereno;Scarso;Buona;;0;0;0;1;12.4536;41.8766;-1;1;Autovettura privata;Sosta;;;;;;;
5725702;16;03/12/2021 04:00:00;Strada Urbana;VIA DI DONNA OLIMPIA;da specificare;;;;FRONTE CIVICO 11;Veicolo in marcia contro veicoli in sosta;Rettilineo;Una carreggiata a senso unico di marcia;Asciutto;Asfaltata;Verticale ed orizzontale;Sereno;Scarso;Buona;;0;0;0;1;12.4536;41.8766;-1;2;Autovettura privata;Sosta;;;;;;;
5725702;16;03/12/2021 04:00:00;Strada Urbana;VIA DI DONNA OLIMPIA;da specificare;;;;FRONTE CIVICO 11;Veicolo in marcia contro veicoli in sosta;Rettilineo;Una carreggiata a senso unico di marcia;Asciutto;Asfaltata;Verticale ed orizzontale;Sereno;Scarso;Buona;;0;0;0;1;12.4536;41.8766;-1;3;Autovettura privata;In marcia / fermata / arresto;Conducente;M;Illeso;0;;Non accertato;
5725712;16;01/12/2021 14:40:00;Strada Urbana;C.NE GIANICOLENSE;all'intersezione semaforizzata con;VIA OTTAVIO GASPARRI;VIA OTTAVIO GASPARRI;;;Investimento di pedone;Intersezione semaforizzata;Più di due carreggiate;Bagnato (pioggia);Asfaltata;Verticale ed orizzontale;Pioggia in atto;Normale;Buona;;1;0;0;1;12.4496;41.8725;-1;;;;Pedone;F;Rimandato;0;NON DECEDUTO;;
5725712;16;01/12/2021 14:40:00;Strada Urbana;C.NE GIANICOLENSE;all'intersezione semaforizzata con;VIA OTTAVIO GASPARRI;VIA OTTAVIO GASPARRI;;;Investimento di pedone;Intersezione semaforizzata;Più di due carreggiate;Bagnato (pioggia);Asfaltata;Verticale ed orizzontale;Pioggia in atto;Normale;Buona;;1;0;0;1;12.4496;41.8725;-1;1;Autovettura privata;In marcia / fermata / arresto;Conducente;M;Illeso;0;;Non accertato;
5725713;9;03/12/2021 12:10:00;Strada Urbana;LARGO PIETRO TACCHI VENTURI;all'intersezione con;VIA LATINA;VIA LATINA;;;Tamponamento;Intersezione stradale segnalata;Una carreggiata a senso unico di marcia;Asciutto;Asfaltata;Verticale ed orizzontale;Sereno;Scarso;Buona;;0;0;0;4;12.5258;41.8673;-1;1;Autovettura privata;In marcia / fermata / arresto;Conducente;F;Illeso;0;;Non accertato;Inesploso
5725713;9;03/12/2021 12:10:00;Strada Urbana;LARGO PIETRO TACCHI VENTURI;all'intersezione con;VIA LATINA;VIA LATINA;;;Tamponamento;Intersezione stradale segnalata;Una carreggiata a senso unico di marcia;Asciutto;Asfaltata;Verticale ed orizzontale;Sereno;Scarso;Buona;;0;0;0;4;12.5258;41.8673;-1;1;Autovettura privata;In marcia / fermata / arresto;Passeggero;M;Illeso;0;;Non accertato;Inesploso
5725713;9;03/12/2021 12:10:00;Strada Urbana;LARGO PIETRO TACCHI VENTURI;all'intersezione con;VIA LATINA;VIA LATINA;;;Tamponamento;Intersezione stradale segnalata;Una carreggiata a senso unico di marcia;Asciutto;Asfaltata;Verticale ed orizzontale;Sereno;Scarso;Buona;;0;0;0;4;12.5258;41.8673;-1;2;Autovettura privata;In marcia / fermata / arresto;Conducente;F;Illeso;0;;Non accertato;Inesploso
5725713;9;03/12/2021 12:10:00;Strada Urbana;LARGO PIETRO TACCHI VENTURI;all'intersezione con;VIA LATINA;VIA LATINA;;;Tamponamento;Intersezione stradale segnalata;Una carreggiata a senso unico di marcia;Asciutto;Asfaltata;Verticale ed orizzontale;Sereno;Scarso;Buona;;0;0;0;4;12.5258;41.8673;-1;2;Autovettura privata;In marcia / fermata / arresto;Passeggero;M;Illeso;0;;Non accertato;Inesploso
5725719;23;02/12/2021 00:05:00;Comunale extraurbana;VIA DI PRATICA;all'intersezione con;VIA PONTINA;VIA PONTINA;;;Fuoriuscita dalla sede stradale;Intersezione stradale segnalata;Una carreggiata a doppio senso;Bagnato (pioggia);Asfaltata;Verticale ed orizzontale;Pioggia in atto;Scarso;Insufficiente;;0;0;0;1;12.4452;41.6892;-1;1;Autovettura privata;In marcia / fermata / arresto;Conducente;M;Illeso;0;;Non accertato;Inesploso
5725734;16;02/12/2021 06:10:00;Strada Urbana;VIA OTTAVIO GASPARRI;in corrispondenza;;del civico n.;41;;Veicolo in marcia contro veicoli in sosta;Curva a visuale libera;Due carreggiate;Bagnato (umidità in atto);Asfaltata;Assente;Nuvoloso;Normale;Sufficiente;;0;0;0;0;12.4411;41.8788;-1;1;Autovettura privata;Sosta;;;;;;;
5725734;16;02/12/2021 06:10:00;Strada Urbana;VIA OTTAVIO GASPARRI;in corrispondenza;;del civico n.;41;;Veicolo in marcia contro veicoli in sosta;Curva a visuale libera;Due carreggiate;Bagnato (umidità in atto);Asfaltata;Assente;Nuvoloso;Normale;Sufficiente;;0;0;0;0;12.4411;41.8788;-1;2;Autovettura privata;Sosta;;;;;;;
5725734;16;02/12/2021 06:10:00;Strada Urbana;VIA OTTAVIO GASPARRI;in corrispondenza;;del civico n.;41;;Veicolo in marcia contro veicoli in sosta;Curva a visuale libera;Due carreggiate;Bagnato (umidità in atto);Asfaltata;Assente;Nuvoloso;Normale;Sufficiente;;0;0;0;0;12.4411;41.8788;-1;3;Autovettura privata;Allontanatosi;;;;;;;
5725792;1;03/12/2021 12:30:00;Strada Urbana;VIA SEBASTIANO GRANDIS;all'intersezione con;VIA ELENIANA;VIA ELENIANA;;;Scontro frontale/laterale SX fra veicoli in marcia;Intersezione stradale segnalata;Una carreggiata a senso unico di marcia;Asciutto;Asfaltata;Verticale ed orizzontale;Sereno;Intenso;Buona;;0;0;0;2;12.5149;41.8899;-1;1;Motociclo a solo;In marcia / fermata / arresto;Conducente;M;Illeso;0;;Non accertato;
5725792;1;03/12/2021 12:30:00;Strada Urbana;VIA SEBASTIANO GRANDIS;all'intersezione con;VIA ELENIANA;VIA ELENIANA;;;Scontro frontale/laterale SX fra veicoli in marcia;Intersezione stradale segnalata;Una carreggiata a senso unico di marcia;Asciutto;Asfaltata;Verticale ed orizzontale;Sereno;Intenso;Buona;;0;0;0;2;12.5149;41.8899;-1;2;Autovettura privata;In marcia / fermata / arresto;Conducente;F;Illeso;0;;Non accertato;Inesploso
5725818;23;02/12/2021 23:10:00;Strada Urbana;VIA ANTONIO PACINOTTI;in prossimità;;del civico n.;22;;Tamponamento;Rettilineo;Una carreggiata a doppio senso;Bagnato (umidità in atto);Asfaltata;Verticale ed orizzontale;Sereno;Scarso;Buona;;0;0;0;2;12.4696;41.8712;-1;1;Autovettura privata;In marcia / fermata / arresto;Conducente;M;Illeso;0;;Utilizzato;Inesploso
5725818;23;02/12/2021 23:10:00;Strada Urbana;VIA ANTONIO PACINOTTI;in prossimità;;del civico n.;22;;Tamponamento;Rettilineo;Una carreggiata a doppio senso;Bagnato (umidità in atto);Asfaltata;Verticale ed orizzontale;Sereno;Scarso;Buona;;0;0;0;2;12.4696;41.8712;-1;2;Autovettura privata;In marcia / fermata / arresto;Conducente;M;Illeso;0;;Non accertato;Inesploso
5725818;23;02/12/2021 23:10:00;Strada Urbana;VIA ANTONIO PACINOTTI;in prossimità;;del civico n.;22;;Tamponamento;Rettilineo;Una carreggiata a doppio senso;Bagnato (umidità in atto);Asfaltata;Verticale ed orizzontale;Sereno;Scarso;Buona;;0;0;0;2;12.4696;41.8712;-1;3;Autovettura privata;Sosta;;;;;;;
5725832;23;03/12/2021 02:20:00;Strada Urbana;VIA DELLA CECCHIGNOLA;da specificare;;;;via di tor pagnotta;Fuoriuscita dalla sede stradale;Rettilineo;Una carreggiata a doppio senso;Asciutto;Asfaltata;Orizzontale;Nuvoloso;Scarso;Insufficiente;;1;0;0;0;12.5116;41.8077;-1;1;Autovettura privata;In marcia / fermata / arresto;Conducente;M;Rimandato;0;NON DECEDUTO;Non accertato;Inesploso
5725875;5;03/12/2021 05:45:00;Strada Urbana;VIA AFFILE;in prossimità;;del civico n.;19;;Veicolo in marcia che urta buche nella carreggiata;Rettilineo;Una carreggiata a doppio senso;Bagnato (pioggia);Asfaltata;Assente;Sereno;Normale;Buona;;0;0;0;1;12.6145;41.9353;-1;1;Autovettura privata;In marcia / fermata / arresto;Conducente;M;Illeso;0;;Non accertato;
5725886;5;03/12/2021 06:40:00;Strada Urbana;VIA TIBURTINA;da specificare;;;;fr. civ. 1056;Tamponamento Multiplo;Pendenza;Due carreggiate;Bagnato (umidità in atto);Asfaltata;Verticale ed orizzontale;Nuvoloso;Intenso;Buona;;0;0;0;3;12.5836;41.9325;-1;1;Autovettura privata;In marcia / fermata / arresto;Conducente;F;Illeso;0;;;
5725886;5;03/12/2021 06:40:00;Strada Urbana;VIA TIBURTINA;da specificare;;;;fr. civ. 1056;Tamponamento Multiplo;Pendenza;Due carreggiate;Bagnato (umidità in atto);Asfaltata;Verticale ed orizzontale;Nuvoloso;Intenso;Buona;;0;0;0;3;12.5836;41.9325;-1;2;Autovettura privata;In marcia / fermata / arresto;Conducente;F;Illeso;0;;;
5725886;5;03/12/2021 06:40:00;Strada Urbana;VIA TIBURTINA;da specificare;;;;fr. civ. 1056;Tamponamento Multiplo;Pendenza;Due carreggiate;Bagnato (umidità in atto);Asfaltata;Verticale ed orizzontale;Nuvoloso;Intenso;Buona;;0;0;0;3;12.5836;41.9325;-1;3;Autovettura privata;In marcia / fermata / arresto;Conducente;F;Illeso;0;;;
5725901;10;03/12/2021 17:15:00;Strada Urbana;VIA BERNARDINO ALIMENA;in prossimità;;del civico n.;6;;Scontro laterale fra veicoli in marcia;Rettilineo;Una carreggiata a doppio senso;Asciutto;Asfaltata;Orizzontale;Sereno;Intenso;Buona;;1;0;0;1;12.5973;41.8484;-1;1;Autovettura privata;In marcia / fermata / arresto;Conducente;M;Illeso;0;;;Inesploso
5725901;10;03/12/2021 17:15:00;Strada Urbana;VIA BERNARDINO ALIMENA;in prossimità;;del civico n.;6;;Scontro laterale fra veicoli in marcia;Rettilineo;Una carreggiata a doppio senso;Asciutto;Asfaltata;Orizzontale;Sereno;Intenso;Buona;;1;0;0;1;12.5973;41.8484;-1;2;Motociclo con passeggero;In marcia / fermata / arresto;Conducente;M;Rimandato;0;NON DECEDUTO;;
5725903;5;03/12/2021 08:10:00;Strada Urbana;VIA BELMONTE IN SABINA;da specificare;;;;rampa accesso GRA inversione di marcia Torraccia;Veicolo in marcia che urta buche nella carreggiata;Curva a visuale libera;Due carreggiate;Bagnato (umidità in atto);Asfaltata;Verticale ed orizzontale;Nuvoloso;Intenso;Buona;;0;0;0;1;12.5906;41.9449;-1;1;Autovettura privata;In marcia / fermata / arresto;Conducente;F;Illeso;0;;;
5725909;5;03/12/2021 10:00:00;Strada Urbana;VIA DI PIETRALATA;in corrispondenza;;del civico n.;197;;Veicolo in marcia che urta buche nella carreggiata;Rettilineo;Una carreggiata a doppio senso;Bagnato (umidità in atto);Asfaltata;Verticale;Sereno;Normale;Buona;;0;0;0;1;12.5442;41.926;-1;1;Autovettura privata;In marcia / fermata / arresto;Conducente;M;Illeso;0;;;
5725916;5;03/12/2021 11:35:00;Strada Urbana;VIALE PALMIRO TOGLIATTI;da specificare;;;;rampa immissione Via Tiburtina dir. GRA;Veicolo in marcia che urta buche nella carreggiata;Curva a visuale libera;Una carreggiata a senso unico di marcia;Asciutto;Asfaltata;Verticale;Sereno;Normale;Sufficiente;;0;0;0;1;12.5733;41.9073;-1;1;Motociclo a solo;In marcia / fermata / arresto;Conducente;M;Illeso;0;;Non accertato;
5725923;5;03/12/2021 12:20:00;Strada Urbana;VIA TIBURTINA;da specificare;;;;dir. Tivoli altezza Via Sambuci;Tamponamento;Rettilineo;Due carreggiate;Asciutto;Asfaltata;Verticale ed orizzontale;Sereno;Normale;Buona;;0;0;0;2;12.6125;41.9359;-1;1;Autovettura privata;In marcia / fermata / arresto;Conducente;F;Illeso;0;;Non accertato;Inesploso
5725923;5;03/12/2021 12:20:00;Strada Urbana;VIA TIBURTINA;da specificare;;;;dir. Tivoli altezza Via Sambuci;Tamponamento;Rettilineo;Due carreggiate;Asciutto;Asfaltata;Verticale ed orizzontale;Sereno;Normale;Buona;;0;0;0;2;12.6125;41.9359;-1;2;Autocarro inferiore 35 q.;In marcia / fermata / arresto;Conducente;M;Illeso;0;;Non accertato;Inesploso
5725942;15;03/12/2021 11:30:00;Strada Urbana;VIALE DEI COLLI PORTUENSI;all'intersezione semaforizzata con;VIA PORTUENSE;VIA PORTUENSE;;;Scontro laterale fra veicoli in marcia;Intersezione semaforizzata;Una carreggiata a doppio senso;Asciutto;Asfaltata;Verticale ed orizzontale;Sereno;Normale;Buona;;0;0;0;2;12.4441;41.8666;-1;1;Autovettura privata;In marcia / fermata / arresto;Conducente;F;Illeso;0;;Non accertato;Inesploso
5725942;15;03/12/2021 11:30:00;Strada Urbana;VIALE DEI COLLI PORTUENSI;all'intersezione semaforizzata con;VIA PORTUENSE;VIA PORTUENSE;;;Scontro laterale fra veicoli in marcia;Intersezione semaforizzata;Una carreggiata a doppio senso;Asciutto;Asfaltata;Verticale ed orizzontale;Sereno;Normale;Buona;;0;0;0;2;12.4441;41.8666;-1;2;Autovettura privata;In marcia / fermata / arresto;Conducente;M;Illeso;0;;Non accertato;Inesploso
5725958;6;03/12/2021 14:00:00;Strada Urbana;VIA DI ACQUA BULLICANTE;in prossimità;;del civico n.;85;;Veicolo in marcia contro veicolo in sosta;Rettilineo;Una carreggiata a doppio senso;Asciutto;Asfaltata;Orizzontale;Sereno;Normale;Buona;;0;0;0;1;12.5432;41.8827;-1;1;Autovettura privata;In marcia / fermata / arresto;Conducente;M;Illeso;0;;Non accertato;Inesploso
5725958;6;03/12/2021 14:00:00;Strada Urbana;VIA DI ACQUA BULLICANTE;in prossimità;;del civico n.;85;;Veicolo in marcia contro veicolo in sosta;Rettilineo;Una carreggiata a doppio senso;Asciutto;Asfaltata;Orizzontale;Sereno;Normale;Buona;;0;0;0;1;12.5432;41.8827;-1;2;Autovettura privata;Sosta;;;;;;;
5726046;1;03/12/2021 16:10:00;Strada Urbana;PIAZZA DI PORTA METRONIA;all'intersezione semaforizzata con;LARGO DELL'AMBA ARADAM;LARGO DELL'AMBA ARADAM;;;Scontro laterale fra veicoli in marcia;Intersezione semaforizzata;Una carreggiata a doppio senso;Asciutto;Asfaltata;Verticale ed orizzontale;Sereno;Normale;Buona;;0;0;0;2;12.4984;41.8825;-1;1;Autobus turistico;In marcia / fermata / arresto;Conducente;M;Illeso;0;;Non accertato;Inesploso
5726046;1;03/12/2021 16:10:00;Strada Urbana;PIAZZA DI PORTA METRONIA;all'intersezione semaforizzata con;LARGO DELL'AMBA ARADAM;LARGO DELL'AMBA ARADAM;;;Scontro laterale fra veicoli in marcia;Intersezione semaforizzata;Una carreggiata a doppio senso;Asciutto;Asfaltata;Verticale ed orizzontale;Sereno;Normale;Buona;;0;0;0;2;12.4984;41.8825;-1;2;Autovettura privata;In marcia / fermata / arresto;Conducente;M;Illeso;0;;Non accertato;Inesploso
5726059;12;03/12/2021 17:30:00;Provinciale;VIA LAURENTINA;da specificare;;;;altezza km 9,600 dir roma centro (dentro Gra);Veicolo in marcia che urta buche nella carreggiata;Rettilineo;Due carreggiate;Asciutto;Asfaltata;Verticale ed orizzontale;Sereno;Intenso;Sufficiente;;0;0;0;3;12.4856;41.8103;-1;1;Autovettura privata;In marcia / fermata / arresto;Conducente;M;Illeso;0;;Utilizzato;Inesploso
5726059;12;03/12/2021 17:30:00;Provinciale;VIA LAURENTINA;da specificare;;;;altezza km 9,600 dir roma centro (dentro Gra);Veicolo in marcia che urta buche nella carreggiata;Rettilineo;Due carreggiate;Asciutto;Asfaltata;Verticale ed orizzontale;Sereno;Intenso;Sufficiente;;0;0;0;3;12.4856;41.8103;-1;1;Autovettura privata;In marcia / fermata / arresto;Passeggero;F;Illeso;0;;Utilizzato;
5726059;12;03/12/2021 17:30:00;Provinciale;VIA LAURENTINA;da specificare;;;;altezza km 9,600 dir roma centro (dentro Gra);Veicolo in marcia che urta buche nella carreggiata;Rettilineo;Due carreggiate;Asciutto;Asfaltata;Verticale ed orizzontale;Sereno;Intenso;Sufficiente;;0;0;0;3;12.4856;41.8103;-1;1;Autovettura privata;In marcia / fermata / arresto;Passeggero;F;Illeso;0;;Utilizzato;
5726186;7;03/12/2021 18:50:00;Strada Urbana;VIA DI TOR TRE TESTE;all'intersezione con;VIA WALTER TOBAGI;VIA WALTER TOBAGI;;;Scontro frontale/laterale DX fra veicoli in marcia;Intersezione stradale segnalata;Due carreggiate;Bagnato (umidità in atto);Strada pavimentata dissestata;Verticale ed orizzontale;Sereno;Normale;Insufficiente;;0;0;0;3;12.5933;41.8838;-1;1;Autovettura privata;In marcia / fermata / arresto;Conducente;M;Illeso;0;;;
5726186;7;03/12/2021 18:50:00;Strada Urbana;VIA DI TOR TRE TESTE;all'intersezione con;VIA WALTER TOBAGI;VIA WALTER TOBAGI;;;Scontro frontale/laterale DX fra veicoli in marcia;Intersezione stradale segnalata;Due carreggiate;Bagnato (umidità in atto);Strada pavimentata dissestata;Verticale ed orizzontale;Sereno;Normale;Insufficiente;;0;0;0;3;12.5933;41.8838;-1;1;Autovettura privata;In marcia / fermata / arresto;Passeggero;M;Illeso;0;;Non accertato;Inesploso
5726186;7;03/12/2021 18:50:00;Strada Urbana;VIA DI TOR TRE TESTE;all'intersezione con;VIA WALTER TOBAGI;VIA WALTER TOBAGI;;;Scontro frontale/laterale DX fra veicoli in marcia;Intersezione stradale segnalata;Due carreggiate;Bagnato (umidità in atto);Strada pavimentata dissestata;Verticale ed orizzontale;Sereno;Normale;Insufficiente;;0;0;0;3;12.5933;41.8838;-1;2;Motociclo a solo;In marcia / fermata / arresto;Conducente;M;Illeso;0;;;
5726443;1;03/12/2021 17:10:00;Strada Urbana;VIA CILICIA;da specificare;;;;sottopasso via c. colombo;Tamponamento;Rettilineo;Una carreggiata a senso unico di marcia;Asciutto;Asfaltata;Orizzontale;Sereno;Normale;Buona;;1;0;0;1;12.5015;41.8711;-1;1;Autovettura privata;In marcia / fermata / arresto;Conducente;M;Illeso;0;;;
5726443;1;03/12/2021 17:10:00;Strada Urbana;VIA CILICIA;da specificare;;;;sottopasso via c. colombo;Tamponamento;Rettilineo;Una carreggiata a senso unico di marcia;Asciutto;Asfaltata;Orizzontale;Sereno;Normale;Buona;;1;0;0;1;12.5015;41.8711;-1;2;Autovettura privata;In marcia / fermata / arresto;Conducente;M;Rimandato;0;NON DECEDUTO;;
5726526;1;03/12/2021 23:50:00;Strada Urbana;LARGO DI S. SUSANNA;all'intersezione semaforizzata con;VIA LEONIDA BISSOLATI;VIA LEONIDA BISSOLATI;;;Scontro frontale/laterale DX fra veicoli in marcia;Intersezione semaforizzata;Una carreggiata a doppio senso;Asciutto;Asfaltata;Verticale ed orizzontale;Sereno;Scarso;Sufficiente;;0;0;0;2;12.4932;41.9049;-1;1;Autovettura privata;In marcia / fermata / arresto;Conducente;M;Illeso;0;;Non accertato;Esploso
5726526;1;03/12/2021 23:50:00;Strada Urbana;LARGO DI S. SUSANNA;all'intersezione semaforizzata con;VIA LEONIDA BISSOLATI;VIA LEONIDA BISSOLATI;;;Scontro frontale/laterale DX fra veicoli in marcia;Intersezione semaforizzata;Una carreggiata a doppio senso;Asciutto;Asfaltata;Verticale ed orizzontale;Sereno;Scarso;Sufficiente;;0;0;0;2;12.4932;41.9049;-1;2;Autovettura privata;In marcia / fermata / arresto;Conducente;M;Illeso;0;;Non accertato;Inesploso
5726581;1;03/12/2021 17:15:00;Strada Urbana;VIA CAMPANIA;all'intersezione con;VIA MARCHE;VIA MARCHE;;;Scontro frontale/laterale DX fra veicoli in marcia;Incrocio;Una carreggiata a senso unico di marcia;Asciutto;Asfaltata;Verticale ed orizzontale;Sereno;Normale;Sufficiente;;1;0;0;2;12.4924;41.9105;-1;1;Autovettura privata;In marcia / fermata / arresto;Conducente;M;Illeso;0;;;
5726581;1;03/12/2021 17:15:00;Strada Urbana;VIA CAMPANIA;all'intersezione con;VIA MARCHE;VIA MARCHE;;;Scontro frontale/laterale DX fra veicoli in marcia;Incrocio;Una carreggiata a senso unico di marcia;Asciutto;Asfaltata;Verticale ed orizzontale;Sereno;Normale;Sufficiente;;1;0;0;2;12.4924;41.9105;-1;1;Autovettura privata;In marcia / fermata / arresto;Passeggero;M;Illeso;0;;;
5726581;1;03/12/2021 17:15:00;Strada Urbana;VIA CAMPANIA;all'intersezione con;VIA MARCHE;VIA MARCHE;;;Scontro frontale/laterale DX fra veicoli in marcia;Incrocio;Una carreggiata a senso unico di marcia;Asciutto;Asfaltata;Verticale ed orizzontale;Sereno;Normale;Sufficiente;;1;0;0;2;12.4924;41.9105;-1;2;Autovettura pubblica;In marcia / fermata / arresto;Conducente;M;Rimandato;0;NON DECEDUTO;;
5726586;15;03/12/2021 14:45:00;Strada Urbana;VIA DELLA PISANA;da specificare;;;;fronte civico 475;Veicolo in marcia contro ostacolo fisso;Rettilineo;Una carreggiata a doppio senso;Asciutto;Asfaltata;Assente;Sereno;Normale;Buona;;1;0;0;0;12.389;41.8577;-1;1;Motociclo a solo;In marcia / fermata / arresto;Conducente;M;Rimandato;0;NON DECEDUTO;Non accertato;
5726597;15;03/12/2021 15:35:00;Strada Urbana;VIALE ISACCO NEWTON;da specificare;;;;PROSS. CAVALCAVIA VIA PORTUENSE DIR. EUR;Scontro laterale fra veicoli in marcia;Rettilineo;Due carreggiate;Asciutto;Asfaltata;Verticale ed orizzontale;Sereno;Intenso;Buona;;0;0;0;2;12.4427;41.8481;-1;1;Autovettura privata;In marcia / fermata / arresto;Conducente;M;Illeso;0;;Non accertato;Inesistente
5726597;15;03/12/2021 15:35:00;Strada Urbana;VIALE ISACCO NEWTON;da specificare;;;;PROSS. CAVALCAVIA VIA PORTUENSE DIR. EUR;Scontro laterale fra veicoli in marcia;Rettilineo;Due carreggiate;Asciutto;Asfaltata;Verticale ed orizzontale;Sereno;Intenso;Buona;;0;0;0;2;12.4427;41.8481;-1;2;Motociclo a solo;In marcia / fermata / arresto;Conducente;M;Illeso;0;;Non accertato;