Protocollo;Gruppo;DataOraIncidente;Localizzazione1;STRADA1;Localizzazione2;STRADA2;Strada02;Chilometrica;DaSpecificare;NaturaIncidente;particolaritastrade;TipoStrada;FondoStradale;Pavimentazione;Segnaletica;CondizioneAtmosferica;Traffico;Visibilita;Illuminazione;NUM_FERITI;NUM_RISERVATA;NUM_MORTI;NUM_ILLESI;Longitude;Latitude;Confermato;Progressivo;TipoVeicolo;StatoVeicolo;TipoPersona;Sesso;Tipolesione;Deceduto;DecedutoDopo;CinturaCascoUtilizzato;Airbag;
5729456;1;05/12/2021 02:10:00;Strada Urbana;LUNGOTEVERE DE' CENCI;all'intersezione con;VIA ARENULA;VIA ARENULA;;;Scontro frontale/laterale DX fra veicoli in marcia;Incrocio;Una carreggiata a senso unico di marcia;Bagnato (pioggia);Asfaltata;Verticale ed orizzontale;Pioggia in atto;Normale;Buona;;0;0;0;6;12.4749;41.8918;-1;2;Autovettura privata;In marcia / fermata / arresto;Conducente;M;Illeso;0;;;
5729456;1;05/12/2021 02:10:00;Strada Urbana;LUNGOTEVERE DE' CENCI;all'intersezione con;VIA ARENULA;VIA ARENULA;;;Scontro frontale/laterale DX fra veicoli in marcia;Incrocio;Una carreggiata a senso unico di marcia;Bagnato (pioggia);Asfaltata;Verticale ed orizzontale;Pioggia in atto;Normale;Buona;;0;0;0;6;12.4749;41.8918;-1;2;Autovettura privata;In marcia / fermata / arresto;Passeggero;F;Illeso;0;;;
5729459;7;04/12/2021 22:35:00;Strada Urbana;VIA PRENESTINA;in prossimità;;del civico n.;670;;Tamponamento;Rettilineo;Una carreggiata a doppio senso;Bagnato (pioggia);Asfaltata;Verticale ed orizzontale;Pioggia in atto;Scarso;Sufficiente;;2;1;0;0;12.5852;41.8937;-1;1;Autovettura privata;In marcia / fermata / arresto;Conducente;M;Rimandato;0;NON DECEDUTO;Non accertato;Inesploso
5729459;7;04/12/2021 22:35:00;Strada Urbana;VIA PRENESTINA;in prossimità;;del civico n.;670;;Tamponamento;Rettilineo;Una carreggiata a doppio senso;Bagnato (pioggia);Asfaltata;Verticale ed orizzontale;Pioggia in atto;Scarso;Sufficiente;;2;1;0;0;12.5852;41.8937;-1;1;Autovettura privata;In marcia / fermata / arresto;Passeggero;F;Rimandato;0;NON DECEDUTO;Non accertato;Inesploso
5729459;7;04/12/2021 22:35:00;Strada Urbana;VIA PRENESTINA;in prossimità;;del civico n.;670;;Tamponamento;Rettilineo;Una carreggiata a doppio senso;Bagnato (pioggia);Asfaltata;Verticale ed orizzontale;Pioggia in atto;Scarso;Sufficiente;;2;1;0;0;12.5852;41.8937;-1;2;Autovettura privata;In marcia / fermata / arresto;Conducente;M;Prognosi riservata;0;NON DECEDUTO;Non accertato;Inesploso
5729483;12;03/12/2021 18:15:00;Provinciale;VIA DELLA STAZIONE DI PAVONA;in corrispondenza;;del civico n.;126;;Tamponamento;Pendenza;Una carreggiata a doppio senso;Bagnato (pioggia);Asfaltata;Verticale ed orizzontale;Nuvoloso;Normale;Insufficiente;;1;0;0;0;12.5945;41.721;-1;1;Autovettura privata;Allontanatosi;;;;;;;
5729483;12;03/12/2021 18:15:00;Provinciale;VIA DELLA STAZIONE DI PAVONA;in corrispondenza;;del civico n.;126;;Tamponamento;Pendenza;Una carreggiata a doppio senso;Bagnato (pioggia);Asfaltata;Verticale ed orizzontale;Nuvoloso;Normale;Insufficiente;;1;0;0;0;12.5945;41.721;-1;2;Velocipede;In marcia / fermata / arresto;Conducente;M;Rimandato;0;NON DECEDUTO;Esente;
5729493;1;05/12/2021 04:45:00;Strada Urbana;PIAZZA DI S. CROCE IN GERUSALEMME;da specificare;;;;fronte civico 2;Veicolo in marcia contro ostacolo fisso;Rettilineo;Più di due carreggiate;Bagnato (pioggia);Asfaltata;Verticale ed orizzontale;Pioggia in atto;Scarso;Sufficiente;;2;0;0;0;12.5148;41.8887;-1;1;Autovettura privata;In marcia / fermata / arresto;Conducente;M;Rimandato;0;NON DECEDUTO;Non accertato;Esploso
5729493;1;05/12/2021 04:45:00;Strada Urbana;PIAZZA DI S. CROCE IN GERUSALEMME;da specificare;;;;fronte civico 2;Veicolo in marcia contro ostacolo fisso;Rettilineo;Più di due carreggiate;Bagnato (pioggia);Asfaltata;Verticale ed orizzontale;Pioggia in atto;Scarso;Sufficiente;;2;0;0;0;12.5148;41.8887;-1;1;Autovettura privata;In marcia / fermata / arresto;Passeggero;M;Rimandato;0;NON DECEDUTO;Non accertato;Esploso
5729498;13;05/12/2021 01:05:00;Strada Urbana;VIA DEI MACCARI;in corrispondenza;;del civico n.;77;;Veicolo in marcia contro veicoli in sosta;Rettilineo;Una carreggiata a doppio senso;Asciutto;Asfaltata;Orizzontale;Nuvoloso;Scarso;Buona;;1;0;0;0;12.578;41.8046;-1;1;Autovettura privata;In marcia / fermata / arresto;Conducente;M;Rimandato;0;NON DECEDUTO;;
5729498;13;05/12/2021 01:05:00;Strada Urbana;VIA DEI MACCARI;in corrispondenza;;del civico n.;77;;Veicolo in marcia contro veicoli in sosta;Rettilineo;Una carreggiata a doppio senso;Asciutto;Asfaltata;Orizzontale;Nuvoloso;Scarso;Buona;;1;0;0;0;12.578;41.8046;-1;2;Autovettura privata;Sosta;;;;;;;
5729498;13;05/12/2021 01:05:00;Strada Urbana;VIA DEI MACCARI;in corrispondenza;;del civico n.;77;;Veicolo in marcia contro veicoli in sosta;Rettilineo;Una carreggiata a doppio senso;Asciutto;Asfaltata;Orizzontale;Nuvoloso;Scarso;Buona;;1;0;0;0;12.578;41.8046;-1;3;Autovettura privata;Sosta;;;;;;;
5729498;13;05/12/2021 01:05:00;Strada Urbana;VIA DEI MACCARI;in corrispondenza;;del civico n.;77;;Veicolo in marcia contro veicoli in sosta;Rettilineo;Una carreggiata a doppio senso;Asciutto;Asfaltata;Orizzontale;Nuvoloso;Scarso;Buona;;1;0;0;0;12.578;41.8046;-1;4;Autovettura privata;Sosta;;;;;;;
5729499;13;03/12/2021 23:00:00;Strada Urbana;VIA MAR DEI CORALLI;all'intersezione con;VIA DEI PESCATORI;VIA DEI PESCATORI;;;Scontro frontale/laterale SX fra veicoli in marcia;Incrocio;Una carreggiata a doppio senso;Asciutto;Asfaltata;Orizzontale;Sereno;Scarso;Buona;;1;0;0;1;12.3015;41.7297;-1;1;Autovettura privata;In marcia / fermata / arresto;Conducente;M;Illeso;0;;Non accertato;Inesploso
5729499;13;03/12/2021 23:00:00;Strada Urbana;VIA MAR DEI CORALLI;all'intersezione con;VIA DEI PESCATORI;VIA DEI PESCATORI;;;Scontro frontale/laterale SX fra veicoli in marcia;Incrocio;Una carreggiata a doppio senso;Asciutto;Asfaltata;Orizzontale;Sereno;Scarso;Buona;;1;0;0;1;12.3015;41.7297;-1;2;Autovettura privata;In marcia / fermata / arresto;Conducente;M;Rimandato;0;NON DECEDUTO;;
5729506;13;04/12/2021 11:50:00;Strada Urbana;CORSO DUCA DI GENOVA;all'intersezione con;VIA DELLE SIRENE;VIA DELLE SIRENE;;;Scontro frontale/laterale DX fra veicoli in marcia;Incrocio;Una carreggiata a doppio senso;Asciutto;Asfaltata;Verticale ed orizzontale;Sereno;Normale;Buona;;0;0;0;2;12.2715;41.7339;-1;1;Motociclo a solo;In marcia / fermata / arresto;Conducente;M;Illeso;0;;Non accertato;
5729506;13;04/12/2021 11:50:00;Strada Urbana;CORSO DUCA DI GENOVA;all'intersezione con;VIA DELLE SIRENE;VIA DELLE SIRENE;;;Scontro frontale/laterale DX fra veicoli in marcia;Incrocio;Una carreggiata a doppio senso;Asciutto;Asfaltata;Verticale ed orizzontale;Sereno;Normale;Buona;;0;0;0;2;12.2715;41.7339;-1;2;Autovettura privata;In marcia / fermata / arresto;Conducente;F;Illeso;0;;Non accertato;Inesploso
5729509;3;04/12/2021 02:30:00;Strada Urbana;VIA GIOVANNI ROSINI;all'intersezione semaforizzata con;VIA ANTONIO BERTOLONI;VIA ANTONIO BERTOLONI;;;Scontro laterale fra veicoli in marcia;Incrocio;Più di due carreggiate;Asciutto;Asfaltata;Verticale ed orizzontale;Sereno;Scarso;Sufficiente;;1;0;0;1;12.6212;41.8658;-1;1;Autovettura privata;In marcia / fermata / arresto;Conducente;F;Illeso;0;;;
5729509;3;04/12/2021 02:30:00;Strada Urbana;VIA GIOVANNI ROSINI;all'intersezione semaforizzata con;VIA ANTONIO BERTOLONI;VIA ANTONIO BERTOLONI;;;Scontro laterale fra veicoli in marcia;Incrocio;Più di due carreggiate;Asciutto;Asfaltata;Verticale ed orizzontale;Sereno;Scarso;Sufficiente;;1;0;0;1;12.6212;41.8658;-1;2;Motociclo a solo;In marcia / fermata / arresto;Conducente;M;Rimandato;0;NON DECEDUTO;;
5729517;10;06/12/2021 10:00:00;Strada Urbana;VIA PIETRO ROMANO;in corrispondenza;;del civico n.;70;;Tamponamento;Rettilineo;Una carreggiata a doppio senso;Asciutto;Asfaltata;Verticale ed orizzontale;Nuvoloso;Normale;Buona;;0;0;0;2;12.5766;41.8699;-1;1;Autovettura privata;In marcia / fermata / arresto;Conducente;M;Illeso;0;;Non accertato;Inesploso
5729517;10;06/12/2021 10:00:00;Strada Urbana;VIA PIETRO ROMANO;in corrispondenza;;del civico n.;70;;Tamponamento;Rettilineo;Una carreggiata a doppio senso;Asciutto;Asfaltata;Verticale ed orizzontale;Nuvoloso;Normale;Buona;;0;0;0;2;12.5766;41.8699;-1;1;Autovettura privata;In marcia / fermata / arresto;Passeggero;F;Illeso;0;;Non accertato;Inesploso
5729517;10;06/12/2021 10:00:00;Strada Urbana;VIA PIETRO ROMANO;in corrispondenza;;del civico n.;70;;Tamponamento;Rettilineo;Una carreggiata a doppio senso;Asciutto;Asfaltata;Verticale ed orizzontale;Nuvoloso;Normale;Buona;;0;0;0;2;12.5766;41.8699;-1;2;Autovettura privata;In marcia / fermata / arresto;;;;;;;
5729518;13;04/12/2021 12:00:00;Strada Urbana;VIA OSTIENSE;in corrispondenza;;del civico n.;2359;;Scontro laterale fra veicoli in marcia;Rettilineo;Una carreggiata a doppio senso;Asciutto;Asfaltata;Verticale;Sereno;Normale;Buona;;0;0;0;6;12.3128;41.7642;-1;1;Autovettura privata;In marcia / fermata / arresto;Conducente;M;Illeso;0;;Non accertato;Inesploso
5729518;13;04/12/2021 12:00:00;Strada Urbana;VIA OSTIENSE;in corrispondenza;;del civico n.;2359;;Scontro laterale fra veicoli in marcia;Rettilineo;Una carreggiata a doppio senso;Asciutto;Asfaltata;Verticale;Sereno;Normale;Buona;;0;0;0;6;12.3128;41.7642;-1;1;Autovettura privata;In marcia / fermata / arresto;Passeggero;F;Illeso;0;;Non accertato;Inesploso
5729518;13;04/12/2021 12:00:00;Strada Urbana;VIA OSTIENSE;in corrispondenza;;del civico n.;2359;;Scontro laterale fra veicoli in marcia;Rettilineo;Una carreggiata a doppio senso;Asciutto;Asfaltata;Verticale;Sereno;Normale;Buona;;0;0;0;6;12.3128;41.7642;-1;2;Autovettura privata;In marcia / fermata / arresto;Conducente;M;Illeso;0;;Non accertato;Inesploso
5729518;13;04/12/2021 12:00:00;Strada Urbana;VIA OSTIENSE;in corrispondenza;;del civico n.;2359;;Scontro laterale fra veicoli in marcia;Rettilineo;Una carreggiata a doppio senso;Asciutto;Asfaltata;Verticale;Sereno;Normale;Buona;;0;0;0;6;12.3128;41.7642;-1;2;Autovettura privata;In marcia / fermata / arresto;Passeggero;F;Illeso;0;;Non accertato;Inesploso
5729518;13;04/12/2021 12:00:00;Strada Urbana;VIA OSTIENSE;in corrispondenza;;del civico n.;2359;;Scontro laterale fra veicoli in marcia;Rettilineo;Una carreggiata a doppio senso;Asciutto;Asfaltata;Verticale;Sereno;Normale;Buona;;0;0;0;6;12.3128;41.7642;-1;2;Autovettura privata;In marcia / fermata / arresto;Passeggero;F;Illeso;0;;Non accertato;Inesploso
5729518;13;04/12/2021 12:00:00;Strada Urbana;VIA OSTIENSE;in corrispondenza;;del civico n.;2359;;Scontro laterale fra veicoli in marcia;Rettilineo;Una carreggiata a doppio senso;Asciutto;Asfaltata;Verticale;Sereno;Normale;Buona;;0;0;0;6;12.3128;41.7642;-1;2;Autovettura privata;In marcia / fermata / arresto;Passeggero;F;Illeso;0;;Non accertato;Inesploso
5729519;3;04/12/2021 11:15:00;Strada Urbana;PIAZZALE DEL VERANO;in corrispondenza;;del civico n.;90;;Veicolo in marcia contro veicolo in sosta;Rettilineo;Una carreggiata a doppio senso;Asciutto;Asfaltata;Verticale ed orizzontale;Nuvoloso;Normale;Buona;;0;0;0;1;12.5176;41.9;-1;1;Autovettura privata;In marcia / fermata / arresto;Conducente;F;Illeso;0;;;
5729519;3;04/12/2021 11:15:00;Strada Urbana;PIAZZALE DEL VERANO;in corrispondenza;;del civico n.;90;;Veicolo in marcia contro veicolo in sosta;Rettilineo;Una carreggiata a doppio senso;Asciutto;Asfaltata;Verticale ed orizzontale;Nuvoloso;Normale;Buona;;0;0;0;1;12.5176;41.9;-1;2;Autocarro inferiore 35 q.;Sosta;;;;;;;
5729520;17;04/12/2021 17:35:00;Strada Urbana;VIA COLA DI RIENZO;all'intersezione con;VIA ALESSANDRO FARNESE;VIA ALESSANDRO FARNESE;;;Investimento di pedone;Incrocio;Una carreggiata a doppio senso;Bagnato (pioggia);Asfaltata;Verticale ed orizzontale;Nuvoloso;Normale;Sufficiente;;1;0;0;2;12.4652;41.908;-1;;;;Pedone;M;Rimandato;0;NON DECEDUTO;;
5729520;17;04/12/2021 17:35:00;Strada Urbana;VIA COLA DI RIENZO;all'intersezione con;VIA ALESSANDRO FARNESE;VIA ALESSANDRO FARNESE;;;Investimento di pedone;Incrocio;Una carreggiata a doppio senso;Bagnato (pioggia);Asfaltata;Verticale ed orizzontale;Nuvoloso;Normale;Sufficiente;;1;0;0;2;12.4652;41.908;-1;1;Motociclo con passeggero;In marcia / fermata / arresto;Conducente;M;Illeso;0;;;
5729520;17;04/12/2021 17:35:00;Strada Urbana;VIA COLA DI RIENZO;all'intersezione con;VIA ALESSANDRO FARNESE;VIA ALESSANDRO FARNESE;;;Investimento di pedone;Incrocio;Una carreggiata a doppio senso;Bagnato (pioggia);Asfaltata;Verticale ed orizzontale;Nuvoloso;Normale;Sufficiente;;1;0;0;2;12.4652;41.908;-1;1;Motociclo con passeggero;In marcia / fermata / arresto;Passeggero;M;Illeso;0;;;
5729524;7;05/12/2021 19:10:00;Strada Urbana;VIA DI TOR TRE TESTE;in prossimità;;del palo luce n.;100;;Veicolo in marcia contro ostacolo accidentale;Rettilineo;Una carreggiata a doppio senso;Asciutto;Asfaltata;Orizzontale;Sereno;Normale;Buona;;0;0;0;4;12.5917;41.8811;-1;1;Autovettura privata;In marcia / fermata / arresto;Conducente;M;Illeso;0;;;
5729524;7;05/12/2021 19:10:00;Strada Urbana;VIA DI TOR TRE TESTE;in prossimità;;del palo luce n.;100;;Veicolo in marcia contro ostacolo accidentale;Rettilineo;Una carreggiata a doppio senso;Asciutto;Asfaltata;Orizzontale;Sereno;Normale;Buona;;0;0;0;4;12.5917;41.8811;-1;1;Autovettura privata;In marcia / fermata / arresto;Passeggero;F;Illeso;0;;;
5729524;7;05/12/2021 19:10:00;Strada Urbana;VIA DI TOR TRE TESTE;in prossimità;;del palo luce n.;100;;Veicolo in marcia contro ostacolo accidentale;Rettilineo;Una carreggiata a doppio senso;Asciutto;Asfaltata;Orizzontale;Sereno;Normale;Buona;;0;0;0;4;12.5917;41.8811;-1;1;Autovettura privata;In marcia / fermata / arresto;Passeggero;F;Illeso;0;;;
5729524;7;05/12/2021 19:10:00;Strada Urbana;VIA DI TOR TRE TESTE;in prossimità;;del palo luce n.;100;;Veicolo in marcia contro ostacolo accidentale;Rettilineo;Una carreggiata a doppio senso;Asciutto;Asfaltata;Orizzontale;Sereno;Normale;Buona;;0;0;0;4;12.5917;41.8811;-1;1;Autovettura privata;In marcia / fermata / arresto;Passeggero;F;Illeso;0;;;
5729531;3;04/12/2021 13:00:00;Strada Urbana;CIRCONVALLAZIONE TIBURTINA;da specificare;;;;in prossità svincolo per A24;Scontro frontale/laterale DX fra veicoli in marcia;Rettilineo;Una carreggiata a senso unico di marcia;Asciutto;Asfaltata;Verticale;Sereno;Normale;Buona;;0;0;0;2;12.5268;41.8986;-1;1;Autovettura privata;In marcia / fermata / arresto;Conducente;M;Illeso;0;;Non accertato;Inesploso
5729531;3;04/12/2021 13:00:00;Strada Urbana;CIRCONVALLAZIONE TIBURTINA;da specificare;;;;in prossità svincolo per A24;Scontro frontale/laterale DX fra veicoli in marcia;Rettilineo;Una carreggiata a senso unico di marcia;Asciutto;Asfaltata;Verticale;Sereno;Normale;Buona;;0;0;0;2;12.5268;41.8986;-1;2;Autovettura privata;In marcia / fermata / arresto;Conducente;F;Illeso;0;;Non accertato;Inesploso
5729537;12;05/12/2021 17:50:00;Provinciale entro l'abitato;VIA OSTIENSE;da specificare;;;;DIR. OSTIA 500M DOPO V. FOSSO DEL TORRINO;Veicolo in marcia che urta buche nella carreggiata;Rettilineo;Una carreggiata a doppio senso;Bagnato (pioggia);Con buche;Assente;Nuvoloso;Normale;Insufficiente;;0;0;0;2;12.4229;41.8109;-1;1;Autovettura privata;In marcia / fermata / arresto;Conducente;F;Illeso;0;;Non accertato;Esploso
5729537;12;05/12/2021 17:50:00;Provinciale entro l'abitato;VIA OSTIENSE;da specificare;;;;DIR. OSTIA 500M DOPO V. FOSSO DEL TORRINO;Veicolo in marcia che urta buche nella carreggiata;Rettilineo;Una carreggiata a doppio senso;Bagnato (pioggia);Con buche;Assente;Nuvoloso;Normale;Insufficiente;;0;0;0;2;12.4229;41.8109;-1;1;Autovettura privata;In marcia / fermata / arresto;Passeggero;M;Illeso;0;;Non accertato;Inesploso
5729540;3;04/12/2021 20:35:00;Strada Urbana;VIA TIBURTINA;in prossimità;;del civico n.;263;;Tamponamento;Rettilineo;Più di due carreggiate;Bagnato (pioggia);Asfaltata;Verticale ed orizzontale;Pioggia in atto;Normale;Sufficiente;;0;0;0;3;12.5236;41.9074;0;1;Autovettura privata;In marcia / fermata / arresto;Conducente;F;Illeso;0;;;
5729540;3;04/12/2021 20:35:00;Strada Urbana;VIA TIBURTINA;in prossimità;;del civico n.;263;;Tamponamento;Rettilineo;Più di due carreggiate;Bagnato (pioggia);Asfaltata;Verticale ed orizzontale;Pioggia in atto;Normale;Sufficiente;;0;0;0;3;12.5236;41.9074;0;2;Autovettura privata;In marcia / fermata / arresto;Conducente;M;Illeso;0;;;
5729540;3;04/12/2021 20:35:00;Strada Urbana;VIA TIBURTINA;in prossimità;;del civico n.;263;;Tamponamento;Rettilineo;Più di due carreggiate;Bagnato (pioggia);Asfaltata;Verticale ed orizzontale;Pioggia in atto;Normale;Sufficiente;;0;0;0;3;12.5236;41.9074;0;2;Autovettura privata;In marcia / fermata / arresto;Passeggero;F;Illeso;0;;;
5729551;12;04/12/2021 12:15:00;Provinciale;VIA ARDEATINA;da specificare;;;;km 16 direzione Roma;Fuoriuscita dalla sede stradale;Rettilineo;Una carreggiata a doppio senso;Asciutto;Asfaltata;Verticale ed orizzontale;Sereno;Normale;Sufficiente;;1;0;0;0;12.5255;41.8131;-1;1;Motociclo a solo;In marcia / fermata / arresto;Conducente;M;Rimandato;0;NON DECEDUTO;;
5729557;18;03/12/2021 13:30:00;Strada Urbana;VIA NAZARETH;in corrispondenza;;del civico n.;450;;Scontro frontale/laterale DX fra veicoli in marcia;Rettilineo;Una carreggiata a doppio senso;Asciutto;Asfaltata;Verticale ed orizzontale;Sereno;Normale;Buona;;0;0;0;2;12.3953;41.8992;-1;1;Motociclo a solo;In marcia / fermata / arresto;Conducente;M;Illeso;0;;Non accertato;
5729557;18;03/12/2021 13:30:00;Strada Urbana;VIA NAZARETH;in corrispondenza;;del civico n.;450;;Scontro frontale/laterale DX fra veicoli in marcia;Rettilineo;Una carreggiata a doppio senso;Asciutto;Asfaltata;Verticale ed orizzontale;Sereno;Normale;Buona;;0;0;0;2;12.3953;41.8992;-1;2;Autovettura privata;Allontanatosi;Conducente;M;Illeso;0;;;
5729559;3;05/12/2021 20:45:00;Strada Urbana;VIA GIOVANNI BATTISTA DE ROSSI;in corrispondenza;;del civico n.;27;;Veicolo in marcia contro veicoli in sosta;Rettilineo;Una carreggiata a senso unico di marcia;Asciutto;Asfaltata;Verticale ed orizzontale;Sereno;Scarso;Buona;;0;0;0;1;12.517;41.9164;0;1;Autovettura privata;In marcia / fermata / arresto;Conducente;M;Illeso;0;;;
5729559;3;05/12/2021 20:45:00;Strada Urbana;VIA GIOVANNI BATTISTA DE ROSSI;in corrispondenza;;del civico n.;27;;Veicolo in marcia contro veicoli in sosta;Rettilineo;Una carreggiata a senso unico di marcia;Asciutto;Asfaltata;Verticale ed orizzontale;Sereno;Scarso;Buona;;0;0;0;1;12.517;41.9164;0;2;Autovettura privata;Sosta;;;;;;;
5729559;3;05/12/2021 20:45:00;Strada Urbana;VIA GIOVANNI BATTISTA DE ROSSI;in corrispondenza;;del civico n.;27;;Veicolo in marcia contro veicoli in sosta;Rettilineo;Una carreggiata a senso unico di marcia;Asciutto;Asfaltata;Verticale ed orizzontale;Sereno;Scarso;Buona;;0;0;0;1;12.517;41.9164;0;3;Autovettura privata;Sosta;;;;;;;
5729559;3;05/12/2021 20:45:00;Strada Urbana;VIA GIOVANNI BATTISTA DE ROSSI;in corrispondenza;;del civico n.;27;;Veicolo in marcia contro veicoli in sosta;Rettilineo;Una carreggiata a senso unico di marcia;Asciutto;Asfaltata;Verticale ed orizzontale;Sereno;Scarso;Buona;;0;0;0;1;12.517;41.9164;0;4;Autovettura privata;Sosta;;;;;;;
5729559;3;05/12/2021 20:45:00;Strada Urbana;VIA GIOVANNI BATTISTA DE ROSSI;in corrispondenza;;del civico n.;27;;Veicolo in marcia contro veicoli in sosta;Rettilineo;Una carreggiata a senso unico di marcia;Asciutto;Asfaltata;Verticale ed orizzontale;Sereno;Scarso;Buona;;0;0;0;1;12.517;41.9164;0;5;Autovettura privata;Sosta;;;;;;;
5729559;3;05/12/2021 20:45:00;Strada Urbana;VIA GIOVANNI BATTISTA DE ROSSI;in corrispondenza;;del civico n.;27;;Veicolo in marcia contro veicoli in sosta;Rettilineo;Una carreggiata a senso unico di marcia;Asciutto;Asfaltata;Verticale ed orizzontale;Sereno;Scarso;Buona;;0;0;0;1;12.517;41.9164;0;6;Autovettura privata;Sosta;;;;;;;
5729559;3;05/12/2021 20:45:00;Strada Urbana;VIA GIOVANNI BATTISTA DE ROSSI;in corrispondenza;;del civico n.;27;;Veicolo in marcia contro veicoli in sosta;Rettilineo;Una carreggiata a senso unico di marcia;Asciutto;Asfaltata;Verticale ed orizzontale;Sereno;Scarso;Buona;;0;0;0;1;12.517;41.9164;0;7;Autovettura privata;Sosta;;;;;;;
5729562;7;05/12/2021 19:10:00;Strada Urbana;VIA DI TOR TRE TESTE;in prossimità;;del palo luce n.;100;;Veicolo in marcia che urta buche nella carreggiata;Rettilineo;Una carreggiata a doppio senso;Asciutto;Asfaltata;Orizzontale;Sereno;Normale;Buona;;0;0;0;1;12.5917;41.8811;-1;1;Autovettura privata;In marcia / fermata / arresto;Conducente;M;Illeso;0;;;
5729571;18;04/12/2021 10:20:00;Strada Urbana;VIA DI VAL CANNUTA;in prossimità;;del civico n.;249;;Tamponamento;Rettilineo;Una carreggiata a doppio senso;Asciutto;Asfaltata;Verticale ed orizzontale;Sereno;Scarso;Buona;;1;0;0;1;;;0;1;Autovettura privata;In marcia / fermata / arresto;Conducente;F;Rimandato;0;NON DECEDUTO;;
5729571;18;04/12/2021 10:20:00;Strada Urbana;VIA DI VAL CANNUTA;in prossimità;;del civico n.;249;;Tamponamento;Rettilineo;Una carreggiata a doppio senso;Asciutto;Asfaltata;Verticale ed orizzontale;Sereno;Scarso;Buona;;1;0;0;1;;;0;2;Autobus di linea;In marcia / fermata / arresto;Conducente;M;Illeso;0;;;
5729583;7;06/12/2021 06:30:00;Strada Urbana;VIA DEI CASTANI;all'intersezione con;VIA DEI FAGGI;VIA DEI FAGGI;;;Scontro frontale/laterale SX fra veicoli in marcia;Incrocio;Una carreggiata a doppio senso;Asciutto;Asfaltata;Verticale ed orizzontale;Nuvoloso;Normale;Sufficiente;;1;0;0;2;12.5669;41.8841;-1;1;Autovettura privata;In marcia / fermata / arresto;Conducente;M;Illeso;0;;Non accertato;Inesploso
5729583;7;06/12/2021 06:30:00;Strada Urbana;VIA DEI CASTANI;all'intersezione con;VIA DEI FAGGI;VIA DEI FAGGI;;;Scontro frontale/laterale SX fra veicoli in marcia;Incrocio;Una carreggiata a doppio senso;Asciutto;Asfaltata;Verticale ed orizzontale;Nuvoloso;Normale;Sufficiente;;1;0;0;2;12.5669;41.8841;-1;1;Autovettura privata;In marcia / fermata / arresto;Passeggero;F;Illeso;0;;Non accertato;Inesploso
5729583;7;06/12/2021 06:30:00;Strada Urbana;VIA DEI CASTANI;all'intersezione con;VIA DEI FAGGI;VIA DEI FAGGI;;;Scontro frontale/laterale SX fra veicoli in marcia;Incrocio;Una carreggiata a doppio senso;Asciutto;Asfaltata;Verticale ed orizzontale;Nuvoloso;Normale;Sufficiente;;1;0;0;2;12.5669;41.8841;-1;2;Autovettura privata;In marcia / fermata / arresto;Conducente;F;Rimandato;0;NON DECEDUTO;Non accertato;Inesploso
5729598;3;05/12/2021 10:20:00;Strada Urbana;VIA LAZZARO SPALLANZANI;all'intersezione semaforizzata con;VIA ANTONIO MUSA;VIA ANTONIO MUSA;;;Scontro frontale/laterale DX fra veicoli in marcia;Incrocio;Una carreggiata a doppio senso;Asciutto;Asfaltata;Verticale ed orizzontale;Nuvoloso;Normale;Buona;;0;0;0;2;12.5107;41.9125;-1;1;Autovettura privata;In marcia / fermata / arresto;Conducente;F;Illeso;0;;;
5729598;3;05/12/2021 10:20:00;Strada Urbana;VIA LAZZARO SPALLANZANI;all'intersezione semaforizzata con;VIA ANTONIO MUSA;VIA ANTONIO MUSA;;;Scontro frontale/laterale DX fra veicoli in marcia;Incrocio;Una carreggiata a doppio senso;Asciutto;Asfaltata;Verticale ed orizzontale;Nuvoloso;Normale;Buona;;0;0;0;2;12.5107;41.9125;-1;2;Autovettura privata;In marcia / fermata / arresto;Conducente;M;Illeso;0;;;
5729598;3;05/12/2021 10:20:00;Strada Urbana;VIA LAZZARO SPALLANZANI;all'intersezione semaforizzata con;VIA ANTONIO MUSA;VIA ANTONIO MUSA;;;Scontro frontale/laterale DX fra veicoli in marcia;Incrocio;Una carreggiata a doppio senso;Asciutto;Asfaltata;Verticale ed orizzontale;Nuvoloso;Normale;Buona;;0;0;0;2;12.5107;41.9125;-1;3;Autovettura privata;Sosta;;;;;;;
5729598;3;05/12/2021 10:20:00;Strada Urbana;VIA LAZZARO SPALLANZANI;all'intersezione semaforizzata con;VIA ANTONIO MUSA;VIA ANTONIO MUSA;;;Scontro frontale/laterale DX fra veicoli in marcia;Incrocio;Una carreggiata a doppio senso;Asciutto;Asfaltata;Verticale ed orizzontale;Nuvoloso;Normale;Buona;;0;0;0;2;12.5107;41.9125;-1;4;Quadriciclo leggero;Sosta;;;;;;;
5729598;3;05/12/2021 10:20:00;Strada Urbana;VIA LAZZARO SPALLANZANI;all'intersezione semaforizzata con;VIA ANTONIO MUSA;VIA ANTONIO MUSA;;;Scontro frontale/laterale DX fra veicoli in marcia;Incrocio;Una carreggiata a doppio senso;Asciutto;Asfaltata;Verticale ed orizzontale;Nuvoloso;Normale;Buona;;0;0;0;2;12.5107;41.9125;-1;5;Autovettura privata;Sosta;;;;;;;
5729618;12;04/12/2021 18:00:00;Provinciale;VIA DELLA STAZIONE DI PAVONA;da specificare;;;;altezza Via Castel Baronia;Scontro frontale fra veicoli in marcia;Rettilineo;Una carreggiata a doppio senso;Bagnato (pioggia);Asfaltata;Verticale;Pioggia in atto;Normale;Buona;;3;0;0;0;12.596;41.721;-1;1;Autovettura privata;In marcia / fermata / arresto;Conducente;M;Rimandato;0;NON DECEDUTO;;
5729618;12;04/12/2021 18:00:00;Provinciale;VIA DELLA STAZIONE DI PAVONA;da specificare;;;;altezza Via Castel Baronia;Scontro frontale fra veicoli in marcia;Rettilineo;Una carreggiata a doppio senso;Bagnato (pioggia);Asfaltata;Verticale;Pioggia in atto;Normale;Buona;;3;0;0;0;12.596;41.721;-1;1;Autovettura privata;In marcia / fermata / arresto;Passeggero;F;Rimandato;0;NON DECEDUTO;;