Protocollo;Gruppo;DataOraIncidente;Localizzazione1;STRADA1;Localizzazione2;STRADA2;Strada02;Chilometrica;DaSpecificare;NaturaIncidente;particolaritastrade;TipoStrada;FondoStradale;Pavimentazione;Segnaletica;CondizioneAtmosferica;Traffico;Visibilita;Illuminazione;NUM_FERITI;NUM_RISERVATA;NUM_MORTI;NUM_ILLESI;Longitude;Latitude;Confermato;Progressivo;TipoVeicolo;StatoVeicolo;TipoPersona;Sesso;Tipolesione;Deceduto;DecedutoDopo;CinturaCascoUtilizzato;Airbag;
5730805;4;06/12/2021 09:30:00;Provinciale entro l'abitato;VIA NOMENTANA;all'intersezione con;VIA CARLO LORENZINI;VIA CARLO LORENZINI;;;Scontro frontale/laterale SX fra veicoli in marcia;Intersezione stradale segnalata;Una carreggiata a doppio senso;Asciutto;Asfaltata;Verticale ed orizzontale;Nuvoloso;Normale;Buona;;1;0;0;1;12.5571;41.9429;-1;1;Autovettura privata;In marcia / fermata / arresto;Conducente;M;Illeso;0;;;
5730805;4;06/12/2021 09:30:00;Provinciale entro l'abitato;VIA NOMENTANA;all'intersezione con;VIA CARLO LORENZINI;VIA CARLO LORENZINI;;;Scontro frontale/laterale SX fra veicoli in marcia;Intersezione stradale segnalata;Una carreggiata a doppio senso;Asciutto;Asfaltata;Verticale ed orizzontale;Nuvoloso;Normale;Buona;;1;0;0;1;12.5571;41.9429;-1;2;Motociclo a solo;In marcia / fermata / arresto;Conducente;M;Rifiuta cure immediate;0;NON DECEDUTO;;
5730806;16;07/12/2021 01:00:00;Strada Urbana;VIALE GUGLIELMO MARCONI;in corrispondenza;;del civico n.;182;;Veicolo in marcia contro veicolo fermo;Rettilineo;Due carreggiate;Asciutto;Asfaltata;Verticale ed orizzontale;Sereno;Normale;Buona;;1;0;0;1;12.4686;41.8656;-1;1;Autovettura privata;In marcia / fermata / arresto;Conducente;M;Rimandato;0;NON DECEDUTO;Non accertato;Inesploso
5730806;16;07/12/2021 01:00:00;Strada Urbana;VIALE GUGLIELMO MARCONI;in corrispondenza;;del civico n.;182;;Veicolo in marcia contro veicolo fermo;Rettilineo;Due carreggiate;Asciutto;Asfaltata;Verticale ed orizzontale;Sereno;Normale;Buona;;1;0;0;1;12.4686;41.8656;-1;2;Autovettura privata;In marcia / fermata / arresto;Conducente;M;Illeso;0;;Non utilizzato;Inesploso
5730825;10;07/12/2021 08:30:00;Strada Urbana;VIALE ANTONIO CIAMARRA;in prossimità;;del civico n.;173;;Scontro laterale fra veicoli in marcia;Rettilineo;Due carreggiate;Asciutto;Asfaltata;Verticale ed orizzontale;Sereno;Normale;Buona;;0;0;0;3;12.5898;41.8522;-1;1;Autocarro inferiore 35 q.;In marcia / fermata / arresto;Conducente;M;Illeso;0;;Non accertato;Inesistente
5730825;10;07/12/2021 08:30:00;Strada Urbana;VIALE ANTONIO CIAMARRA;in prossimità;;del civico n.;173;;Scontro laterale fra veicoli in marcia;Rettilineo;Due carreggiate;Asciutto;Asfaltata;Verticale ed orizzontale;Sereno;Normale;Buona;;0;0;0;3;12.5898;41.8522;-1;1;Autocarro inferiore 35 q.;In marcia / fermata / arresto;Passeggero;F;Illeso;0;;Non accertato;Inesploso
5730825;10;07/12/2021 08:30:00;Strada Urbana;VIALE ANTONIO CIAMARRA;in prossimità;;del civico n.;173;;Scontro laterale fra veicoli in marcia;Rettilineo;Due carreggiate;Asciutto;Asfaltata;Verticale ed orizzontale;Sereno;Normale;Buona;;0;0;0;3;12.5898;41.8522;-1;2;Autovettura privata;In marcia / fermata / arresto;Conducente;M;Illeso;0;;Non accertato;Inesistente
5730825;10;07/12/2021 08:30:00;Strada Urbana;VIALE ANTONIO CIAMARRA;in prossimità;;del civico n.;173;;Scontro laterale fra veicoli in marcia;Rettilineo;Due carreggiate;Asciutto;Asfaltata;Verticale ed orizzontale;Sereno;Normale;Buona;;0;0;0;3;12.5898;41.8522;-1;3;Autovettura privata;Sosta;;;;;;;
5730830;8;06/12/2021 21:38:00;Strada Urbana;VIA VILLABATE;all'intersezione con;VIA VALGUARNERA CAROPEPE;VIA VALGUARNERA CAROPEPE;;;Scontro frontale fra veicoli in marcia;Incrocio;Una carreggiata a doppio senso;Asciutto;Asfaltata;Assente;Sereno;Normale;Buona;;1;0;0;1;12.6505;41.8687;-1;1;Autovettura privata;In marcia / fermata / arresto;Conducente;F;Illeso;0;;Non accertato;Inesploso
5730830;8;06/12/2021 21:38:00;Strada Urbana;VIA VILLABATE;all'intersezione con;VIA VALGUARNERA CAROPEPE;VIA VALGUARNERA CAROPEPE;;;Scontro frontale fra veicoli in marcia;Incrocio;Una carreggiata a doppio senso;Asciutto;Asfaltata;Assente;Sereno;Normale;Buona;;1;0;0;1;12.6505;41.8687;-1;2;Motociclo a solo;In marcia / fermata / arresto;Conducente;M;Rifiuta cure immediate;0;NON DECEDUTO;;
5730832;4;06/12/2021 18:45:00;Strada Urbana;VIA SEGGIANO;in corrispondenza;;del civico n.;32;;Investimento di pedone;Rettilineo;Una carreggiata a doppio senso;Asciutto;Asfaltata;Verticale ed orizzontale;Sereno;Normale;Buona;;1;0;0;1;12.515;41.9524;-1;;;;Pedone;F;Rimandato;0;NON DECEDUTO;;
5730832;4;06/12/2021 18:45:00;Strada Urbana;VIA SEGGIANO;in corrispondenza;;del civico n.;32;;Investimento di pedone;Rettilineo;Una carreggiata a doppio senso;Asciutto;Asfaltata;Verticale ed orizzontale;Sereno;Normale;Buona;;1;0;0;1;12.515;41.9524;-1;1;Autovettura privata;In marcia / fermata / arresto;Conducente;M;Illeso;0;;;
5730835;8;06/12/2021 06:50:00;Strada Urbana;VIA GUSTAVO COLONNETTI;da specificare;;;;pross. via G. Cicali;Tamponamento;Rettilineo;Due carreggiate;Asciutto;Asfaltata;Verticale ed orizzontale;Sereno;Intenso;Buona;;0;0;0;2;12.651;41.9115;-1;1;Autovettura privata;In marcia / fermata / arresto;Conducente;M;Illeso;0;;;
5730835;8;06/12/2021 06:50:00;Strada Urbana;VIA GUSTAVO COLONNETTI;da specificare;;;;pross. via G. Cicali;Tamponamento;Rettilineo;Due carreggiate;Asciutto;Asfaltata;Verticale ed orizzontale;Sereno;Intenso;Buona;;0;0;0;2;12.651;41.9115;-1;2;Autovettura privata;In marcia / fermata / arresto;Conducente;M;Illeso;0;;;
5730839;8;06/12/2021 16:10:00;Strada Urbana;VIALE DELL'ARCHIGINNASIO;da specificare;;;;rotatoria via Gismondi;Scontro laterale fra veicoli in marcia;Rotatoria;Una carreggiata a senso unico di marcia;Asciutto;Asfaltata;Verticale ed orizzontale;Sereno;Scarso;Buona;;0;0;0;3;12.6395;41.8488;-1;1;Autovettura privata;In marcia / fermata / arresto;Conducente;M;Illeso;0;;Non accertato;Inesploso
5730839;8;06/12/2021 16:10:00;Strada Urbana;VIALE DELL'ARCHIGINNASIO;da specificare;;;;rotatoria via Gismondi;Scontro laterale fra veicoli in marcia;Rotatoria;Una carreggiata a senso unico di marcia;Asciutto;Asfaltata;Verticale ed orizzontale;Sereno;Scarso;Buona;;0;0;0;3;12.6395;41.8488;-1;2;Autovettura privata;In marcia / fermata / arresto;Conducente;M;Illeso;0;;;
5730839;8;06/12/2021 16:10:00;Strada Urbana;VIALE DELL'ARCHIGINNASIO;da specificare;;;;rotatoria via Gismondi;Scontro laterale fra veicoli in marcia;Rotatoria;Una carreggiata a senso unico di marcia;Asciutto;Asfaltata;Verticale ed orizzontale;Sereno;Scarso;Buona;;0;0;0;3;12.6395;41.8488;-1;2;Autovettura privata;In marcia / fermata / arresto;Passeggero;F;Illeso;0;;Non accertato;Inesploso
5730840;1;06/12/2021 05:00:00;Strada Urbana;PIAZZALE LABICANO;all'intersezione con;VIA CASILINA;VIA CASILINA;;;Veicolo in marcia contro ostacolo fisso;Incrocio;Più di due carreggiate;Asciutto;Asfaltata;Verticale ed orizzontale;Sereno;Scarso;Sufficiente;;0;0;0;0;;;0;1;Autovettura privata;In marcia / fermata / arresto;;;;;;;
5730842;8;07/12/2021 00:01:00;Strada Urbana;VIA DEI VERDONI;in prossimità;;del civico n.;60;;Veicolo in marcia contro veicoli in sosta;Rettilineo;Una carreggiata a doppio senso;Asciutto;Asfaltata;Verticale;Sereno;Scarso;Insufficiente;;0;0;0;1;12.591;41.8665;-1;1;Autovettura privata;In marcia / fermata / arresto;Conducente;M;Illeso;0;;;
5730842;8;07/12/2021 00:01:00;Strada Urbana;VIA DEI VERDONI;in prossimità;;del civico n.;60;;Veicolo in marcia contro veicoli in sosta;Rettilineo;Una carreggiata a doppio senso;Asciutto;Asfaltata;Verticale;Sereno;Scarso;Insufficiente;;0;0;0;1;12.591;41.8665;-1;2;Autovettura privata;Sosta;;;;;;;
5730842;8;07/12/2021 00:01:00;Strada Urbana;VIA DEI VERDONI;in prossimità;;del civico n.;60;;Veicolo in marcia contro veicoli in sosta;Rettilineo;Una carreggiata a doppio senso;Asciutto;Asfaltata;Verticale;Sereno;Scarso;Insufficiente;;0;0;0;1;12.591;41.8665;-1;3;Autovettura privata;Sosta;;;;;;;
5730846;8;06/12/2021 17:30:00;Strada Urbana;VIA DI TOR VERGATA;da specificare;;;;pross. via Marcello Alessio;Tamponamento;Rettilineo;Una carreggiata a senso unico di marcia;Asciutto;Asfaltata;Orizzontale;Sereno;Normale;Buona;;0;0;0;2;12.6226;41.8468;-1;1;Autovettura privata;In marcia / fermata / arresto;Conducente;M;Illeso;0;;Non accertato;Inesploso
5730846;8;06/12/2021 17:30:00;Strada Urbana;VIA DI TOR VERGATA;da specificare;;;;pross. via Marcello Alessio;Tamponamento;Rettilineo;Una carreggiata a senso unico di marcia;Asciutto;Asfaltata;Orizzontale;Sereno;Normale;Buona;;0;0;0;2;12.6226;41.8468;-1;2;Autovettura privata;In marcia / fermata / arresto;Conducente;M;Illeso;0;;Non accertato;Inesploso
5730848;8;06/12/2021 16:40:00;Strada Urbana;VIA DI PRATAPORCI;all'intersezione con;VIA DEL PADIGLIONE;VIA DEL PADIGLIONE;;;Scontro frontale/laterale SX fra veicoli in marcia;Incrocio;Una carreggiata a doppio senso;Asciutto;Asfaltata;Verticale;Nuvoloso;Normale;Buona;;0;0;0;3;12.6843;41.8468;-1;1;Autocarro inferiore 35 q.;In marcia / fermata / arresto;Conducente;M;Illeso;0;;Non accertato;Inesploso
5730848;8;06/12/2021 16:40:00;Strada Urbana;VIA DI PRATAPORCI;all'intersezione con;VIA DEL PADIGLIONE;VIA DEL PADIGLIONE;;;Scontro frontale/laterale SX fra veicoli in marcia;Incrocio;Una carreggiata a doppio senso;Asciutto;Asfaltata;Verticale;Nuvoloso;Normale;Buona;;0;0;0;3;12.6843;41.8468;-1;2;Autovettura privata;In marcia / fermata / arresto;Conducente;M;Illeso;0;;Non accertato;Inesploso
5730848;8;06/12/2021 16:40:00;Strada Urbana;VIA DI PRATAPORCI;all'intersezione con;VIA DEL PADIGLIONE;VIA DEL PADIGLIONE;;;Scontro frontale/laterale SX fra veicoli in marcia;Incrocio;Una carreggiata a doppio senso;Asciutto;Asfaltata;Verticale;Nuvoloso;Normale;Buona;;0;0;0;3;12.6843;41.8468;-1;2;Autovettura privata;In marcia / fermata / arresto;Passeggero;M;Illeso;0;;Non utilizzato;Inesploso
5730883;6;07/12/2021 08:15:00;Strada Urbana;VIA DEI GORDIANI;da specificare;;;;f.c. 385;Investimento di pedone;Rettilineo;Due carreggiate;Asciutto;Asfaltata;Assente;Sereno;Normale;Buona;;1;0;0;3;12.554;41.8899;-1;;;;Pedone;F;Rimandato;0;NON DECEDUTO;;
5730883;6;07/12/2021 08:15:00;Strada Urbana;VIA DEI GORDIANI;da specificare;;;;f.c. 385;Investimento di pedone;Rettilineo;Due carreggiate;Asciutto;Asfaltata;Assente;Sereno;Normale;Buona;;1;0;0;3;12.554;41.8899;-1;1;Autovettura privata;In marcia / fermata / arresto;Conducente;M;Illeso;0;;Non accertato;Inesploso
5730883;6;07/12/2021 08:15:00;Strada Urbana;VIA DEI GORDIANI;da specificare;;;;f.c. 385;Investimento di pedone;Rettilineo;Due carreggiate;Asciutto;Asfaltata;Assente;Sereno;Normale;Buona;;1;0;0;3;12.554;41.8899;-1;1;Autovettura privata;In marcia / fermata / arresto;Passeggero;M;Illeso;0;;Non accertato;Inesploso
5730883;6;07/12/2021 08:15:00;Strada Urbana;VIA DEI GORDIANI;da specificare;;;;f.c. 385;Investimento di pedone;Rettilineo;Due carreggiate;Asciutto;Asfaltata;Assente;Sereno;Normale;Buona;;1;0;0;3;12.554;41.8899;-1;1;Autovettura privata;In marcia / fermata / arresto;Passeggero;M;Illeso;0;;Non accertato;Inesploso
5730884;13;06/12/2021 18:20:00;Provinciale;VIA LITORANEA;in prossimità;;della chilometrica;8;;Veicolo in marcia contro ostacolo fisso;Rettilineo;Una carreggiata a doppio senso;Asciutto;Asfaltata;Orizzontale;Sereno;Scarso;Insufficiente;;0;0;0;1;12.3735;41.6876;-1;1;Autovettura privata;In marcia / fermata / arresto;Conducente;M;Illeso;0;;Non accertato;Inesploso
5730897;7;06/12/2021 07:15:00;Strada Urbana;VIALE PALMIRO TOGLIATTI;da specificare;;;;altezza palo luce 93;Tamponamento;Rettilineo;Una carreggiata a senso unico di marcia;Asciutto;Asfaltata;Assente;Nuvoloso;Normale;Buona;;2;0;0;0;12.5689;41.8625;-1;1;Monopattino elettrico;In marcia / fermata / arresto;Conducente;M;Rimandato;0;NON DECEDUTO;Non accertato;Inesploso
5730897;7;06/12/2021 07:15:00;Strada Urbana;VIALE PALMIRO TOGLIATTI;da specificare;;;;altezza palo luce 93;Tamponamento;Rettilineo;Una carreggiata a senso unico di marcia;Asciutto;Asfaltata;Assente;Nuvoloso;Normale;Buona;;2;0;0;0;12.5689;41.8625;-1;2;Motociclo a solo;In marcia / fermata / arresto;Conducente;M;Rimandato;0;NON DECEDUTO;Non accertato;
5730923;13;06/12/2021 20:25:00;Strada Urbana;VIA DEL MARE;all'intersezione con;VIALE VASCO DE GAMA;VIALE VASCO DE GAMA;;;Investimento di pedone;Incrocio;Una carreggiata a doppio senso;Asciutto;Asfaltata;Verticale ed orizzontale;Sereno;Scarso;Buona;;1;0;0;1;12.2969;41.7529;-1;;;;Pedone;F;Rimandato;0;NON DECEDUTO;;
5730923;13;06/12/2021 20:25:00;Strada Urbana;VIA DEL MARE;all'intersezione con;VIALE VASCO DE GAMA;VIALE VASCO DE GAMA;;;Investimento di pedone;Incrocio;Una carreggiata a doppio senso;Asciutto;Asfaltata;Verticale ed orizzontale;Sereno;Scarso;Buona;;1;0;0;1;12.2969;41.7529;-1;1;Autovettura privata;In marcia / fermata / arresto;Conducente;M;Illeso;0;;Non accertato;Inesploso
5730946;4;06/12/2021 18:55:00;Provinciale;VIA NOMENTANA;da specificare;;;;pross. largo Arci;Scontro laterale fra veicoli in marcia;Rettilineo;Una carreggiata a doppio senso;Asciutto;Asfaltata;Verticale ed orizzontale;Sereno;Normale;Sufficiente;;0;0;0;2;12.5629;41.9453;-1;1;Autovettura privata;In marcia / fermata / arresto;Conducente;M;Illeso;0;;;
5730946;4;06/12/2021 18:55:00;Provinciale;VIA NOMENTANA;da specificare;;;;pross. largo Arci;Scontro laterale fra veicoli in marcia;Rettilineo;Una carreggiata a doppio senso;Asciutto;Asfaltata;Verticale ed orizzontale;Sereno;Normale;Sufficiente;;0;0;0;2;12.5629;41.9453;-1;2;Autovettura privata;In marcia / fermata / arresto;Conducente;M;Illeso;0;;;
5730953;17;06/12/2021 18:30:00;Strada Urbana;VIALE VATICANO;in corrispondenza;;del civico n.;42;;Veicolo in marcia che urta buche nella carreggiata;Curva senza visuale libera;Una carreggiata a doppio senso;Asciutto;Asfaltata;Verticale ed orizzontale;Sereno;Normale;Buona;;1;0;0;0;12.4455;41.9019;0;1;Motociclo a solo;In marcia / fermata / arresto;Conducente;M;Rifiuta cure immediate;0;NON DECEDUTO;;
5730955;2;06/12/2021 09:10:00;Strada Urbana;VIA FRATELLI ARCHIBUGI;all'intersezione con;VIA FLAMINIA;VIA FLAMINIA;;;Tamponamento;Intersezione semaforizzata;Una carreggiata a senso unico di marcia;Asciutto;Asfaltata;Verticale ed orizzontale;Sereno;Normale;Buona;;2;0;0;1;12.4724;41.9203;-1;1;Motociclo con passeggero;In marcia / fermata / arresto;Conducente;F;Rimandato;0;NON DECEDUTO;;
5730955;2;06/12/2021 09:10:00;Strada Urbana;VIA FRATELLI ARCHIBUGI;all'intersezione con;VIA FLAMINIA;VIA FLAMINIA;;;Tamponamento;Intersezione semaforizzata;Una carreggiata a senso unico di marcia;Asciutto;Asfaltata;Verticale ed orizzontale;Sereno;Normale;Buona;;2;0;0;1;12.4724;41.9203;-1;1;Motociclo con passeggero;In marcia / fermata / arresto;Passeggero;F;Rimandato;0;NON DECEDUTO;;
5730955;2;06/12/2021 09:10:00;Strada Urbana;VIA FRATELLI ARCHIBUGI;all'intersezione con;VIA FLAMINIA;VIA FLAMINIA;;;Tamponamento;Intersezione semaforizzata;Una carreggiata a senso unico di marcia;Asciutto;Asfaltata;Verticale ed orizzontale;Sereno;Normale;Buona;;2;0;0;1;12.4724;41.9203;-1;2;Autovettura privata;In marcia / fermata / arresto;Conducente;M;Illeso;0;;;
5730961;2;06/12/2021 15:55:00;Strada Urbana;VIA VOLSINIO;in prossimità;;del civico n.;24;;Veicolo in marcia contro ostacolo accidentale;Rettilineo;Una carreggiata a senso unico di marcia;Asciutto;Asfaltata;Verticale ed orizzontale;Nuvoloso;Normale;Buona;;0;0;0;1;12.5081;41.9231;-1;1;Autovettura privata;In marcia / fermata / arresto;Conducente;M;Illeso;0;;;
5730964;2;06/12/2021 18:25:00;Strada Urbana;VIALE DEL MURO TORTO;da specificare;;;;pross. palo Acea 21 dir. Flaminio;Scontro laterale fra veicoli in marcia;Rettilineo;Due carreggiate;Asciutto;Asfaltata;Verticale ed orizzontale;Sereno;Normale;Buona;;1;0;0;0;12.4817;41.9107;-1;1;Motociclo a solo;In marcia / fermata / arresto;Conducente;M;Rimandato;0;NON DECEDUTO;;
5730964;2;06/12/2021 18:25:00;Strada Urbana;VIALE DEL MURO TORTO;da specificare;;;;pross. palo Acea 21 dir. Flaminio;Scontro laterale fra veicoli in marcia;Rettilineo;Due carreggiate;Asciutto;Asfaltata;Verticale ed orizzontale;Sereno;Normale;Buona;;1;0;0;0;12.4817;41.9107;-1;2;Autovettura privata;Allontanatosi;;;;;;;
5730967;2;07/12/2021 00:40:00;Strada Urbana;VIALE SOMALIA;da specificare;;;;alt. via Antrodoco;Scontro laterale fra veicoli in marcia;Rettilineo;Una carreggiata a doppio senso;Asciutto;Asfaltata;Verticale ed orizzontale;Sereno;Scarso;Sufficiente;;0;0;0;3;12.5151;41.936;-1;1;Autovettura privata;In marcia / fermata / arresto;Conducente;M;Illeso;0;;;
5730967;2;07/12/2021 00:40:00;Strada Urbana;VIALE SOMALIA;da specificare;;;;alt. via Antrodoco;Scontro laterale fra veicoli in marcia;Rettilineo;Una carreggiata a doppio senso;Asciutto;Asfaltata;Verticale ed orizzontale;Sereno;Scarso;Sufficiente;;0;0;0;3;12.5151;41.936;-1;1;Autovettura privata;In marcia / fermata / arresto;Passeggero;M;Illeso;0;;;
5730967;2;07/12/2021 00:40:00;Strada Urbana;VIALE SOMALIA;da specificare;;;;alt. via Antrodoco;Scontro laterale fra veicoli in marcia;Rettilineo;Una carreggiata a doppio senso;Asciutto;Asfaltata;Verticale ed orizzontale;Sereno;Scarso;Sufficiente;;0;0;0;3;12.5151;41.936;-1;2;Autovettura privata;In marcia / fermata / arresto;Conducente;M;Illeso;0;;;
5730969;2;07/12/2021 04:20:00;Strada Urbana;VIA RUGGERO FAURO;in prossimità;;del civico n.;3;;Veicolo in marcia contro veicoli in sosta;Rettilineo;Una carreggiata a senso unico di marcia;Asciutto;Asfaltata;Verticale ed orizzontale;Sereno;Scarso;Sufficiente;;1;0;0;0;12.4892;41.9259;-1;1;Autovettura privata;In marcia / fermata / arresto;Conducente;M;Ricoverato;0;NON DECEDUTO;;
5730969;2;07/12/2021 04:20:00;Strada Urbana;VIA RUGGERO FAURO;in prossimità;;del civico n.;3;;Veicolo in marcia contro veicoli in sosta;Rettilineo;Una carreggiata a senso unico di marcia;Asciutto;Asfaltata;Verticale ed orizzontale;Sereno;Scarso;Sufficiente;;1;0;0;0;12.4892;41.9259;-1;2;Autovettura privata;Sosta;;;;;;;
5730969;2;07/12/2021 04:20:00;Strada Urbana;VIA RUGGERO FAURO;in prossimità;;del civico n.;3;;Veicolo in marcia contro veicoli in sosta;Rettilineo;Una carreggiata a senso unico di marcia;Asciutto;Asfaltata;Verticale ed orizzontale;Sereno;Scarso;Sufficiente;;1;0;0;0;12.4892;41.9259;-1;3;Autovettura privata;Sosta;;;;;;;
5731008;7;07/12/2021 00:25:00;Strada Urbana;VIALE ALESSANDRINO;in prossimità;;del civico n.;437;;Veicolo in marcia contro veicoli in sosta;Rettilineo;Una carreggiata a doppio senso;Asciutto;Asfaltata;Verticale ed orizzontale;Sereno;Normale;Sufficiente;;0;0;0;1;12.5776;41.8797;-1;1;Autovettura privata;In marcia / fermata / arresto;Conducente;F;Illeso;0;;Non accertato;Inesploso
5731008;7;07/12/2021 00:25:00;Strada Urbana;VIALE ALESSANDRINO;in prossimità;;del civico n.;437;;Veicolo in marcia contro veicoli in sosta;Rettilineo;Una carreggiata a doppio senso;Asciutto;Asfaltata;Verticale ed orizzontale;Sereno;Normale;Sufficiente;;0;0;0;1;12.5776;41.8797;-1;2;Autovettura privata;Sosta;;;;;;;
5731008;7;07/12/2021 00:25:00;Strada Urbana;VIALE ALESSANDRINO;in prossimità;;del civico n.;437;;Veicolo in marcia contro veicoli in sosta;Rettilineo;Una carreggiata a doppio senso;Asciutto;Asfaltata;Verticale ed orizzontale;Sereno;Normale;Sufficiente;;0;0;0;1;12.5776;41.8797;-1;3;Autovettura privata;Sosta;;;;;;;
5731008;7;07/12/2021 00:25:00;Strada Urbana;VIALE ALESSANDRINO;in prossimità;;del civico n.;437;;Veicolo in marcia contro veicoli in sosta;Rettilineo;Una carreggiata a doppio senso;Asciutto;Asfaltata;Verticale ed orizzontale;Sereno;Normale;Sufficiente;;0;0;0;1;12.5776;41.8797;-1;4;Autovettura privata;Sosta;;;;;;;
5731104;6;07/12/2021 09:40:00;Provinciale entro l'abitato;VIA PRENESTINA;in prossimità;;del civico n.;39;;Scontro laterale fra veicoli in marcia;Rettilineo;Più di due carreggiate;Asciutto;Asfaltata;Orizzontale;Sereno;Normale;Buona;;1;0;0;1;12.5208;41.8914;-1;1;Monopattino elettrico;Allontanatosi;;;;;;;
5731104;6;07/12/2021 09:40:00;Provinciale entro l'abitato;VIA PRENESTINA;in prossimità;;del civico n.;39;;Scontro laterale fra veicoli in marcia;Rettilineo;Più di due carreggiate;Asciutto;Asfaltata;Orizzontale;Sereno;Normale;Buona;;1;0;0;1;12.5208;41.8914;-1;2;Motociclo a solo;In marcia / fermata / arresto;Conducente;F;Rimandato;0;NON DECEDUTO;Non accertato;
5731104;6;07/12/2021 09:40:00;Provinciale entro l'abitato;VIA PRENESTINA;in prossimità;;del civico n.;39;;Scontro laterale fra veicoli in marcia;Rettilineo;Più di due carreggiate;Asciutto;Asfaltata;Orizzontale;Sereno;Normale;Buona;;1;0;0;1;12.5208;41.8914;-1;3;Motociclo a solo;In marcia / fermata / arresto;Conducente;M;Illeso;0;;Non accertato;
5731109;13;06/12/2021 17:30:00;Strada Urbana;VIA ALESSANDRO STRADELLA;all'intersezione con;VIA ANDREA DELLA CORTE;VIA ANDREA DELLA CORTE;;;Scontro frontale/laterale DX fra veicoli in marcia;Incrocio;Una carreggiata a doppio senso;Asciutto;Asfaltata;Orizzontale;Sereno;Normale;Buona;;1;0;0;4;12.3577;41.7385;-1;1;Autovettura privata;In marcia / fermata / arresto;Conducente;F;Illeso;0;;Non accertato;Inesploso
5731109;13;06/12/2021 17:30:00;Strada Urbana;VIA ALESSANDRO STRADELLA;all'intersezione con;VIA ANDREA DELLA CORTE;VIA ANDREA DELLA CORTE;;;Scontro frontale/laterale DX fra veicoli in marcia;Incrocio;Una carreggiata a doppio senso;Asciutto;Asfaltata;Orizzontale;Sereno;Normale;Buona;;1;0;0;4;12.3577;41.7385;-1;1;Autovettura privata;In marcia / fermata / arresto;Passeggero;F;Illeso;0;;;
5731109;13;06/12/2021 17:30:00;Strada Urbana;VIA ALESSANDRO STRADELLA;all'intersezione con;VIA ANDREA DELLA CORTE;VIA ANDREA DELLA CORTE;;;Scontro frontale/laterale DX fra veicoli in marcia;Incrocio;Una carreggiata a doppio senso;Asciutto;Asfaltata;Orizzontale;Sereno;Normale;Buona;;1;0;0;4;12.3577;41.7385;-1;1;Autovettura privata;In marcia / fermata / arresto;Passeggero;F;Illeso;0;;Non accertato;Inesploso
5731109;13;06/12/2021 17:30:00;Strada Urbana;VIA ALESSANDRO STRADELLA;all'intersezione con;VIA ANDREA DELLA CORTE;VIA ANDREA DELLA CORTE;;;Scontro frontale/laterale DX fra veicoli in marcia;Incrocio;Una carreggiata a doppio senso;Asciutto;Asfaltata;Orizzontale;Sereno;Normale;Buona;;1;0;0;4;12.3577;41.7385;-1;2;Autovettura privata;In marcia / fermata / arresto;Conducente;M;Illeso;0;;Non accertato;Inesploso
5731109;13;06/12/2021 17:30:00;Strada Urbana;VIA ALESSANDRO STRADELLA;all'intersezione con;VIA ANDREA DELLA CORTE;VIA ANDREA DELLA CORTE;;;Scontro frontale/laterale DX fra veicoli in marcia;Incrocio;Una carreggiata a doppio senso;Asciutto;Asfaltata;Orizzontale;Sereno;Normale;Buona;;1;0;0;4;12.3577;41.7385;-1;2;Autovettura privata;In marcia / fermata / arresto;Passeggero;F;Rimandato;0;NON DECEDUTO;Non accertato;Inesploso
5731117;13;06/12/2021 18:55:00;Strada Urbana;CORSO DUCA DI GENOVA;in corrispondenza;;del civico n.;127;;Veicolo in marcia contro veicoli in sosta;Rettilineo;Una carreggiata a doppio senso;Asciutto;Asfaltata;Verticale ed orizzontale;Sereno;Normale;Buona;;0;0;0;1;12.2742;41.7329;-1;1;Autovettura privata;Sosta;;;;;;;
5731117;13;06/12/2021 18:55:00;Strada Urbana;CORSO DUCA DI GENOVA;in corrispondenza;;del civico n.;127;;Veicolo in marcia contro veicoli in sosta;Rettilineo;Una carreggiata a doppio senso;Asciutto;Asfaltata;Verticale ed orizzontale;Sereno;Normale;Buona;;0;0;0;1;12.2742;41.7329;-1;2;Autovettura privata;Sosta;;;;;;;
5731117;13;06/12/2021 18:55:00;Strada Urbana;CORSO DUCA DI GENOVA;in corrispondenza;;del civico n.;127;;Veicolo in marcia contro veicoli in sosta;Rettilineo;Una carreggiata a doppio senso;Asciutto;Asfaltata;Verticale ed orizzontale;Sereno;Normale;Buona;;0;0;0;1;12.2742;41.7329;-1;3;Autovettura privata;In marcia / fermata / arresto;Conducente;M;Illeso;0;;Non accertato;Inesploso
5731143;1;07/12/2021 09:20:00;Strada Urbana;LUNGOTEVERE TOR DI NONA;all'intersezione semaforizzata con;PONTE UMBERTO I;PONTE UMBERTO I;;;Scontro laterale fra veicoli in marcia;Intersezione semaforizzata;Una carreggiata a senso unico di marcia;Asciutto;Asfaltata;Verticale ed orizzontale;Sereno;Normale;Buona;;1;0;0;1;12.4716;41.9021;-1;1;Autovettura privata;In marcia / fermata / arresto;Conducente;M;Illeso;0;;;
5731143;1;07/12/2021 09:20:00;Strada Urbana;LUNGOTEVERE TOR DI NONA;all'intersezione semaforizzata con;PONTE UMBERTO I;PONTE UMBERTO I;;;Scontro laterale fra veicoli in marcia;Intersezione semaforizzata;Una carreggiata a senso unico di marcia;Asciutto;Asfaltata;Verticale ed orizzontale;Sereno;Normale;Buona;;1;0;0;1;12.4716;41.9021;-1;2;Motociclo a solo;In marcia / fermata / arresto;Conducente;M;Rimandato;0;NON DECEDUTO;;