Protocollo;Gruppo;DataOraIncidente;Localizzazione1;STRADA1;Localizzazione2;STRADA2;Strada02;Chilometrica;DaSpecificare;NaturaIncidente;particolaritastrade;TipoStrada;FondoStradale;Pavimentazione;Segnaletica;CondizioneAtmosferica;Traffico;Visibilita;Illuminazione;NUM_FERITI;NUM_RISERVATA;NUM_MORTI;NUM_ILLESI;Longitude;Latitude;Confermato;Progressivo;TipoVeicolo;StatoVeicolo;TipoPersona;Sesso;Tipolesione;Deceduto;DecedutoDopo;CinturaCascoUtilizzato;Airbag;
5732712;8;07/12/2021 19:00:00;Strada Urbana;VIA MARIO PASTORE;da specificare;;;;altezza cavalcavia via FONTANILE DI CARCARICOLA;Investimento di pedone;Rettilineo;Una carreggiata a senso unico di marcia;Asciutto;Asfaltata;Orizzontale;Sereno;Normale;Buona;;2;0;0;0;12.6148;41.8471;-1;;;;Pedone;M;Ricoverato;0;NON DECEDUTO;;
5732712;8;07/12/2021 19:00:00;Strada Urbana;VIA MARIO PASTORE;da specificare;;;;altezza cavalcavia via FONTANILE DI CARCARICOLA;Investimento di pedone;Rettilineo;Una carreggiata a senso unico di marcia;Asciutto;Asfaltata;Orizzontale;Sereno;Normale;Buona;;2;0;0;0;12.6148;41.8471;-1;1;Motociclo a solo;In marcia / fermata / arresto;Conducente;M;Rifiuta cure immediate;0;NON DECEDUTO;Non accertato;
5732713;8;08/12/2021 10:00:00;Strada Urbana;VIA DELL' OSTERIA DEL FINOCCHIO;in corrispondenza;;del civico n.;67;;Scontro laterale fra veicoli in marcia;Rettilineo;Una carreggiata a doppio senso;Asciutto;Asfaltata;Verticale ed orizzontale;Nuvoloso;Normale;Buona;;0;0;0;5;12.6824;41.8602;-1;1;Autovettura privata;In marcia / fermata / arresto;Conducente;M;Illeso;0;;Non accertato;Inesploso
5732713;8;08/12/2021 10:00:00;Strada Urbana;VIA DELL' OSTERIA DEL FINOCCHIO;in corrispondenza;;del civico n.;67;;Scontro laterale fra veicoli in marcia;Rettilineo;Una carreggiata a doppio senso;Asciutto;Asfaltata;Verticale ed orizzontale;Nuvoloso;Normale;Buona;;0;0;0;5;12.6824;41.8602;-1;2;Autovettura privata;In marcia / fermata / arresto;Conducente;M;Illeso;0;;Non accertato;Inesploso
5732713;8;08/12/2021 10:00:00;Strada Urbana;VIA DELL' OSTERIA DEL FINOCCHIO;in corrispondenza;;del civico n.;67;;Scontro laterale fra veicoli in marcia;Rettilineo;Una carreggiata a doppio senso;Asciutto;Asfaltata;Verticale ed orizzontale;Nuvoloso;Normale;Buona;;0;0;0;5;12.6824;41.8602;-1;2;Autovettura privata;In marcia / fermata / arresto;Passeggero;F;Illeso;0;;;
5732713;8;08/12/2021 10:00:00;Strada Urbana;VIA DELL' OSTERIA DEL FINOCCHIO;in corrispondenza;;del civico n.;67;;Scontro laterale fra veicoli in marcia;Rettilineo;Una carreggiata a doppio senso;Asciutto;Asfaltata;Verticale ed orizzontale;Nuvoloso;Normale;Buona;;0;0;0;5;12.6824;41.8602;-1;2;Autovettura privata;In marcia / fermata / arresto;Passeggero;M;Illeso;0;;Non accertato;
5732713;8;08/12/2021 10:00:00;Strada Urbana;VIA DELL' OSTERIA DEL FINOCCHIO;in corrispondenza;;del civico n.;67;;Scontro laterale fra veicoli in marcia;Rettilineo;Una carreggiata a doppio senso;Asciutto;Asfaltata;Verticale ed orizzontale;Nuvoloso;Normale;Buona;;0;0;0;5;12.6824;41.8602;-1;2;Autovettura privata;In marcia / fermata / arresto;Passeggero;F;Illeso;0;;;
5732782;13;07/12/2021 09:45:00;Strada Urbana;VIA CESARE MACCARI;all'intersezione con;VIA ALBERTO GALLI;VIA ALBERTO GALLI;;;Scontro frontale/laterale DX fra veicoli in marcia;Incrocio;Una carreggiata a doppio senso;Asciutto;Asfaltata;Verticale ed orizzontale;Sereno;Normale;Sufficiente;;0;0;0;3;12.3562;41.7765;-1;1;Autovettura privata;In marcia / fermata / arresto;Conducente;M;Illeso;0;;;
5732782;13;07/12/2021 09:45:00;Strada Urbana;VIA CESARE MACCARI;all'intersezione con;VIA ALBERTO GALLI;VIA ALBERTO GALLI;;;Scontro frontale/laterale DX fra veicoli in marcia;Incrocio;Una carreggiata a doppio senso;Asciutto;Asfaltata;Verticale ed orizzontale;Sereno;Normale;Sufficiente;;0;0;0;3;12.3562;41.7765;-1;1;Autovettura privata;In marcia / fermata / arresto;Passeggero;F;Illeso;0;;Non accertato;Inesploso
5732782;13;07/12/2021 09:45:00;Strada Urbana;VIA CESARE MACCARI;all'intersezione con;VIA ALBERTO GALLI;VIA ALBERTO GALLI;;;Scontro frontale/laterale DX fra veicoli in marcia;Incrocio;Una carreggiata a doppio senso;Asciutto;Asfaltata;Verticale ed orizzontale;Sereno;Normale;Sufficiente;;0;0;0;3;12.3562;41.7765;-1;2;Autovettura privata;In marcia / fermata / arresto;Conducente;F;Illeso;0;;;
5732809;13;07/12/2021 12:00:00;Strada Urbana;VIA ARMANDO CRISCIANI;in corrispondenza;;del civico n.;6;;Scontro laterale fra veicoli in marcia;Rettilineo;Una carreggiata a senso unico di marcia;Asciutto;Asfaltata;Verticale ed orizzontale;Sereno;Normale;Buona;;0;0;0;2;12.27;41.7391;-1;1;Autovettura privata;In marcia / fermata / arresto;Conducente;F;Illeso;0;;Non accertato;Inesploso
5732809;13;07/12/2021 12:00:00;Strada Urbana;VIA ARMANDO CRISCIANI;in corrispondenza;;del civico n.;6;;Scontro laterale fra veicoli in marcia;Rettilineo;Una carreggiata a senso unico di marcia;Asciutto;Asfaltata;Verticale ed orizzontale;Sereno;Normale;Buona;;0;0;0;2;12.27;41.7391;-1;2;Autovettura privata;In marcia / fermata / arresto;Conducente;M;Illeso;0;;Non accertato;Inesploso
5732821;11;07/12/2021 06:30:00;Strada Urbana;LUNGOTEVERE DI S. PAOLO;all'intersezione semaforizzata con;VIALE DI S. PAOLO;VIALE DI S. PAOLO;;;Scontro frontale/laterale DX fra veicoli in marcia;Intersezione semaforizzata;Due carreggiate;Asciutto;Asfaltata;Verticale ed orizzontale;Sereno;Scarso;Sufficiente;;2;0;0;5;12.4759;41.8606;-1;1;Autovettura privata;In marcia / fermata / arresto;Conducente;M;Rimandato;0;NON DECEDUTO;;
5732821;11;07/12/2021 06:30:00;Strada Urbana;LUNGOTEVERE DI S. PAOLO;all'intersezione semaforizzata con;VIALE DI S. PAOLO;VIALE DI S. PAOLO;;;Scontro frontale/laterale DX fra veicoli in marcia;Intersezione semaforizzata;Due carreggiate;Asciutto;Asfaltata;Verticale ed orizzontale;Sereno;Scarso;Sufficiente;;2;0;0;5;12.4759;41.8606;-1;2;Autovettura privata;In marcia / fermata / arresto;Conducente;M;Illeso;0;;;
5732821;11;07/12/2021 06:30:00;Strada Urbana;LUNGOTEVERE DI S. PAOLO;all'intersezione semaforizzata con;VIALE DI S. PAOLO;VIALE DI S. PAOLO;;;Scontro frontale/laterale DX fra veicoli in marcia;Intersezione semaforizzata;Due carreggiate;Asciutto;Asfaltata;Verticale ed orizzontale;Sereno;Scarso;Sufficiente;;2;0;0;5;12.4759;41.8606;-1;2;Autovettura privata;In marcia / fermata / arresto;Passeggero;F;Illeso;0;;;
5732821;11;07/12/2021 06:30:00;Strada Urbana;LUNGOTEVERE DI S. PAOLO;all'intersezione semaforizzata con;VIALE DI S. PAOLO;VIALE DI S. PAOLO;;;Scontro frontale/laterale DX fra veicoli in marcia;Intersezione semaforizzata;Due carreggiate;Asciutto;Asfaltata;Verticale ed orizzontale;Sereno;Scarso;Sufficiente;;2;0;0;5;12.4759;41.8606;-1;3;Autovettura privata;In marcia / fermata / arresto;Conducente;F;Rimandato;0;NON DECEDUTO;;
5732821;11;07/12/2021 06:30:00;Strada Urbana;LUNGOTEVERE DI S. PAOLO;all'intersezione semaforizzata con;VIALE DI S. PAOLO;VIALE DI S. PAOLO;;;Scontro frontale/laterale DX fra veicoli in marcia;Intersezione semaforizzata;Due carreggiate;Asciutto;Asfaltata;Verticale ed orizzontale;Sereno;Scarso;Sufficiente;;2;0;0;5;12.4759;41.8606;-1;4;Autovettura privata;In marcia / fermata / arresto;Conducente;M;Illeso;0;;;
5732821;11;07/12/2021 06:30:00;Strada Urbana;LUNGOTEVERE DI S. PAOLO;all'intersezione semaforizzata con;VIALE DI S. PAOLO;VIALE DI S. PAOLO;;;Scontro frontale/laterale DX fra veicoli in marcia;Intersezione semaforizzata;Due carreggiate;Asciutto;Asfaltata;Verticale ed orizzontale;Sereno;Scarso;Sufficiente;;2;0;0;5;12.4759;41.8606;-1;4;Autovettura privata;In marcia / fermata / arresto;Passeggero;F;Illeso;0;;;
5732821;11;07/12/2021 06:30:00;Strada Urbana;LUNGOTEVERE DI S. PAOLO;all'intersezione semaforizzata con;VIALE DI S. PAOLO;VIALE DI S. PAOLO;;;Scontro frontale/laterale DX fra veicoli in marcia;Intersezione semaforizzata;Due carreggiate;Asciutto;Asfaltata;Verticale ed orizzontale;Sereno;Scarso;Sufficiente;;2;0;0;5;12.4759;41.8606;-1;4;Autovettura privata;In marcia / fermata / arresto;Passeggero;F;Illeso;0;;;
5732838;13;07/12/2021 14:25:00;Strada Urbana;VIA DELLE CAROLINE;all'intersezione con;VIA ISOLE SALOMONE;VIA ISOLE SALOMONE;;;Scontro frontale/laterale DX fra veicoli in marcia;Incrocio;Una carreggiata a doppio senso;Asciutto;Strada pavimentata dissestata;Verticale ed orizzontale;Sereno;Normale;Buona;;1;0;0;1;12.2753;41.7399;-1;1;Autovettura privata;In marcia / fermata / arresto;Conducente;M;Illeso;0;;Non accertato;Inesploso
5732838;13;07/12/2021 14:25:00;Strada Urbana;VIA DELLE CAROLINE;all'intersezione con;VIA ISOLE SALOMONE;VIA ISOLE SALOMONE;;;Scontro frontale/laterale DX fra veicoli in marcia;Incrocio;Una carreggiata a doppio senso;Asciutto;Strada pavimentata dissestata;Verticale ed orizzontale;Sereno;Normale;Buona;;1;0;0;1;12.2753;41.7399;-1;2;Monopattino elettrico;In marcia / fermata / arresto;Conducente;M;Rimandato;0;NON DECEDUTO;Non utilizzato;Inesistente
5732869;11;07/12/2021 08:20:00;Strada Urbana;VIA DI VIGNA MURATA;all'intersezione con;VIA SPIRO VALLES;VIA SPIRO VALLES;;;Investimento di pedone;Intersezione stradale segnalata;Due carreggiate;Asciutto;Asfaltata;Verticale ed orizzontale;Sereno;Normale;Buona;;1;0;0;1;12.4987;41.8263;-1;;;;Pedone;F;Rimandato;0;NON DECEDUTO;;
5732869;11;07/12/2021 08:20:00;Strada Urbana;VIA DI VIGNA MURATA;all'intersezione con;VIA SPIRO VALLES;VIA SPIRO VALLES;;;Investimento di pedone;Intersezione stradale segnalata;Due carreggiate;Asciutto;Asfaltata;Verticale ed orizzontale;Sereno;Normale;Buona;;1;0;0;1;12.4987;41.8263;-1;1;Autovettura privata;In marcia / fermata / arresto;Conducente;M;Illeso;0;;Non accertato;
5732877;11;07/12/2021 13:30:00;Strada Urbana;VIA CRISTOFORO COLOMBO;da specificare;;;;palo acea 175;Tamponamento Multiplo;Rettilineo;Più di due carreggiate;Asciutto;Asfaltata;Verticale ed orizzontale;Sereno;Normale;Buona;;0;0;0;5;12.4536;41.8089;-1;1;Autovettura privata;In marcia / fermata / arresto;Conducente;F;Illeso;0;;;
5732877;11;07/12/2021 13:30:00;Strada Urbana;VIA CRISTOFORO COLOMBO;da specificare;;;;palo acea 175;Tamponamento Multiplo;Rettilineo;Più di due carreggiate;Asciutto;Asfaltata;Verticale ed orizzontale;Sereno;Normale;Buona;;0;0;0;5;12.4536;41.8089;-1;1;Autovettura privata;In marcia / fermata / arresto;Passeggero;M;Illeso;0;;;
5732877;11;07/12/2021 13:30:00;Strada Urbana;VIA CRISTOFORO COLOMBO;da specificare;;;;palo acea 175;Tamponamento Multiplo;Rettilineo;Più di due carreggiate;Asciutto;Asfaltata;Verticale ed orizzontale;Sereno;Normale;Buona;;0;0;0;5;12.4536;41.8089;-1;2;Autovettura privata;In marcia / fermata / arresto;Conducente;M;Illeso;0;;;
5732877;11;07/12/2021 13:30:00;Strada Urbana;VIA CRISTOFORO COLOMBO;da specificare;;;;palo acea 175;Tamponamento Multiplo;Rettilineo;Più di due carreggiate;Asciutto;Asfaltata;Verticale ed orizzontale;Sereno;Normale;Buona;;0;0;0;5;12.4536;41.8089;-1;2;Autovettura privata;In marcia / fermata / arresto;Passeggero;F;Illeso;0;;;
5732877;11;07/12/2021 13:30:00;Strada Urbana;VIA CRISTOFORO COLOMBO;da specificare;;;;palo acea 175;Tamponamento Multiplo;Rettilineo;Più di due carreggiate;Asciutto;Asfaltata;Verticale ed orizzontale;Sereno;Normale;Buona;;0;0;0;5;12.4536;41.8089;-1;3;Autocarro inferiore 35 q.;In marcia / fermata / arresto;Conducente;M;Illeso;0;;;
5732913;11;07/12/2021 14:00:00;Strada Urbana;VIA ARDEATINA;in corrispondenza;;del civico n.;950;;Ribaltamento senza urto contro ostacolo fisso;Rettilineo;Una carreggiata a doppio senso;Asciutto;Asfaltata;Verticale ed orizzontale;Sereno;Intenso;Buona;;0;0;0;2;12.5342;41.7963;-1;1;Autovettura privata;In marcia / fermata / arresto;Conducente;F;Illeso;0;;;
5732913;11;07/12/2021 14:00:00;Strada Urbana;VIA ARDEATINA;in corrispondenza;;del civico n.;950;;Ribaltamento senza urto contro ostacolo fisso;Rettilineo;Una carreggiata a doppio senso;Asciutto;Asfaltata;Verticale ed orizzontale;Sereno;Intenso;Buona;;0;0;0;2;12.5342;41.7963;-1;1;Autovettura privata;In marcia / fermata / arresto;Passeggero;M;Illeso;0;;;
5732913;11;07/12/2021 14:00:00;Strada Urbana;VIA ARDEATINA;in corrispondenza;;del civico n.;950;;Ribaltamento senza urto contro ostacolo fisso;Rettilineo;Una carreggiata a doppio senso;Asciutto;Asfaltata;Verticale ed orizzontale;Sereno;Intenso;Buona;;0;0;0;2;12.5342;41.7963;-1;2;Autocarro inferiore 35 q.;Allontanatosi;;;;;;;
5732924;11;08/12/2021 04:10:00;Strada Urbana;VIA GIULIO ARISTIDE SARTORIO;in corrispondenza;;del civico n.;8;;Veicolo in marcia contro ostacolo fisso;Rettilineo;Due carreggiate;Asciutto;Asfaltata;Assente;Sereno;Scarso;Buona;;0;0;0;1;12.5004;41.8518;-1;1;Autovettura privata;In marcia / fermata / arresto;Conducente;M;Illeso;0;;;
5732924;11;08/12/2021 04:10:00;Strada Urbana;VIA GIULIO ARISTIDE SARTORIO;in corrispondenza;;del civico n.;8;;Veicolo in marcia contro ostacolo fisso;Rettilineo;Due carreggiate;Asciutto;Asfaltata;Assente;Sereno;Scarso;Buona;;0;0;0;1;12.5004;41.8518;-1;2;Autovettura privata;Sosta;;;;;;;
5732924;11;08/12/2021 04:10:00;Strada Urbana;VIA GIULIO ARISTIDE SARTORIO;in corrispondenza;;del civico n.;8;;Veicolo in marcia contro ostacolo fisso;Rettilineo;Due carreggiate;Asciutto;Asfaltata;Assente;Sereno;Scarso;Buona;;0;0;0;1;12.5004;41.8518;-1;3;Autovettura privata;Sosta;;;;;;;
5732924;11;08/12/2021 04:10:00;Strada Urbana;VIA GIULIO ARISTIDE SARTORIO;in corrispondenza;;del civico n.;8;;Veicolo in marcia contro ostacolo fisso;Rettilineo;Due carreggiate;Asciutto;Asfaltata;Assente;Sereno;Scarso;Buona;;0;0;0;1;12.5004;41.8518;-1;4;Autocarro inferiore 35 q.;Sosta;;;;;;;
5733224;12;07/12/2021 16:00:00;Strada Urbana;VIA DELLA FISICA;in prossimità;;del civico n.;14;;Veicolo in marcia contro veicoli in sosta;Rettilineo;Una carreggiata a senso unico di marcia;Asciutto;Asfaltata;Verticale ed orizzontale;Sereno;Normale;Buona;;0;0;0;2;12.4651;41.8338;-1;1;Autovettura privata;In marcia / fermata / arresto;Conducente;F;Illeso;0;;;
5733224;12;07/12/2021 16:00:00;Strada Urbana;VIA DELLA FISICA;in prossimità;;del civico n.;14;;Veicolo in marcia contro veicoli in sosta;Rettilineo;Una carreggiata a senso unico di marcia;Asciutto;Asfaltata;Verticale ed orizzontale;Sereno;Normale;Buona;;0;0;0;2;12.4651;41.8338;-1;1;Autovettura privata;In marcia / fermata / arresto;Passeggero;M;Illeso;0;;;
5733224;12;07/12/2021 16:00:00;Strada Urbana;VIA DELLA FISICA;in prossimità;;del civico n.;14;;Veicolo in marcia contro veicoli in sosta;Rettilineo;Una carreggiata a senso unico di marcia;Asciutto;Asfaltata;Verticale ed orizzontale;Sereno;Normale;Buona;;0;0;0;2;12.4651;41.8338;-1;2;Quadriciclo leggero;Sosta;;;;;;;
5733224;12;07/12/2021 16:00:00;Strada Urbana;VIA DELLA FISICA;in prossimità;;del civico n.;14;;Veicolo in marcia contro veicoli in sosta;Rettilineo;Una carreggiata a senso unico di marcia;Asciutto;Asfaltata;Verticale ed orizzontale;Sereno;Normale;Buona;;0;0;0;2;12.4651;41.8338;-1;3;Quadriciclo leggero;Sosta;;;;;;;
5733224;12;07/12/2021 16:00:00;Strada Urbana;VIA DELLA FISICA;in prossimità;;del civico n.;14;;Veicolo in marcia contro veicoli in sosta;Rettilineo;Una carreggiata a senso unico di marcia;Asciutto;Asfaltata;Verticale ed orizzontale;Sereno;Normale;Buona;;0;0;0;2;12.4651;41.8338;-1;4;Autovettura privata;Sosta;;;;;;;
5733260;1;08/12/2021 14:15:00;Strada Urbana;CORSO VITTORIO EMANUELE II;in corrispondenza;;del civico n.;67;;Investimento di pedone;Rettilineo;Una carreggiata a doppio senso;Bagnato (pioggia);Asfaltata;Verticale ed orizzontale;Pioggia in atto;Normale;Buona;;2;0;0;0;12.4761;41.8962;-1;;;;Pedone;M;Ricoverato;0;NON DECEDUTO;;
5733260;1;08/12/2021 14:15:00;Strada Urbana;CORSO VITTORIO EMANUELE II;in corrispondenza;;del civico n.;67;;Investimento di pedone;Rettilineo;Una carreggiata a doppio senso;Bagnato (pioggia);Asfaltata;Verticale ed orizzontale;Pioggia in atto;Normale;Buona;;2;0;0;0;12.4761;41.8962;-1;1;Motociclo a solo;In marcia / fermata / arresto;Conducente;M;Ricoverato;0;NON DECEDUTO;;
5733264;8;08/12/2021 19:00:00;Strada Urbana;VIA MARIO PASTORE;da specificare;;;;in prossimità VIA TENSI;Veicolo in marcia contro ostacolo accidentale;Rettilineo;Una carreggiata a senso unico di marcia;Bagnato (umidità in atto);Asfaltata;Verticale ed orizzontale;Pioggia in atto;Scarso;Insufficiente;;0;0;0;3;12.6157;41.8468;-1;1;Autovettura privata;In marcia / fermata / arresto;Conducente;M;Illeso;0;;;
5733264;8;08/12/2021 19:00:00;Strada Urbana;VIA MARIO PASTORE;da specificare;;;;in prossimità VIA TENSI;Veicolo in marcia contro ostacolo accidentale;Rettilineo;Una carreggiata a senso unico di marcia;Bagnato (umidità in atto);Asfaltata;Verticale ed orizzontale;Pioggia in atto;Scarso;Insufficiente;;0;0;0;3;12.6157;41.8468;-1;1;Autovettura privata;In marcia / fermata / arresto;Passeggero;F;Illeso;0;;;
5733264;8;08/12/2021 19:00:00;Strada Urbana;VIA MARIO PASTORE;da specificare;;;;in prossimità VIA TENSI;Veicolo in marcia contro ostacolo accidentale;Rettilineo;Una carreggiata a senso unico di marcia;Bagnato (umidità in atto);Asfaltata;Verticale ed orizzontale;Pioggia in atto;Scarso;Insufficiente;;0;0;0;3;12.6157;41.8468;-1;1;Autovettura privata;In marcia / fermata / arresto;Passeggero;M;Illeso;0;;;
5733265;8;08/12/2021 14:25:00;Strada Urbana;VIA ALBERTO LUTHULI;all'intersezione con;VIA DON PRIMO MAZZOLARI;VIA DON PRIMO MAZZOLARI;;;Scontro frontale/laterale DX fra veicoli in marcia;Intersezione stradale segnalata;Una carreggiata a doppio senso;Bagnato (pioggia);Asfaltata;Verticale ed orizzontale;Grandine in atto;Scarso;Sufficiente;;0;0;0;4;12.6763;41.8938;-1;1;Autovettura privata;In marcia / fermata / arresto;Conducente;M;Illeso;0;;Non accertato;
5733265;8;08/12/2021 14:25:00;Strada Urbana;VIA ALBERTO LUTHULI;all'intersezione con;VIA DON PRIMO MAZZOLARI;VIA DON PRIMO MAZZOLARI;;;Scontro frontale/laterale DX fra veicoli in marcia;Intersezione stradale segnalata;Una carreggiata a doppio senso;Bagnato (pioggia);Asfaltata;Verticale ed orizzontale;Grandine in atto;Scarso;Sufficiente;;0;0;0;4;12.6763;41.8938;-1;1;Autovettura privata;In marcia / fermata / arresto;Passeggero;F;Illeso;0;;;
5733265;8;08/12/2021 14:25:00;Strada Urbana;VIA ALBERTO LUTHULI;all'intersezione con;VIA DON PRIMO MAZZOLARI;VIA DON PRIMO MAZZOLARI;;;Scontro frontale/laterale DX fra veicoli in marcia;Intersezione stradale segnalata;Una carreggiata a doppio senso;Bagnato (pioggia);Asfaltata;Verticale ed orizzontale;Grandine in atto;Scarso;Sufficiente;;0;0;0;4;12.6763;41.8938;-1;1;Autovettura privata;In marcia / fermata / arresto;Passeggero;M;Illeso;0;;Non accertato;Inesploso
5733265;8;08/12/2021 14:25:00;Strada Urbana;VIA ALBERTO LUTHULI;all'intersezione con;VIA DON PRIMO MAZZOLARI;VIA DON PRIMO MAZZOLARI;;;Scontro frontale/laterale DX fra veicoli in marcia;Intersezione stradale segnalata;Una carreggiata a doppio senso;Bagnato (pioggia);Asfaltata;Verticale ed orizzontale;Grandine in atto;Scarso;Sufficiente;;0;0;0;4;12.6763;41.8938;-1;2;Autovettura privata;In marcia / fermata / arresto;Conducente;M;Illeso;0;;Non accertato;Inesploso
5733273;8;08/12/2021 17:20:00;Strada Urbana;VIA CASILINA;in prossimità;;del civico n.;1424;;Tamponamento Multiplo;Rettilineo;Una carreggiata a doppio senso;Bagnato (pioggia);Asfaltata;Verticale ed orizzontale;Pioggia in atto;Scarso;Sufficiente;;0;0;0;3;12.619;41.8629;-1;1;Autovettura privata;In marcia / fermata / arresto;Conducente;M;Illeso;0;;Non accertato;Inesploso
5733273;8;08/12/2021 17:20:00;Strada Urbana;VIA CASILINA;in prossimità;;del civico n.;1424;;Tamponamento Multiplo;Rettilineo;Una carreggiata a doppio senso;Bagnato (pioggia);Asfaltata;Verticale ed orizzontale;Pioggia in atto;Scarso;Sufficiente;;0;0;0;3;12.619;41.8629;-1;2;Autovettura privata;In marcia / fermata / arresto;Conducente;F;Illeso;0;;Non accertato;Inesploso
5733273;8;08/12/2021 17:20:00;Strada Urbana;VIA CASILINA;in prossimità;;del civico n.;1424;;Tamponamento Multiplo;Rettilineo;Una carreggiata a doppio senso;Bagnato (pioggia);Asfaltata;Verticale ed orizzontale;Pioggia in atto;Scarso;Sufficiente;;0;0;0;3;12.619;41.8629;-1;3;Autovettura privata;In marcia / fermata / arresto;Conducente;M;Illeso;0;;Non accertato;Inesploso
5733295;8;08/12/2021 18:05:00;Strada Urbana;VIA COLLATINA;in prossimità;;del civico n.;858;;Scontro frontale/laterale DX fra veicoli in marcia;Rettilineo;Una carreggiata a doppio senso;Bagnato (pioggia);Lastricata;Orizzontale;Pioggia in atto;Normale;Buona;;0;0;0;3;12.662;41.9159;-1;1;Autovettura privata;In marcia / fermata / arresto;Conducente;F;Illeso;0;;Non accertato;Inesploso
5733295;8;08/12/2021 18:05:00;Strada Urbana;VIA COLLATINA;in prossimità;;del civico n.;858;;Scontro frontale/laterale DX fra veicoli in marcia;Rettilineo;Una carreggiata a doppio senso;Bagnato (pioggia);Lastricata;Orizzontale;Pioggia in atto;Normale;Buona;;0;0;0;3;12.662;41.9159;-1;1;Autovettura privata;In marcia / fermata / arresto;Passeggero;F;Illeso;0;;Non accertato;Inesploso
5733295;8;08/12/2021 18:05:00;Strada Urbana;VIA COLLATINA;in prossimità;;del civico n.;858;;Scontro frontale/laterale DX fra veicoli in marcia;Rettilineo;Una carreggiata a doppio senso;Bagnato (pioggia);Lastricata;Orizzontale;Pioggia in atto;Normale;Buona;;0;0;0;3;12.662;41.9159;-1;1;Autovettura privata;In marcia / fermata / arresto;Passeggero;F;Illeso;0;;Non accertato;Inesploso
5733295;8;08/12/2021 18:05:00;Strada Urbana;VIA COLLATINA;in prossimità;;del civico n.;858;;Scontro frontale/laterale DX fra veicoli in marcia;Rettilineo;Una carreggiata a doppio senso;Bagnato (pioggia);Lastricata;Orizzontale;Pioggia in atto;Normale;Buona;;0;0;0;3;12.662;41.9159;-1;2;Autovettura privata;In marcia / fermata / arresto;;;;;;;
5733304;8;08/12/2021 19:30:00;Strada Urbana;VIALE OXFORD;da specificare;;;;all'altezza BURGER KING;Tamponamento;Rettilineo;Una carreggiata a senso unico di marcia;Bagnato (pioggia);Asfaltata;Verticale ed orizzontale;Pioggia in atto;Scarso;Buona;;0;0;0;3;12.6276;41.8611;-1;1;Autovettura privata;In marcia / fermata / arresto;Conducente;M;Illeso;0;;;
5733304;8;08/12/2021 19:30:00;Strada Urbana;VIALE OXFORD;da specificare;;;;all'altezza BURGER KING;Tamponamento;Rettilineo;Una carreggiata a senso unico di marcia;Bagnato (pioggia);Asfaltata;Verticale ed orizzontale;Pioggia in atto;Scarso;Buona;;0;0;0;3;12.6276;41.8611;-1;2;Autocarro inferiore 35 q.;In marcia / fermata / arresto;Conducente;M;Illeso;0;;;
5733304;8;08/12/2021 19:30:00;Strada Urbana;VIALE OXFORD;da specificare;;;;all'altezza BURGER KING;Tamponamento;Rettilineo;Una carreggiata a senso unico di marcia;Bagnato (pioggia);Asfaltata;Verticale ed orizzontale;Pioggia in atto;Scarso;Buona;;0;0;0;3;12.6276;41.8611;-1;2;Autocarro inferiore 35 q.;In marcia / fermata / arresto;Passeggero;M;Illeso;0;;;
5733308;9;08/12/2021 05:20:00;Strada Urbana;VIA CASILINA;all'intersezione con;PIAZZA DEL PIGNETO;PIAZZA DEL PIGNETO;;;Scontro frontale/laterale SX fra veicoli in marcia;Intersezione semaforizzata;Due carreggiate;Asciutto;Asfaltata;Verticale ed orizzontale;Nuvoloso;Scarso;Buona;;0;0;0;2;12.5229;41.8891;-1;1;Autovettura privata;In marcia / fermata / arresto;Conducente;M;Illeso;0;;Non accertato;Inesploso
5733308;9;08/12/2021 05:20:00;Strada Urbana;VIA CASILINA;all'intersezione con;PIAZZA DEL PIGNETO;PIAZZA DEL PIGNETO;;;Scontro frontale/laterale SX fra veicoli in marcia;Intersezione semaforizzata;Due carreggiate;Asciutto;Asfaltata;Verticale ed orizzontale;Nuvoloso;Scarso;Buona;;0;0;0;2;12.5229;41.8891;-1;2;Autovettura privata;In marcia / fermata / arresto;Conducente;M;Illeso;0;;Non accertato;Inesploso
5733309;10;08/12/2021 19:00:00;Strada Urbana;VIALE ANTONIO CIAMARRA;da specificare;;;;Pross. civ. 311 distributore " IP";Investimento di pedone;Rettilineo;Due carreggiate;Bagnato (pioggia);Asfaltata;Verticale ed orizzontale;Pioggia in atto;Normale;Insufficiente;;1;0;0;1;12.5908;41.8573;-1;;;;Pedone;M;Rimandato;0;NON DECEDUTO;;
5733309;10;08/12/2021 19:00:00;Strada Urbana;VIALE ANTONIO CIAMARRA;da specificare;;;;Pross. civ. 311 distributore " IP";Investimento di pedone;Rettilineo;Due carreggiate;Bagnato (pioggia);Asfaltata;Verticale ed orizzontale;Pioggia in atto;Normale;Insufficiente;;1;0;0;1;12.5908;41.8573;-1;1;Autovettura privata;In marcia / fermata / arresto;Conducente;M;Illeso;0;;Non accertato;Inesploso
5733325;5;07/12/2021 09:20:00;Strada Urbana;VIA DI CASAL BIANCO;all'intersezione con;VIA CANTERANO;VIA CANTERANO;;;Scontro frontale/laterale DX fra veicoli in marcia;Incrocio;Una carreggiata a doppio senso;Asciutto;Asfaltata;Verticale ed orizzontale;Sereno;Normale;Buona;;1;0;0;1;12.6262;41.94;-1;1;Autovettura privata;In marcia / fermata / arresto;Conducente;M;Illeso;0;;Non accertato;