Protocollo;Gruppo;DataOraIncidente;Localizzazione1;STRADA1;Localizzazione2;STRADA2;Strada02;Chilometrica;DaSpecificare;NaturaIncidente;particolaritastrade;TipoStrada;FondoStradale;Pavimentazione;Segnaletica;CondizioneAtmosferica;Traffico;Visibilita;Illuminazione;NUM_FERITI;NUM_RISERVATA;NUM_MORTI;NUM_ILLESI;Longitude;Latitude;Confermato;Progressivo;TipoVeicolo;StatoVeicolo;TipoPersona;Sesso;Tipolesione;Deceduto;DecedutoDopo;CinturaCascoUtilizzato;Airbag;
5733325;5;07/12/2021 09:20:00;Strada Urbana;VIA DI CASAL BIANCO;all'intersezione con;VIA CANTERANO;VIA CANTERANO;;;Scontro frontale/laterale DX fra veicoli in marcia;Incrocio;Una carreggiata a doppio senso;Asciutto;Asfaltata;Verticale ed orizzontale;Sereno;Normale;Buona;;1;0;0;1;12.6262;41.94;-1;2;Motociclo a solo;In marcia / fermata / arresto;Conducente;M;Rimandato;0;NON DECEDUTO;Non utilizzato;
5733326;11;07/12/2021 19:05:00;Strada Urbana;VIA DEI CONCIATORI;in corrispondenza;;del civico n.;1;;Veicolo in marcia contro veicolo in sosta;Rettilineo;Una carreggiata a senso unico di marcia;Asciutto;Asfaltata;Verticale ed orizzontale;Sereno;Normale;Sufficiente;;0;0;0;1;12.4802;41.8744;-1;1;Autovettura privata;Sosta;;;;;;;
5733326;11;07/12/2021 19:05:00;Strada Urbana;VIA DEI CONCIATORI;in corrispondenza;;del civico n.;1;;Veicolo in marcia contro veicolo in sosta;Rettilineo;Una carreggiata a senso unico di marcia;Asciutto;Asfaltata;Verticale ed orizzontale;Sereno;Normale;Sufficiente;;0;0;0;1;12.4802;41.8744;-1;2;Monopattino elettrico;In marcia / fermata / arresto;Conducente;F;Illeso;0;;;
5733337;9;07/12/2021 23:30:00;;VIA TUSCOLANA;da specificare;;;;altezza di via Frascati;Scontro laterale fra veicoli in marcia;;;;;;;;;;0;0;0;1;;;0;1;Autovettura privata;In marcia / fermata / arresto;Conducente;M;Illeso;0;;;
5733337;9;07/12/2021 23:30:00;;VIA TUSCOLANA;da specificare;;;;altezza di via Frascati;Scontro laterale fra veicoli in marcia;;;;;;;;;;0;0;0;1;;;0;2;Motociclo a solo;In marcia / fermata / arresto;;;;;;;
5733350;11;09/12/2021 05:10:00;Strada Urbana;VIALE FERDINANDO BALDELLI;all'intersezione semaforizzata con;VIA TULLIO LEVI CIVITA;VIA TULLIO LEVI CIVITA;;;Scontro frontale/laterale DX fra veicoli in marcia;Intersezione semaforizzata;Più di due carreggiate;Asciutto;Asfaltata;Verticale ed orizzontale;Nuvoloso;Scarso;Buona;;1;0;0;1;12.4739;41.8573;-1;1;Autovettura privata;In marcia / fermata / arresto;Conducente;M;Rifiuta cure immediate;0;NON DECEDUTO;Non accertato;
5733350;11;09/12/2021 05:10:00;Strada Urbana;VIALE FERDINANDO BALDELLI;all'intersezione semaforizzata con;VIA TULLIO LEVI CIVITA;VIA TULLIO LEVI CIVITA;;;Scontro frontale/laterale DX fra veicoli in marcia;Intersezione semaforizzata;Più di due carreggiate;Asciutto;Asfaltata;Verticale ed orizzontale;Nuvoloso;Scarso;Buona;;1;0;0;1;12.4739;41.8573;-1;2;Autovettura privata;In marcia / fermata / arresto;Conducente;M;Illeso;0;;Non accertato;
5733352;5;07/12/2021 15:40:00;Strada Urbana;VIA TIBURTINA;da specificare;;;;area parcheggio Metro Santa Maria del Soccorso;Scontro frontale/laterale SX fra veicoli in marcia;Rettilineo;Una carreggiata a senso unico di marcia;Asciutto;Asfaltata;Verticale ed orizzontale;Sereno;Scarso;Buona;;0;0;0;2;12.5591;41.9145;-1;1;Autovettura privata;In marcia / fermata / arresto;Conducente;M;Illeso;0;;;
5733352;5;07/12/2021 15:40:00;Strada Urbana;VIA TIBURTINA;da specificare;;;;area parcheggio Metro Santa Maria del Soccorso;Scontro frontale/laterale SX fra veicoli in marcia;Rettilineo;Una carreggiata a senso unico di marcia;Asciutto;Asfaltata;Verticale ed orizzontale;Sereno;Scarso;Buona;;0;0;0;2;12.5591;41.9145;-1;2;Autovettura privata;In marcia / fermata / arresto;Conducente;F;Illeso;0;;;
5733358;9;08/12/2021 15:50:00;Strada Urbana;VIA MONTEFALCO;all'intersezione con;VIA TODI;VIA TODI;;;Scontro frontale/laterale DX fra veicoli in marcia;Incrocio;Una carreggiata a senso unico di marcia;Bagnato (pioggia);Asfaltata;Verticale ed orizzontale;Nuvoloso;Scarso;Buona;;0;0;0;3;12.5292;41.8799;-1;1;Autocarro inferiore 35 q.;In marcia / fermata / arresto;Conducente;M;Illeso;0;;Non accertato;Inesploso
5733358;9;08/12/2021 15:50:00;Strada Urbana;VIA MONTEFALCO;all'intersezione con;VIA TODI;VIA TODI;;;Scontro frontale/laterale DX fra veicoli in marcia;Incrocio;Una carreggiata a senso unico di marcia;Bagnato (pioggia);Asfaltata;Verticale ed orizzontale;Nuvoloso;Scarso;Buona;;0;0;0;3;12.5292;41.8799;-1;1;Autocarro inferiore 35 q.;In marcia / fermata / arresto;Passeggero;M;Illeso;0;;Non accertato;Inesploso
5733358;9;08/12/2021 15:50:00;Strada Urbana;VIA MONTEFALCO;all'intersezione con;VIA TODI;VIA TODI;;;Scontro frontale/laterale DX fra veicoli in marcia;Incrocio;Una carreggiata a senso unico di marcia;Bagnato (pioggia);Asfaltata;Verticale ed orizzontale;Nuvoloso;Scarso;Buona;;0;0;0;3;12.5292;41.8799;-1;2;Autovettura privata;In marcia / fermata / arresto;Conducente;M;Illeso;0;;Non accertato;Esploso
5733358;9;08/12/2021 15:50:00;Strada Urbana;VIA MONTEFALCO;all'intersezione con;VIA TODI;VIA TODI;;;Scontro frontale/laterale DX fra veicoli in marcia;Incrocio;Una carreggiata a senso unico di marcia;Bagnato (pioggia);Asfaltata;Verticale ed orizzontale;Nuvoloso;Scarso;Buona;;0;0;0;3;12.5292;41.8799;-1;3;Autovettura privata;Sosta;;;;;;;
5733358;9;08/12/2021 15:50:00;Strada Urbana;VIA MONTEFALCO;all'intersezione con;VIA TODI;VIA TODI;;;Scontro frontale/laterale DX fra veicoli in marcia;Incrocio;Una carreggiata a senso unico di marcia;Bagnato (pioggia);Asfaltata;Verticale ed orizzontale;Nuvoloso;Scarso;Buona;;0;0;0;3;12.5292;41.8799;-1;4;Autovettura privata;Sosta;;;;;;;
5733363;1;08/12/2021 15:00:00;Strada Urbana;VIA PIEMONTE;all'intersezione con;VIA SALLUSTIANA;VIA SALLUSTIANA;;;Scontro frontale/laterale DX fra veicoli in marcia;Intersezione stradale segnalata;Una carreggiata a senso unico di marcia;Bagnato (pioggia);Asfaltata;Verticale ed orizzontale;Pioggia in atto;Scarso;Sufficiente;;3;0;0;0;12.4939;41.9071;-1;1;Autovettura privata;In marcia / fermata / arresto;Conducente;F;Rimandato;0;NON DECEDUTO;;
5733363;1;08/12/2021 15:00:00;Strada Urbana;VIA PIEMONTE;all'intersezione con;VIA SALLUSTIANA;VIA SALLUSTIANA;;;Scontro frontale/laterale DX fra veicoli in marcia;Intersezione stradale segnalata;Una carreggiata a senso unico di marcia;Bagnato (pioggia);Asfaltata;Verticale ed orizzontale;Pioggia in atto;Scarso;Sufficiente;;3;0;0;0;12.4939;41.9071;-1;1;Autovettura privata;In marcia / fermata / arresto;Passeggero;F;Rimandato;0;NON DECEDUTO;;
5733363;1;08/12/2021 15:00:00;Strada Urbana;VIA PIEMONTE;all'intersezione con;VIA SALLUSTIANA;VIA SALLUSTIANA;;;Scontro frontale/laterale DX fra veicoli in marcia;Intersezione stradale segnalata;Una carreggiata a senso unico di marcia;Bagnato (pioggia);Asfaltata;Verticale ed orizzontale;Pioggia in atto;Scarso;Sufficiente;;3;0;0;0;12.4939;41.9071;-1;2;Autovettura privata;In marcia / fermata / arresto;Conducente;F;Rimandato;0;NON DECEDUTO;;
5733371;9;08/12/2021 18:25:00;Strada Urbana;VIA IMERA;in prossimità;;del civico n.;12;;Tamponamento;Rettilineo;Una carreggiata a doppio senso;Bagnato (pioggia);Asfaltata;Verticale ed orizzontale;Pioggia in atto;Normale;Buona;;0;0;0;2;12.5105;41.8781;-1;1;Autovettura privata;In marcia / fermata / arresto;Conducente;M;Illeso;0;;Non accertato;Inesploso
5733371;9;08/12/2021 18:25:00;Strada Urbana;VIA IMERA;in prossimità;;del civico n.;12;;Tamponamento;Rettilineo;Una carreggiata a doppio senso;Bagnato (pioggia);Asfaltata;Verticale ed orizzontale;Pioggia in atto;Normale;Buona;;0;0;0;2;12.5105;41.8781;-1;2;Autovettura privata;In marcia / fermata / arresto;Conducente;M;Illeso;0;;Non accertato;Inesploso
5733377;8;08/12/2021 18:30:00;Strada Urbana;VIA CARDINALE LUIGI TRAGLIA;in prossimità;;del civico n.;23;;Veicolo in marcia contro veicolo in sosta;Rettilineo;Una carreggiata a doppio senso;Asciutto;Asfaltata;Assente;Sereno;Scarso;Buona;;0;0;0;1;12.6731;41.9074;-1;1;Autovettura privata;Sosta;;;;;;;
5733377;8;08/12/2021 18:30:00;Strada Urbana;VIA CARDINALE LUIGI TRAGLIA;in prossimità;;del civico n.;23;;Veicolo in marcia contro veicolo in sosta;Rettilineo;Una carreggiata a doppio senso;Asciutto;Asfaltata;Assente;Sereno;Scarso;Buona;;0;0;0;1;12.6731;41.9074;-1;2;Autovettura privata;In marcia / fermata / arresto;Conducente;M;Illeso;0;;Non accertato;Inesploso
5733378;5;07/12/2021 17:00:00;Strada Urbana;VIA DI S. ALESSANDRO;da specificare;;;;palo Telecom A000125384;Scontro laterale fra veicoli in marcia;Rettilineo;Una carreggiata a doppio senso;Asciutto;Asfaltata;Orizzontale;Sereno;Normale;Insufficiente;;1;0;0;4;12.5907;41.9532;-1;1;Autovettura privata;In marcia / fermata / arresto;Conducente;M;Illeso;0;;Non accertato;Inesploso
5733378;5;07/12/2021 17:00:00;Strada Urbana;VIA DI S. ALESSANDRO;da specificare;;;;palo Telecom A000125384;Scontro laterale fra veicoli in marcia;Rettilineo;Una carreggiata a doppio senso;Asciutto;Asfaltata;Orizzontale;Sereno;Normale;Insufficiente;;1;0;0;4;12.5907;41.9532;-1;1;Autovettura privata;In marcia / fermata / arresto;Passeggero;F;Illeso;0;;Non accertato;Inesploso
5733378;5;07/12/2021 17:00:00;Strada Urbana;VIA DI S. ALESSANDRO;da specificare;;;;palo Telecom A000125384;Scontro laterale fra veicoli in marcia;Rettilineo;Una carreggiata a doppio senso;Asciutto;Asfaltata;Orizzontale;Sereno;Normale;Insufficiente;;1;0;0;4;12.5907;41.9532;-1;1;Autovettura privata;In marcia / fermata / arresto;Passeggero;M;Illeso;0;;Non accertato;Inesploso
5733378;5;07/12/2021 17:00:00;Strada Urbana;VIA DI S. ALESSANDRO;da specificare;;;;palo Telecom A000125384;Scontro laterale fra veicoli in marcia;Rettilineo;Una carreggiata a doppio senso;Asciutto;Asfaltata;Orizzontale;Sereno;Normale;Insufficiente;;1;0;0;4;12.5907;41.9532;-1;2;Motociclo a solo;In marcia / fermata / arresto;Conducente;M;Rimandato;0;NON DECEDUTO;;
5733380;20;08/12/2021 17:50:00;Strada Urbana;VIA CASSIA;da specificare;;;;fronte civico 721;Scontro laterale fra veicoli in marcia;Rettilineo;Una carreggiata a doppio senso;Bagnato (pioggia);Asfaltata;Verticale ed orizzontale;Pioggia in atto;Normale;Sufficiente;;0;0;0;3;12.4456;41.9662;-1;1;Autobus di linea;In marcia / fermata / arresto;Conducente;M;Illeso;0;;Non accertato;Inesploso
5733380;20;08/12/2021 17:50:00;Strada Urbana;VIA CASSIA;da specificare;;;;fronte civico 721;Scontro laterale fra veicoli in marcia;Rettilineo;Una carreggiata a doppio senso;Bagnato (pioggia);Asfaltata;Verticale ed orizzontale;Pioggia in atto;Normale;Sufficiente;;0;0;0;3;12.4456;41.9662;-1;2;Autovettura privata;In marcia / fermata / arresto;Conducente;M;Illeso;0;;Non accertato;Inesploso
5733380;20;08/12/2021 17:50:00;Strada Urbana;VIA CASSIA;da specificare;;;;fronte civico 721;Scontro laterale fra veicoli in marcia;Rettilineo;Una carreggiata a doppio senso;Bagnato (pioggia);Asfaltata;Verticale ed orizzontale;Pioggia in atto;Normale;Sufficiente;;0;0;0;3;12.4456;41.9662;-1;2;Autovettura privata;In marcia / fermata / arresto;Passeggero;F;Illeso;0;;Non accertato;Inesploso
5733384;10;08/12/2021 22:00:00;Strada Urbana;VIA ANAGNINA;da specificare;;;;prossimità di via Seminara;Veicolo in marcia contro ostacolo fisso;Rettilineo;Due carreggiate;Bagnato (pioggia);Asfaltata;Verticale ed orizzontale;Nuvoloso;Scarso;Sufficiente;;0;0;0;1;12.6087;41.8213;-1;1;Autovettura privata;In marcia / fermata / arresto;Conducente;M;Illeso;0;;Non accertato;Inesploso
5733389;6;08/12/2021 17:00:00;Strada Urbana;VIALE DELLA PRIMAVERA;in corrispondenza;;del civico n.;194;;Veicolo in marcia contro veicolo in sosta;Rettilineo;Una carreggiata a senso unico di marcia;Bagnato (pioggia);Asfaltata;Verticale ed orizzontale;Pioggia in atto;Normale;Buona;;0;0;0;2;12.5605;41.8818;-1;1;Autovettura privata;In marcia / fermata / arresto;Conducente;M;Illeso;0;;Non accertato;Inesploso
5733389;6;08/12/2021 17:00:00;Strada Urbana;VIALE DELLA PRIMAVERA;in corrispondenza;;del civico n.;194;;Veicolo in marcia contro veicolo in sosta;Rettilineo;Una carreggiata a senso unico di marcia;Bagnato (pioggia);Asfaltata;Verticale ed orizzontale;Pioggia in atto;Normale;Buona;;0;0;0;2;12.5605;41.8818;-1;1;Autovettura privata;In marcia / fermata / arresto;Passeggero;M;Illeso;0;;Non accertato;Inesploso
5733389;6;08/12/2021 17:00:00;Strada Urbana;VIALE DELLA PRIMAVERA;in corrispondenza;;del civico n.;194;;Veicolo in marcia contro veicolo in sosta;Rettilineo;Una carreggiata a senso unico di marcia;Bagnato (pioggia);Asfaltata;Verticale ed orizzontale;Pioggia in atto;Normale;Buona;;0;0;0;2;12.5605;41.8818;-1;2;Autovettura privata;Sosta;;;;;;;
5733393;5;07/12/2021 18:10:00;Strada Urbana;VIA TIBURTINA;in corrispondenza;;del civico n.;1470;;Investimento di pedone;Rettilineo;Una carreggiata a doppio senso;Asciutto;Asfaltata;Temporanea di cantiere;Sereno;Intenso;Buona;;1;0;0;1;12.6317;41.9402;-1;;;;Pedone;M;Rimandato;0;NON DECEDUTO;;
5733393;5;07/12/2021 18:10:00;Strada Urbana;VIA TIBURTINA;in corrispondenza;;del civico n.;1470;;Investimento di pedone;Rettilineo;Una carreggiata a doppio senso;Asciutto;Asfaltata;Temporanea di cantiere;Sereno;Intenso;Buona;;1;0;0;1;12.6317;41.9402;-1;1;Autovettura privata;In marcia / fermata / arresto;Conducente;F;Illeso;0;;Non accertato;
5733401;5;08/12/2021 18:30:00;Strada Urbana;VIA DI CASAL BIANCO;da specificare;;;;rotatoria via di M. Simone;Scontro frontale/laterale DX fra veicoli in marcia;Rotatoria;Due carreggiate;Bagnato (pioggia);Asfaltata;Verticale ed orizzontale;Pioggia in atto;Normale;Insufficiente;;0;0;0;3;12.6455;41.947;-1;1;Autocarro inferiore 35 q.;In marcia / fermata / arresto;Conducente;M;Illeso;0;;Non accertato;
5733401;5;08/12/2021 18:30:00;Strada Urbana;VIA DI CASAL BIANCO;da specificare;;;;rotatoria via di M. Simone;Scontro frontale/laterale DX fra veicoli in marcia;Rotatoria;Due carreggiate;Bagnato (pioggia);Asfaltata;Verticale ed orizzontale;Pioggia in atto;Normale;Insufficiente;;0;0;0;3;12.6455;41.947;-1;2;Autovettura privata;In marcia / fermata / arresto;Conducente;F;Illeso;0;;Non accertato;
5733401;5;08/12/2021 18:30:00;Strada Urbana;VIA DI CASAL BIANCO;da specificare;;;;rotatoria via di M. Simone;Scontro frontale/laterale DX fra veicoli in marcia;Rotatoria;Due carreggiate;Bagnato (pioggia);Asfaltata;Verticale ed orizzontale;Pioggia in atto;Normale;Insufficiente;;0;0;0;3;12.6455;41.947;-1;2;Autovettura privata;In marcia / fermata / arresto;Passeggero;M;Illeso;0;;Non accertato;
5733417;10;09/12/2021 05:55:00;Strada Urbana;VIA BERNARDINO ALIMENA;all'intersezione con;VIA ORAZIO RAIMONDO;VIA ORAZIO RAIMONDO;;;Investimento di pedone;Incrocio;Più di due carreggiate;Bagnato (pioggia);Asfaltata;Verticale ed orizzontale;Pioggia in atto;Normale;Insufficiente;;1;0;0;1;12.5977;41.8486;-1;;;;Pedone;M;Rimandato;0;NON DECEDUTO;;
5733417;10;09/12/2021 05:55:00;Strada Urbana;VIA BERNARDINO ALIMENA;all'intersezione con;VIA ORAZIO RAIMONDO;VIA ORAZIO RAIMONDO;;;Investimento di pedone;Incrocio;Più di due carreggiate;Bagnato (pioggia);Asfaltata;Verticale ed orizzontale;Pioggia in atto;Normale;Insufficiente;;1;0;0;1;12.5977;41.8486;-1;1;Autovettura privata;In marcia / fermata / arresto;Conducente;M;Illeso;0;;Non accertato;Inesploso
5733418;5;07/12/2021 20:10:00;Strada Urbana;VIA TIBURTINA;all'intersezione semaforizzata con;VIA DI PORTONACCIO;VIA DI PORTONACCIO;;;Scontro laterale fra veicoli in marcia;Intersezione semaforizzata;Una carreggiata a doppio senso;Asciutto;Asfaltata;Verticale ed orizzontale;Sereno;Normale;Buona;;0;0;0;3;12.5342;41.9082;-1;1;Autocarro superiore 35 q.;In marcia / fermata / arresto;Conducente;M;Illeso;0;;Non accertato;
5733418;5;07/12/2021 20:10:00;Strada Urbana;VIA TIBURTINA;all'intersezione semaforizzata con;VIA DI PORTONACCIO;VIA DI PORTONACCIO;;;Scontro laterale fra veicoli in marcia;Intersezione semaforizzata;Una carreggiata a doppio senso;Asciutto;Asfaltata;Verticale ed orizzontale;Sereno;Normale;Buona;;0;0;0;3;12.5342;41.9082;-1;2;Autovettura privata;In marcia / fermata / arresto;Conducente;F;Illeso;0;;Non accertato;
5733418;5;07/12/2021 20:10:00;Strada Urbana;VIA TIBURTINA;all'intersezione semaforizzata con;VIA DI PORTONACCIO;VIA DI PORTONACCIO;;;Scontro laterale fra veicoli in marcia;Intersezione semaforizzata;Una carreggiata a doppio senso;Asciutto;Asfaltata;Verticale ed orizzontale;Sereno;Normale;Buona;;0;0;0;3;12.5342;41.9082;-1;2;Autovettura privata;In marcia / fermata / arresto;Passeggero;F;Illeso;0;;Non accertato;
5733432;6;09/12/2021 03:10:00;Strada Urbana;VIALE PARTENOPE;in corrispondenza;;del civico n.;111;;Veicolo in marcia contro veicolo in sosta;Rettilineo;Due carreggiate;Bagnato (pioggia);Asfaltata;Verticale ed orizzontale;Pioggia in atto;Scarso;Sufficiente;;2;0;0;2;12.5513;41.8904;-1;1;Motociclo con passeggero;In marcia / fermata / arresto;Conducente;M;Ricoverato;0;NON DECEDUTO;Non accertato;
5733432;6;09/12/2021 03:10:00;Strada Urbana;VIALE PARTENOPE;in corrispondenza;;del civico n.;111;;Veicolo in marcia contro veicolo in sosta;Rettilineo;Due carreggiate;Bagnato (pioggia);Asfaltata;Verticale ed orizzontale;Pioggia in atto;Scarso;Sufficiente;;2;0;0;2;12.5513;41.8904;-1;1;Motociclo con passeggero;In marcia / fermata / arresto;Passeggero;F;Rimandato;0;NON DECEDUTO;Non accertato;
5733432;6;09/12/2021 03:10:00;Strada Urbana;VIALE PARTENOPE;in corrispondenza;;del civico n.;111;;Veicolo in marcia contro veicolo in sosta;Rettilineo;Due carreggiate;Bagnato (pioggia);Asfaltata;Verticale ed orizzontale;Pioggia in atto;Scarso;Sufficiente;;2;0;0;2;12.5513;41.8904;-1;2;Autovettura di polizia;In marcia / fermata / arresto;Conducente;M;Illeso;0;;;
5733432;6;09/12/2021 03:10:00;Strada Urbana;VIALE PARTENOPE;in corrispondenza;;del civico n.;111;;Veicolo in marcia contro veicolo in sosta;Rettilineo;Due carreggiate;Bagnato (pioggia);Asfaltata;Verticale ed orizzontale;Pioggia in atto;Scarso;Sufficiente;;2;0;0;2;12.5513;41.8904;-1;2;Autovettura di polizia;In marcia / fermata / arresto;Passeggero;M;Illeso;0;;Non accertato;Inesploso
5733432;6;09/12/2021 03:10:00;Strada Urbana;VIALE PARTENOPE;in corrispondenza;;del civico n.;111;;Veicolo in marcia contro veicolo in sosta;Rettilineo;Due carreggiate;Bagnato (pioggia);Asfaltata;Verticale ed orizzontale;Pioggia in atto;Scarso;Sufficiente;;2;0;0;2;12.5513;41.8904;-1;3;Autovettura privata;Sosta;;;;;;;
5733433;1;08/12/2021 11:00:00;Strada Urbana;VIA DELLA LUNGARA;da specificare;;;;fronte civico;Veicolo in marcia contro veicolo in sosta;Rettilineo;Una carreggiata a senso unico di marcia;Asciutto;In cubetti di porfido;Verticale ed orizzontale;Nuvoloso;Scarso;Buona;;0;0;0;1;12.4656;41.8953;-1;1;Autovettura privata;Sosta;;;;;;;
5733433;1;08/12/2021 11:00:00;Strada Urbana;VIA DELLA LUNGARA;da specificare;;;;fronte civico;Veicolo in marcia contro veicolo in sosta;Rettilineo;Una carreggiata a senso unico di marcia;Asciutto;In cubetti di porfido;Verticale ed orizzontale;Nuvoloso;Scarso;Buona;;0;0;0;1;12.4656;41.8953;-1;2;Autovettura privata;In marcia / fermata / arresto;Conducente;M;Illeso;0;;Non accertato;Inesploso
5733438;5;08/12/2021 12:40:00;Strada Urbana;VIALE FERNANDO SANTI;da specificare;;;;in prossimità di VIA PIERO CALEFFI;Scontro laterale fra veicoli in marcia;Rettilineo;Due carreggiate;Bagnato (umidità in atto);Asfaltata;Assente;Pioggia in atto;Scarso;Buona;;0;0;0;3;12.5681;41.9127;-1;1;Autocarro inferiore 35 q.;In marcia / fermata / arresto;Conducente;M;Illeso;0;;Non accertato;
5733438;5;08/12/2021 12:40:00;Strada Urbana;VIALE FERNANDO SANTI;da specificare;;;;in prossimità di VIA PIERO CALEFFI;Scontro laterale fra veicoli in marcia;Rettilineo;Due carreggiate;Bagnato (umidità in atto);Asfaltata;Assente;Pioggia in atto;Scarso;Buona;;0;0;0;3;12.5681;41.9127;-1;2;Autovettura privata;In marcia / fermata / arresto;Conducente;F;Illeso;0;;Non accertato;
5733438;5;08/12/2021 12:40:00;Strada Urbana;VIALE FERNANDO SANTI;da specificare;;;;in prossimità di VIA PIERO CALEFFI;Scontro laterale fra veicoli in marcia;Rettilineo;Due carreggiate;Bagnato (umidità in atto);Asfaltata;Assente;Pioggia in atto;Scarso;Buona;;0;0;0;3;12.5681;41.9127;-1;2;Autovettura privata;In marcia / fermata / arresto;Passeggero;M;Illeso;0;;Non accertato;
5733439;7;07/12/2021 19:15:00;Strada Urbana;VIA DEGLI ACERI;in corrispondenza;;del civico n.;106;;Veicolo in marcia contro veicolo in sosta;Rettilineo;Una carreggiata a senso unico di marcia;Asciutto;Asfaltata;Verticale ed orizzontale;Sereno;Scarso;Buona;;0;0;0;1;12.5683;41.878;-1;1;Autovettura privata;In marcia / fermata / arresto;Conducente;M;Illeso;0;;Non accertato;Inesploso
5733439;7;07/12/2021 19:15:00;Strada Urbana;VIA DEGLI ACERI;in corrispondenza;;del civico n.;106;;Veicolo in marcia contro veicolo in sosta;Rettilineo;Una carreggiata a senso unico di marcia;Asciutto;Asfaltata;Verticale ed orizzontale;Sereno;Scarso;Buona;;0;0;0;1;12.5683;41.878;-1;2;Autovettura privata;Sosta;;;;;;;
5733440;13;07/12/2021 14:30:00;Strada Urbana;VIALE DELLA MARINA;in corrispondenza;;del civico n.;24;;Veicolo in marcia contro veicolo in sosta;Rettilineo;Due carreggiate;Asciutto;Asfaltata;Orizzontale;Sereno;Normale;Buona;;0;0;0;3;12.2771;41.731;-1;1;Autovettura privata;Sosta;Passeggero;F;Illeso;0;;Non utilizzato;Inesploso
5733440;13;07/12/2021 14:30:00;Strada Urbana;VIALE DELLA MARINA;in corrispondenza;;del civico n.;24;;Veicolo in marcia contro veicolo in sosta;Rettilineo;Due carreggiate;Asciutto;Asfaltata;Orizzontale;Sereno;Normale;Buona;;0;0;0;3;12.2771;41.731;-1;1;Autovettura privata;Sosta;Passeggero;M;Illeso;0;;Non accertato;Inesploso
5733440;13;07/12/2021 14:30:00;Strada Urbana;VIALE DELLA MARINA;in corrispondenza;;del civico n.;24;;Veicolo in marcia contro veicolo in sosta;Rettilineo;Due carreggiate;Asciutto;Asfaltata;Orizzontale;Sereno;Normale;Buona;;0;0;0;3;12.2771;41.731;-1;2;Autovettura privata;In marcia / fermata / arresto;Conducente;M;Illeso;0;;Non utilizzato;Inesploso
5733444;13;07/12/2021 15:50:00;Strada Urbana;VIA DELLA MARTINICA;all'intersezione con;VIA DELL'IDROSCALO;VIA DELL'IDROSCALO;;;Scontro frontale/laterale DX fra veicoli in marcia;Incrocio;Una carreggiata a doppio senso;Asciutto;Asfaltata;Verticale ed orizzontale;Sereno;Normale;Sufficiente;;0;0;0;2;12.2623;41.7377;-1;1;Autovettura privata;In marcia / fermata / arresto;Conducente;M;Illeso;0;;Non accertato;Inesploso
5733444;13;07/12/2021 15:50:00;Strada Urbana;VIA DELLA MARTINICA;all'intersezione con;VIA DELL'IDROSCALO;VIA DELL'IDROSCALO;;;Scontro frontale/laterale DX fra veicoli in marcia;Incrocio;Una carreggiata a doppio senso;Asciutto;Asfaltata;Verticale ed orizzontale;Sereno;Normale;Sufficiente;;0;0;0;2;12.2623;41.7377;-1;2;Autovettura privata;In marcia / fermata / arresto;Conducente;M;Illeso;0;;Non accertato;Inesploso
5733448;7;07/12/2021 15:20:00;Strada Urbana;VIA PRENESTINA;all'intersezione con;VIALE PALMIRO TOGLIATTI;VIALE PALMIRO TOGLIATTI;;;Tamponamento;Incrocio;Due carreggiate;Asciutto;Asfaltata;Verticale ed orizzontale;Sereno;Normale;Buona;;0;0;0;2;12.5746;41.8949;0;1;Velocipede;In marcia / fermata / arresto;Conducente;M;Illeso;0;;Esente;
5733448;7;07/12/2021 15:20:00;Strada Urbana;VIA PRENESTINA;all'intersezione con;VIALE PALMIRO TOGLIATTI;VIALE PALMIRO TOGLIATTI;;;Tamponamento;Incrocio;Due carreggiate;Asciutto;Asfaltata;Verticale ed orizzontale;Sereno;Normale;Buona;;0;0;0;2;12.5746;41.8949;0;2;Autovettura privata;In marcia / fermata / arresto;Conducente;M;Illeso;0;;Non accertato;Inesploso
5733458;15;07/12/2021 18:15:00;Comunale extraurbana;VIA DELLA PISANA;da specificare;;;;prox palo ACEA 127;Tamponamento Multiplo;Rettilineo;Una carreggiata a doppio senso;Asciutto;Asfaltata;Orizzontale;Sereno;Normale;Buona;;1;0;0;2;12.389;41.8577;-1;1;Autovettura privata;In marcia / fermata / arresto;Conducente;M;Illeso;0;;Non accertato;Inesploso
5733458;15;07/12/2021 18:15:00;Comunale extraurbana;VIA DELLA PISANA;da specificare;;;;prox palo ACEA 127;Tamponamento Multiplo;Rettilineo;Una carreggiata a doppio senso;Asciutto;Asfaltata;Orizzontale;Sereno;Normale;Buona;;1;0;0;2;12.389;41.8577;-1;2;Autovettura privata;In marcia / fermata / arresto;Conducente;M;Rimandato;0;NON DECEDUTO;Non accertato;Inesploso
5733458;15;07/12/2021 18:15:00;Comunale extraurbana;VIA DELLA PISANA;da specificare;;;;prox palo ACEA 127;Tamponamento Multiplo;Rettilineo;Una carreggiata a doppio senso;Asciutto;Asfaltata;Orizzontale;Sereno;Normale;Buona;;1;0;0;2;12.389;41.8577;-1;3;Autovettura privata;In marcia / fermata / arresto;Conducente;M;Illeso;0;;Non accertato;Inesploso
5733459;20;08/12/2021 16:00:00;Regionale;VIA FLAMINIA;in corrispondenza;;della chilometrica;20.9;;Fuoriuscita dalla sede stradale;Rettilineo;Una carreggiata a doppio senso;Bagnato (pioggia);Asfaltata;Orizzontale;Pioggia in atto;Normale;Sufficiente;;1;0;0;0;12.4854;42.0666;-1;1;Autovettura privata;In marcia / fermata / arresto;Conducente;M;Rimandato;0;NON DECEDUTO;Non accertato;