Protocollo;Gruppo;DataOraIncidente;Localizzazione1;STRADA1;Localizzazione2;STRADA2;Strada02;Chilometrica;DaSpecificare;NaturaIncidente;particolaritastrade;TipoStrada;FondoStradale;Pavimentazione;Segnaletica;CondizioneAtmosferica;Traffico;Visibilita;Illuminazione;NUM_FERITI;NUM_RISERVATA;NUM_MORTI;NUM_ILLESI;Longitude;Latitude;Confermato;Progressivo;TipoVeicolo;StatoVeicolo;TipoPersona;Sesso;Tipolesione;Deceduto;DecedutoDopo;CinturaCascoUtilizzato;Airbag;
5737959;9;10/12/2021 22:50:00;Strada Urbana;VIA ARRIGO DAVILA;all'intersezione con;VIA MARIO MENGHINI;VIA MARIO MENGHINI;;;Scontro frontale/laterale SX fra veicoli in marcia;Intersezione stradale segnalata;Una carreggiata a doppio senso;Bagnato (pioggia);Asfaltata;Verticale ed orizzontale;Pioggia in atto;Scarso;Buona;;1;0;0;3;12.5275;41.8688;-1;1;Autovettura privata;In marcia / fermata / arresto;Passeggero;M;Illeso;0;;Non accertato;Inesploso
5737959;9;10/12/2021 22:50:00;Strada Urbana;VIA ARRIGO DAVILA;all'intersezione con;VIA MARIO MENGHINI;VIA MARIO MENGHINI;;;Scontro frontale/laterale SX fra veicoli in marcia;Intersezione stradale segnalata;Una carreggiata a doppio senso;Bagnato (pioggia);Asfaltata;Verticale ed orizzontale;Pioggia in atto;Scarso;Buona;;1;0;0;3;12.5275;41.8688;-1;2;Autovettura privata;In marcia / fermata / arresto;Conducente;M;Illeso;0;;Non accertato;Inesploso
5737962;20;12/12/2021 00:20:00;Regionale;VIA FLAMINIA;in corrispondenza;;della chilometrica;11;;Scontro laterale fra veicoli in marcia;Curva a visuale libera;Due carreggiate;Asciutto;Asfaltata;Verticale ed orizzontale;Sereno;Normale;Buona;;0;0;0;5;12.4718;41.9419;-1;1;Autovettura privata;In marcia / fermata / arresto;Conducente;M;Illeso;0;;Non accertato;Esploso
5737962;20;12/12/2021 00:20:00;Regionale;VIA FLAMINIA;in corrispondenza;;della chilometrica;11;;Scontro laterale fra veicoli in marcia;Curva a visuale libera;Due carreggiate;Asciutto;Asfaltata;Verticale ed orizzontale;Sereno;Normale;Buona;;0;0;0;5;12.4718;41.9419;-1;2;Autovettura privata;In marcia / fermata / arresto;Conducente;M;Illeso;0;;Non accertato;
5737962;20;12/12/2021 00:20:00;Regionale;VIA FLAMINIA;in corrispondenza;;della chilometrica;11;;Scontro laterale fra veicoli in marcia;Curva a visuale libera;Due carreggiate;Asciutto;Asfaltata;Verticale ed orizzontale;Sereno;Normale;Buona;;0;0;0;5;12.4718;41.9419;-1;2;Autovettura privata;In marcia / fermata / arresto;Passeggero;F;Illeso;0;;Non accertato;
5737962;20;12/12/2021 00:20:00;Regionale;VIA FLAMINIA;in corrispondenza;;della chilometrica;11;;Scontro laterale fra veicoli in marcia;Curva a visuale libera;Due carreggiate;Asciutto;Asfaltata;Verticale ed orizzontale;Sereno;Normale;Buona;;0;0;0;5;12.4718;41.9419;-1;2;Autovettura privata;In marcia / fermata / arresto;Passeggero;M;Illeso;0;;Non accertato;
5737962;20;12/12/2021 00:20:00;Regionale;VIA FLAMINIA;in corrispondenza;;della chilometrica;11;;Scontro laterale fra veicoli in marcia;Curva a visuale libera;Due carreggiate;Asciutto;Asfaltata;Verticale ed orizzontale;Sereno;Normale;Buona;;0;0;0;5;12.4718;41.9419;-1;2;Autovettura privata;In marcia / fermata / arresto;Passeggero;F;Illeso;0;;Non accertato;
5737963;20;12/12/2021 02:08:00;Strada Urbana;LUNGOTEVERE MARESCIALLO DIAZ;da specificare;;;;all'intersezione con Viale Antonino di S. Giuliano;Veicolo in marcia contro ostacolo fisso;Rettilineo;Più di due carreggiate;Asciutto;Asfaltata;Verticale ed orizzontale;Sereno;Scarso;Sufficiente;;1;0;0;0;12.462;41.9339;-1;1;Autovettura privata;In marcia / fermata / arresto;Conducente;F;Rimandato;0;NON DECEDUTO;Non accertato;Esploso
5737967;9;11/12/2021 18:03:00;Strada Urbana;VIA APPIA NUOVA;in corrispondenza;;del civico n.;393;;Tamponamento;Rettilineo;Due carreggiate;Asciutto;Asfaltata;Verticale ed orizzontale;Sereno;Intenso;Buona;;0;0;0;5;12.5236;41.8746;-1;1;Autovettura privata;In marcia / fermata / arresto;Conducente;M;Illeso;0;;;
5737967;9;11/12/2021 18:03:00;Strada Urbana;VIA APPIA NUOVA;in corrispondenza;;del civico n.;393;;Tamponamento;Rettilineo;Due carreggiate;Asciutto;Asfaltata;Verticale ed orizzontale;Sereno;Intenso;Buona;;0;0;0;5;12.5236;41.8746;-1;2;Autovettura privata;In marcia / fermata / arresto;Conducente;M;Illeso;0;;Non accertato;Inesploso
5737967;9;11/12/2021 18:03:00;Strada Urbana;VIA APPIA NUOVA;in corrispondenza;;del civico n.;393;;Tamponamento;Rettilineo;Due carreggiate;Asciutto;Asfaltata;Verticale ed orizzontale;Sereno;Intenso;Buona;;0;0;0;5;12.5236;41.8746;-1;2;Autovettura privata;In marcia / fermata / arresto;Passeggero;F;Illeso;0;;Non accertato;Inesploso
5737967;9;11/12/2021 18:03:00;Strada Urbana;VIA APPIA NUOVA;in corrispondenza;;del civico n.;393;;Tamponamento;Rettilineo;Due carreggiate;Asciutto;Asfaltata;Verticale ed orizzontale;Sereno;Intenso;Buona;;0;0;0;5;12.5236;41.8746;-1;2;Autovettura privata;In marcia / fermata / arresto;Passeggero;F;Illeso;0;;Non accertato;Inesploso
5737967;9;11/12/2021 18:03:00;Strada Urbana;VIA APPIA NUOVA;in corrispondenza;;del civico n.;393;;Tamponamento;Rettilineo;Due carreggiate;Asciutto;Asfaltata;Verticale ed orizzontale;Sereno;Intenso;Buona;;0;0;0;5;12.5236;41.8746;-1;2;Autovettura privata;In marcia / fermata / arresto;Passeggero;M;Illeso;0;;Non accertato;Inesploso
5737973;9;11/12/2021 19:50:00;Strada Urbana;VIA TUSCOLANA;all'intersezione con;VIA ROCCA DI PAPA;VIA ROCCA DI PAPA;;;Scontro laterale fra veicoli in marcia;Incrocio;Due carreggiate;Asciutto;Asfaltata;Verticale ed orizzontale;Sereno;Normale;Sufficiente;;0;0;0;2;12.5923;41.8396;-1;1;Autovettura privata;In marcia / fermata / arresto;Conducente;M;Illeso;0;;Non accertato;Inesploso
5737973;9;11/12/2021 19:50:00;Strada Urbana;VIA TUSCOLANA;all'intersezione con;VIA ROCCA DI PAPA;VIA ROCCA DI PAPA;;;Scontro laterale fra veicoli in marcia;Incrocio;Due carreggiate;Asciutto;Asfaltata;Verticale ed orizzontale;Sereno;Normale;Sufficiente;;0;0;0;2;12.5923;41.8396;-1;2;Motociclo a solo;In marcia / fermata / arresto;Conducente;M;Illeso;0;;Non accertato;
5737978;9;11/12/2021 21:15:00;Strada Urbana;VIA GROTTAFERRATA;in corrispondenza;;del civico n.;1A;;Veicolo in marcia contro ostacolo fisso;Rettilineo;Una carreggiata a senso unico di marcia;Asciutto;Asfaltata;Orizzontale;Sereno;Scarso;Sufficiente;;0;0;0;2;12.5353;41.8657;-1;1;Autovettura privata;In marcia / fermata / arresto;Conducente;M;Illeso;0;;Non accertato;Inesploso
5737978;9;11/12/2021 21:15:00;Strada Urbana;VIA GROTTAFERRATA;in corrispondenza;;del civico n.;1A;;Veicolo in marcia contro ostacolo fisso;Rettilineo;Una carreggiata a senso unico di marcia;Asciutto;Asfaltata;Orizzontale;Sereno;Scarso;Sufficiente;;0;0;0;2;12.5353;41.8657;-1;1;Autovettura privata;In marcia / fermata / arresto;Passeggero;F;Illeso;0;;Non accertato;Inesploso
5737983;9;12/12/2021 01:25:00;Strada Urbana;VIA CASILINA;in corrispondenza;;del civico n.;3/I;;Scontro laterale fra veicoli in marcia;Rettilineo;Due carreggiate;Asciutto;Asfaltata;Orizzontale;Sereno;Scarso;Sufficiente;;1;0;0;3;12.5169;41.8906;-1;1;Autovettura privata;In marcia / fermata / arresto;Conducente;M;Illeso;0;;;
5737983;9;12/12/2021 01:25:00;Strada Urbana;VIA CASILINA;in corrispondenza;;del civico n.;3/I;;Scontro laterale fra veicoli in marcia;Rettilineo;Due carreggiate;Asciutto;Asfaltata;Orizzontale;Sereno;Scarso;Sufficiente;;1;0;0;3;12.5169;41.8906;-1;1;Autovettura privata;In marcia / fermata / arresto;Passeggero;F;Illeso;0;;;
5737983;9;12/12/2021 01:25:00;Strada Urbana;VIA CASILINA;in corrispondenza;;del civico n.;3/I;;Scontro laterale fra veicoli in marcia;Rettilineo;Due carreggiate;Asciutto;Asfaltata;Orizzontale;Sereno;Scarso;Sufficiente;;1;0;0;3;12.5169;41.8906;-1;2;Motociclo con passeggero;In marcia / fermata / arresto;Conducente;M;Rimandato;0;NON DECEDUTO;;
5737983;9;12/12/2021 01:25:00;Strada Urbana;VIA CASILINA;in corrispondenza;;del civico n.;3/I;;Scontro laterale fra veicoli in marcia;Rettilineo;Due carreggiate;Asciutto;Asfaltata;Orizzontale;Sereno;Scarso;Sufficiente;;1;0;0;3;12.5169;41.8906;-1;2;Motociclo con passeggero;In marcia / fermata / arresto;Passeggero;F;Illeso;0;;;
5737988;6;10/12/2021 16:00:00;Strada Urbana;VIA MADDALONI;all'intersezione con;VIA AVERSA;VIA AVERSA;;;Veicolo in marcia contro veicolo in sosta;Incrocio;Una carreggiata a senso unico di marcia;Bagnato (pioggia);Strada pavimentata dissestata;Verticale ed orizzontale;Pioggia in atto;Intenso;Sufficiente;;0;0;0;2;12.5437;41.8913;-1;1;Autovettura privata;In marcia / fermata / arresto;Conducente;F;Illeso;0;;Non accertato;Inesploso
5737988;6;10/12/2021 16:00:00;Strada Urbana;VIA MADDALONI;all'intersezione con;VIA AVERSA;VIA AVERSA;;;Veicolo in marcia contro veicolo in sosta;Incrocio;Una carreggiata a senso unico di marcia;Bagnato (pioggia);Strada pavimentata dissestata;Verticale ed orizzontale;Pioggia in atto;Intenso;Sufficiente;;0;0;0;2;12.5437;41.8913;-1;1;Autovettura privata;In marcia / fermata / arresto;Passeggero;F;Illeso;0;;Non accertato;Inesploso
5737988;6;10/12/2021 16:00:00;Strada Urbana;VIA MADDALONI;all'intersezione con;VIA AVERSA;VIA AVERSA;;;Veicolo in marcia contro veicolo in sosta;Incrocio;Una carreggiata a senso unico di marcia;Bagnato (pioggia);Strada pavimentata dissestata;Verticale ed orizzontale;Pioggia in atto;Intenso;Sufficiente;;0;0;0;2;12.5437;41.8913;-1;2;Autocarro superiore 35 q.;Sosta;;;;;;;
5737993;6;11/12/2021 13:15:00;Strada Urbana;VIA PRENESTINA;all'intersezione con;VIA SABAUDIA;VIA SABAUDIA;;;Scontro frontale/laterale DX fra veicoli in marcia;Incrocio;Una carreggiata a senso unico di marcia;Asciutto;Asfaltata;Verticale ed orizzontale;Nuvoloso;Scarso;Sufficiente;;0;0;0;3;12.5576;41.8943;-1;1;Autovettura privata;In marcia / fermata / arresto;Conducente;M;Illeso;0;;Non accertato;Inesploso
5737993;6;11/12/2021 13:15:00;Strada Urbana;VIA PRENESTINA;all'intersezione con;VIA SABAUDIA;VIA SABAUDIA;;;Scontro frontale/laterale DX fra veicoli in marcia;Incrocio;Una carreggiata a senso unico di marcia;Asciutto;Asfaltata;Verticale ed orizzontale;Nuvoloso;Scarso;Sufficiente;;0;0;0;3;12.5576;41.8943;-1;2;Autovettura privata;In marcia / fermata / arresto;Conducente;M;Illeso;0;;Non accertato;Inesploso
5737993;6;11/12/2021 13:15:00;Strada Urbana;VIA PRENESTINA;all'intersezione con;VIA SABAUDIA;VIA SABAUDIA;;;Scontro frontale/laterale DX fra veicoli in marcia;Incrocio;Una carreggiata a senso unico di marcia;Asciutto;Asfaltata;Verticale ed orizzontale;Nuvoloso;Scarso;Sufficiente;;0;0;0;3;12.5576;41.8943;-1;2;Autovettura privata;In marcia / fermata / arresto;Passeggero;M;Illeso;0;;Non accertato;Inesploso
5738002;6;10/12/2021 20:00:00;Strada Urbana;VIA PRENESTINA;in prossimità;;del civico n.;194;;Tamponamento;Rettilineo;Più di due carreggiate;Bagnato (pioggia);Asfaltata;Orizzontale;Pioggia in atto;Intenso;Sufficiente;;0;0;0;2;12.5351;41.8923;-1;1;Autovettura privata;In marcia / fermata / arresto;Conducente;F;Illeso;0;;Non accertato;Inesploso
5738002;6;10/12/2021 20:00:00;Strada Urbana;VIA PRENESTINA;in prossimità;;del civico n.;194;;Tamponamento;Rettilineo;Più di due carreggiate;Bagnato (pioggia);Asfaltata;Orizzontale;Pioggia in atto;Intenso;Sufficiente;;0;0;0;2;12.5351;41.8923;-1;2;Autovettura privata;In marcia / fermata / arresto;Conducente;F;Illeso;0;;Non accertato;Inesploso
5738003;18;09/12/2021 23:40:00;Strada Urbana;CIRCONVALLAZIONE CORNELIA;in prossimità;;del civico n.;295;;Veicolo in marcia contro ostacolo accidentale;Rettilineo;Una carreggiata a senso unico di marcia;Bagnato (umidità in atto);Con buche;Verticale ed orizzontale;Nuvoloso;Scarso;Sufficiente;;0;0;0;1;12.4246;41.905;0;1;Autovettura privata;In marcia / fermata / arresto;Conducente;M;Illeso;0;;;
5738008;6;11/12/2021 12:30:00;Strada Urbana;VIALE DELLA PRIMAVERA;all'intersezione con;VIA ROMOLO LOMBARDI;VIA ROMOLO LOMBARDI;;;Veicolo in marcia contro veicolo in sosta;Incrocio;Due carreggiate;Asciutto;Asfaltata;Verticale ed orizzontale;Sereno;Normale;Buona;;0;0;0;1;12.5607;41.8833;-1;1;Autovettura privata;In marcia / fermata / arresto;Conducente;M;Illeso;0;;Non accertato;Inesploso
5738008;6;11/12/2021 12:30:00;Strada Urbana;VIALE DELLA PRIMAVERA;all'intersezione con;VIA ROMOLO LOMBARDI;VIA ROMOLO LOMBARDI;;;Veicolo in marcia contro veicolo in sosta;Incrocio;Due carreggiate;Asciutto;Asfaltata;Verticale ed orizzontale;Sereno;Normale;Buona;;0;0;0;1;12.5607;41.8833;-1;2;Autovettura privata;Sosta;;;;;;;
5738008;6;11/12/2021 12:30:00;Strada Urbana;VIALE DELLA PRIMAVERA;all'intersezione con;VIA ROMOLO LOMBARDI;VIA ROMOLO LOMBARDI;;;Veicolo in marcia contro veicolo in sosta;Incrocio;Due carreggiate;Asciutto;Asfaltata;Verticale ed orizzontale;Sereno;Normale;Buona;;0;0;0;1;12.5607;41.8833;-1;3;Autovettura privata;Sosta;;;;;;;
5738015;18;10/12/2021 07:50:00;Strada Urbana;VIA GREGORIO XI;in prossimità;;del civico n.;181;;Veicolo in marcia contro ostacolo accidentale;Rettilineo;Due carreggiate;Asciutto;Con buche;Verticale ed orizzontale;Nuvoloso;Scarso;Buona;;0;0;0;1;12.4155;41.8958;0;1;Autovettura privata;In marcia / fermata / arresto;Conducente;F;Illeso;0;;;
5738021;6;11/12/2021 05:32:00;Strada Urbana;VIA DELLE CILIEGIE;all'intersezione con;VIA DEL PERGOLATO;VIA DEL PERGOLATO;;;Scontro laterale fra veicoli in marcia;Incrocio;Due carreggiate;Bagnato (umidità in atto);Asfaltata;Verticale;Sereno;Scarso;Sufficiente;;0;0;0;2;12.5751;41.8847;-1;1;Autovettura privata;In marcia / fermata / arresto;Conducente;M;Illeso;0;;Non accertato;Inesploso
5738021;6;11/12/2021 05:32:00;Strada Urbana;VIA DELLE CILIEGIE;all'intersezione con;VIA DEL PERGOLATO;VIA DEL PERGOLATO;;;Scontro laterale fra veicoli in marcia;Incrocio;Due carreggiate;Bagnato (umidità in atto);Asfaltata;Verticale;Sereno;Scarso;Sufficiente;;0;0;0;2;12.5751;41.8847;-1;2;Autovettura privata;In marcia / fermata / arresto;Conducente;F;Illeso;0;;Non accertato;Inesploso
5738022;18;10/12/2021 00:30:00;Strada Urbana;VIA DOMENICO TARDINI;da specificare;;;;prossimità VIA URBANO II;Veicolo in marcia contro ostacolo accidentale;Curva a visuale libera;Una carreggiata a doppio senso;Bagnato (umidità in atto);Con buche;Verticale ed orizzontale;Nuvoloso;Scarso;Buona;;0;0;0;1;12.4254;41.9045;0;1;Autovettura privata;In marcia / fermata / arresto;Conducente;M;Illeso;0;;;
5738024;6;10/12/2021 23:50:00;Strada Urbana;VIA DI CENTOCELLE;all'intersezione con;VIA DEGLI ANGELI;VIA DEGLI ANGELI;;;Scontro frontale/laterale DX fra veicoli in marcia;Incrocio;Due carreggiate;Bagnato (pioggia);Asfaltata;Verticale ed orizzontale;Pioggia in atto;Scarso;Sufficiente;;4;0;0;2;12.5498;41.8725;-1;1;Autovettura privata;In marcia / fermata / arresto;Conducente;M;Illeso;0;;Non accertato;Inesploso
5738024;6;10/12/2021 23:50:00;Strada Urbana;VIA DI CENTOCELLE;all'intersezione con;VIA DEGLI ANGELI;VIA DEGLI ANGELI;;;Scontro frontale/laterale DX fra veicoli in marcia;Incrocio;Due carreggiate;Bagnato (pioggia);Asfaltata;Verticale ed orizzontale;Pioggia in atto;Scarso;Sufficiente;;4;0;0;2;12.5498;41.8725;-1;1;Autovettura privata;In marcia / fermata / arresto;Passeggero;F;Illeso;0;;Non accertato;Inesploso
5738024;6;10/12/2021 23:50:00;Strada Urbana;VIA DI CENTOCELLE;all'intersezione con;VIA DEGLI ANGELI;VIA DEGLI ANGELI;;;Scontro frontale/laterale DX fra veicoli in marcia;Incrocio;Due carreggiate;Bagnato (pioggia);Asfaltata;Verticale ed orizzontale;Pioggia in atto;Scarso;Sufficiente;;4;0;0;2;12.5498;41.8725;-1;2;Autovettura privata;In marcia / fermata / arresto;Conducente;M;Rimandato;0;NON DECEDUTO;Non accertato;Esploso
5738024;6;10/12/2021 23:50:00;Strada Urbana;VIA DI CENTOCELLE;all'intersezione con;VIA DEGLI ANGELI;VIA DEGLI ANGELI;;;Scontro frontale/laterale DX fra veicoli in marcia;Incrocio;Due carreggiate;Bagnato (pioggia);Asfaltata;Verticale ed orizzontale;Pioggia in atto;Scarso;Sufficiente;;4;0;0;2;12.5498;41.8725;-1;2;Autovettura privata;In marcia / fermata / arresto;Passeggero;F;Rimandato;0;NON DECEDUTO;Non accertato;Inesploso
5738024;6;10/12/2021 23:50:00;Strada Urbana;VIA DI CENTOCELLE;all'intersezione con;VIA DEGLI ANGELI;VIA DEGLI ANGELI;;;Scontro frontale/laterale DX fra veicoli in marcia;Incrocio;Due carreggiate;Bagnato (pioggia);Asfaltata;Verticale ed orizzontale;Pioggia in atto;Scarso;Sufficiente;;4;0;0;2;12.5498;41.8725;-1;2;Autovettura privata;In marcia / fermata / arresto;Passeggero;M;Rifiuta cure immediate;0;NON DECEDUTO;Non accertato;Esploso
5738024;6;10/12/2021 23:50:00;Strada Urbana;VIA DI CENTOCELLE;all'intersezione con;VIA DEGLI ANGELI;VIA DEGLI ANGELI;;;Scontro frontale/laterale DX fra veicoli in marcia;Incrocio;Due carreggiate;Bagnato (pioggia);Asfaltata;Verticale ed orizzontale;Pioggia in atto;Scarso;Sufficiente;;4;0;0;2;12.5498;41.8725;-1;2;Autovettura privata;In marcia / fermata / arresto;Passeggero;F;Rimandato;0;NON DECEDUTO;Non accertato;Inesploso
5738027;6;10/12/2021 22:50:00;Strada Urbana;VIA DI CENTOCELLE;da specificare;;;;alt. palo Acea 44;Veicolo in marcia contro ostacolo fisso;Rettilineo;Una carreggiata a doppio senso;Bagnato (pioggia);Con buche;Verticale ed orizzontale;Pioggia in atto;Scarso;Sufficiente;;0;0;0;2;12.5502;41.8704;-1;1;Autovettura privata;In marcia / fermata / arresto;Conducente;M;Illeso;0;;Non accertato;Inesploso
5738027;6;10/12/2021 22:50:00;Strada Urbana;VIA DI CENTOCELLE;da specificare;;;;alt. palo Acea 44;Veicolo in marcia contro ostacolo fisso;Rettilineo;Una carreggiata a doppio senso;Bagnato (pioggia);Con buche;Verticale ed orizzontale;Pioggia in atto;Scarso;Sufficiente;;0;0;0;2;12.5502;41.8704;-1;1;Autovettura privata;In marcia / fermata / arresto;Passeggero;M;Illeso;0;;Non accertato;Inesploso
5738030;2;10/12/2021 07:00:00;Strada Urbana;VIA MONTEBUONO;in prossimità;;del civico n.;14;;Veicolo in marcia contro ostacolo fisso;Rettilineo;Una carreggiata a senso unico di marcia;Asciutto;Asfaltata;Verticale ed orizzontale;Sereno;Normale;Buona;;1;0;0;1;12.513;41.9339;-1;;;;Pedone;M;Rimandato;0;NON DECEDUTO;;
5738030;2;10/12/2021 07:00:00;Strada Urbana;VIA MONTEBUONO;in prossimità;;del civico n.;14;;Veicolo in marcia contro ostacolo fisso;Rettilineo;Una carreggiata a senso unico di marcia;Asciutto;Asfaltata;Verticale ed orizzontale;Sereno;Normale;Buona;;1;0;0;1;12.513;41.9339;-1;1;Autovettura privata;In marcia / fermata / arresto;Conducente;F;Illeso;0;;;
5738032;2;10/12/2021 12:00:00;Strada Urbana;LUNGOTEVERE SALVO D'ACQUISTO;in prossimità;;del civico n.;6;;Scontro frontale/laterale DX fra veicoli in marcia;Rettilineo;Una carreggiata a doppio senso;Bagnato (pioggia);Asfaltata;Verticale ed orizzontale;Nuvoloso;Normale;Buona;;1;0;0;1;12.4697;41.9349;-1;1;Autovettura privata;In marcia / fermata / arresto;Conducente;M;Illeso;0;;;
5738032;2;10/12/2021 12:00:00;Strada Urbana;LUNGOTEVERE SALVO D'ACQUISTO;in prossimità;;del civico n.;6;;Scontro frontale/laterale DX fra veicoli in marcia;Rettilineo;Una carreggiata a doppio senso;Bagnato (pioggia);Asfaltata;Verticale ed orizzontale;Nuvoloso;Normale;Buona;;1;0;0;1;12.4697;41.9349;-1;2;Motociclo a solo;In marcia / fermata / arresto;Conducente;M;Ricoverato;0;NON DECEDUTO;;
5738035;2;10/12/2021 20:30:00;Provinciale;VIA DI LUNGHEZZINA;da specificare;;;;uscita A24;Scontro laterale fra veicoli in marcia;Rettilineo;Una carreggiata a doppio senso;Bagnato (pioggia);Asfaltata;Verticale ed orizzontale;Pioggia in atto;Normale;Sufficiente;;2;0;0;1;12.6937;41.9311;-1;1;Autovettura privata;In marcia / fermata / arresto;Conducente;M;Rimandato;0;NON DECEDUTO;;
5738035;2;10/12/2021 20:30:00;Provinciale;VIA DI LUNGHEZZINA;da specificare;;;;uscita A24;Scontro laterale fra veicoli in marcia;Rettilineo;Una carreggiata a doppio senso;Bagnato (pioggia);Asfaltata;Verticale ed orizzontale;Pioggia in atto;Normale;Sufficiente;;2;0;0;1;12.6937;41.9311;-1;1;Autovettura privata;In marcia / fermata / arresto;Passeggero;M;Rimandato;0;NON DECEDUTO;Non accertato;Inesploso
5738035;2;10/12/2021 20:30:00;Provinciale;VIA DI LUNGHEZZINA;da specificare;;;;uscita A24;Scontro laterale fra veicoli in marcia;Rettilineo;Una carreggiata a doppio senso;Bagnato (pioggia);Asfaltata;Verticale ed orizzontale;Pioggia in atto;Normale;Sufficiente;;2;0;0;1;12.6937;41.9311;-1;2;Autovettura privata;In marcia / fermata / arresto;Conducente;F;Illeso;0;;;
5738038;2;10/12/2021 22:50:00;Strada Urbana;VIA CESARE FRACASSINI;all'intersezione con;VIA ANTONIO ALLEGRI DA CORREGGIO;VIA ANTONIO ALLEGRI DA CORREGGIO;;;Scontro frontale/laterale SX fra veicoli in marcia;Intersezione stradale segnalata;Una carreggiata a senso unico di marcia;Bagnato (pioggia);Asfaltata;Verticale ed orizzontale;Pioggia in atto;Scarso;Sufficiente;;0;0;0;3;12.4697;41.9233;-1;1;Autovettura privata;In marcia / fermata / arresto;Conducente;F;Illeso;0;;Non accertato;Inesploso
5738038;2;10/12/2021 22:50:00;Strada Urbana;VIA CESARE FRACASSINI;all'intersezione con;VIA ANTONIO ALLEGRI DA CORREGGIO;VIA ANTONIO ALLEGRI DA CORREGGIO;;;Scontro frontale/laterale SX fra veicoli in marcia;Intersezione stradale segnalata;Una carreggiata a senso unico di marcia;Bagnato (pioggia);Asfaltata;Verticale ed orizzontale;Pioggia in atto;Scarso;Sufficiente;;0;0;0;3;12.4697;41.9233;-1;1;Autovettura privata;In marcia / fermata / arresto;Passeggero;M;Illeso;0;;Non accertato;Inesploso
5738038;2;10/12/2021 22:50:00;Strada Urbana;VIA CESARE FRACASSINI;all'intersezione con;VIA ANTONIO ALLEGRI DA CORREGGIO;VIA ANTONIO ALLEGRI DA CORREGGIO;;;Scontro frontale/laterale SX fra veicoli in marcia;Intersezione stradale segnalata;Una carreggiata a senso unico di marcia;Bagnato (pioggia);Asfaltata;Verticale ed orizzontale;Pioggia in atto;Scarso;Sufficiente;;0;0;0;3;12.4697;41.9233;-1;2;Autovettura privata;In marcia / fermata / arresto;Conducente;M;Illeso;0;;Non accertato;Inesploso
5738038;2;10/12/2021 22:50:00;Strada Urbana;VIA CESARE FRACASSINI;all'intersezione con;VIA ANTONIO ALLEGRI DA CORREGGIO;VIA ANTONIO ALLEGRI DA CORREGGIO;;;Scontro frontale/laterale SX fra veicoli in marcia;Intersezione stradale segnalata;Una carreggiata a senso unico di marcia;Bagnato (pioggia);Asfaltata;Verticale ed orizzontale;Pioggia in atto;Scarso;Sufficiente;;0;0;0;3;12.4697;41.9233;-1;3;Motociclo a solo;Sosta;;;;;;;
5738038;2;10/12/2021 22:50:00;Strada Urbana;VIA CESARE FRACASSINI;all'intersezione con;VIA ANTONIO ALLEGRI DA CORREGGIO;VIA ANTONIO ALLEGRI DA CORREGGIO;;;Scontro frontale/laterale SX fra veicoli in marcia;Intersezione stradale segnalata;Una carreggiata a senso unico di marcia;Bagnato (pioggia);Asfaltata;Verticale ed orizzontale;Pioggia in atto;Scarso;Sufficiente;;0;0;0;3;12.4697;41.9233;-1;4;Motociclo a solo;Sosta;;;;;;;
5738038;2;10/12/2021 22:50:00;Strada Urbana;VIA CESARE FRACASSINI;all'intersezione con;VIA ANTONIO ALLEGRI DA CORREGGIO;VIA ANTONIO ALLEGRI DA CORREGGIO;;;Scontro frontale/laterale SX fra veicoli in marcia;Intersezione stradale segnalata;Una carreggiata a senso unico di marcia;Bagnato (pioggia);Asfaltata;Verticale ed orizzontale;Pioggia in atto;Scarso;Sufficiente;;0;0;0;3;12.4697;41.9233;-1;5;Motociclo a solo;Sosta;;;;;;;
5738038;2;10/12/2021 22:50:00;Strada Urbana;VIA CESARE FRACASSINI;all'intersezione con;VIA ANTONIO ALLEGRI DA CORREGGIO;VIA ANTONIO ALLEGRI DA CORREGGIO;;;Scontro frontale/laterale SX fra veicoli in marcia;Intersezione stradale segnalata;Una carreggiata a senso unico di marcia;Bagnato (pioggia);Asfaltata;Verticale ed orizzontale;Pioggia in atto;Scarso;Sufficiente;;0;0;0;3;12.4697;41.9233;-1;6;Ciclomotore;Sosta;;;;;;;
5738039;18;10/12/2021 05:00:00;Strada Urbana;VIA DON CARLO GNOCCHI;all'intersezione semaforizzata con;VIA DI BOCCEA;VIA DI BOCCEA;;;Scontro frontale/laterale SX fra veicoli in marcia;Intersezione semaforizzata;Una carreggiata a doppio senso;Bagnato (umidità in atto);Asfaltata;Verticale ed orizzontale;Nuvoloso;Scarso;Sufficiente;;0;0;0;1;12.3939;41.9108;0;1;Autovettura privata;In marcia / fermata / arresto;Conducente;;Illeso;0;;;
5738039;18;10/12/2021 05:00:00;Strada Urbana;VIA DON CARLO GNOCCHI;all'intersezione semaforizzata con;VIA DI BOCCEA;VIA DI BOCCEA;;;Scontro frontale/laterale SX fra veicoli in marcia;Intersezione semaforizzata;Una carreggiata a doppio senso;Bagnato (umidità in atto);Asfaltata;Verticale ed orizzontale;Nuvoloso;Scarso;Sufficiente;;0;0;0;1;12.3939;41.9108;0;2;Motociclo a solo;In marcia / fermata / arresto;;;;;;;
5738040;2;10/12/2021 23:45:00;Strada Urbana;VIALE REGINA MARGHERITA;all'intersezione semaforizzata con;VIA NOMENTANA;VIA NOMENTANA;;;Investimento di pedone;Intersezione semaforizzata;Una carreggiata a doppio senso;Bagnato (pioggia);Asfaltata;Verticale ed orizzontale;Pioggia in atto;Scarso;Sufficiente;;1;0;0;1;12.5052;41.9142;-1;;;;Pedone;M;Rimandato;0;NON DECEDUTO;;