Protocollo;Gruppo;DataOraIncidente;Localizzazione1;STRADA1;Localizzazione2;STRADA2;Strada02;Chilometrica;DaSpecificare;NaturaIncidente;particolaritastrade;TipoStrada;FondoStradale;Pavimentazione;Segnaletica;CondizioneAtmosferica;Traffico;Visibilita;Illuminazione;NUM_FERITI;NUM_RISERVATA;NUM_MORTI;NUM_ILLESI;Longitude;Latitude;Confermato;Progressivo;TipoVeicolo;StatoVeicolo;TipoPersona;Sesso;Tipolesione;Deceduto;DecedutoDopo;CinturaCascoUtilizzato;Airbag;
5739798;16;10/12/2021 13:30:00;Strada Urbana;VIA DELLA PISANA;all'intersezione con;VIA DEL CASALE NINFEO;VIA DEL CASALE NINFEO;;;Scontro frontale/laterale DX fra veicoli in marcia;Intersezione stradale segnalata;Una carreggiata a doppio senso;Bagnato (pioggia);Asfaltata;Verticale ed orizzontale;Pioggia in atto;Normale;Buona;;0;0;0;2;12.389;41.8577;-1;2;Autovettura privata;In marcia / fermata / arresto;Conducente;M;Illeso;0;;Non accertato;Inesploso
5739808;18;10/12/2021 22:20:00;Strada Urbana;VIA MATTIA BATTISTINI;all'intersezione semaforizzata con;VIA DI BOCCEA;VIA DI BOCCEA;;;Scontro frontale/laterale SX fra veicoli in marcia;Intersezione semaforizzata;Due carreggiate;Bagnato (pioggia);Asfaltata;Verticale ed orizzontale;Pioggia in atto;Normale;Sufficiente;;0;0;0;2;12.4184;41.9139;-1;1;Autovettura privata;In marcia / fermata / arresto;Conducente;F;Illeso;0;;Non accertato;Inesploso
5739808;18;10/12/2021 22:20:00;Strada Urbana;VIA MATTIA BATTISTINI;all'intersezione semaforizzata con;VIA DI BOCCEA;VIA DI BOCCEA;;;Scontro frontale/laterale SX fra veicoli in marcia;Intersezione semaforizzata;Due carreggiate;Bagnato (pioggia);Asfaltata;Verticale ed orizzontale;Pioggia in atto;Normale;Sufficiente;;0;0;0;2;12.4184;41.9139;-1;2;Autovettura privata;In marcia / fermata / arresto;Conducente;M;Illeso;0;;Non accertato;Inesploso
5739811;16;10/12/2021 15:50:00;Strada Urbana;VIA FEDERICO OZANAM;all'intersezione con;PIAZZA DI DONNA OLIMPIA;PIAZZA DI DONNA OLIMPIA;;;Investimento di pedone;Intersezione stradale segnalata;Una carreggiata a doppio senso;Bagnato (pioggia);Asfaltata;Verticale ed orizzontale;Pioggia in atto;Normale;Sufficiente;;1;0;0;1;12.4492;41.8768;-1;;;;Pedone;F;Rimandato;0;NON DECEDUTO;;
5739811;16;10/12/2021 15:50:00;Strada Urbana;VIA FEDERICO OZANAM;all'intersezione con;PIAZZA DI DONNA OLIMPIA;PIAZZA DI DONNA OLIMPIA;;;Investimento di pedone;Intersezione stradale segnalata;Una carreggiata a doppio senso;Bagnato (pioggia);Asfaltata;Verticale ed orizzontale;Pioggia in atto;Normale;Sufficiente;;1;0;0;1;12.4492;41.8768;-1;1;Motociclo a solo;In marcia / fermata / arresto;Conducente;F;Illeso;0;;Non accertato;
5739813;7;10/12/2021 09:40:00;Strada Urbana;VIALE GIORGIO DE CHIRICO;da specificare;;;;AREA PRIVATA PARCHEGGIO MAURY'S;Scontro frontale/laterale DX fra veicoli in marcia;Rettilineo;Una carreggiata a senso unico di marcia;Asciutto;Asfaltata;Orizzontale;Sereno;Normale;Buona;;0;0;0;2;12.5902;41.8952;-1;1;Autovettura privata;In marcia / fermata / arresto;Conducente;M;Illeso;0;;Non accertato;Inesploso
5739813;7;10/12/2021 09:40:00;Strada Urbana;VIALE GIORGIO DE CHIRICO;da specificare;;;;AREA PRIVATA PARCHEGGIO MAURY'S;Scontro frontale/laterale DX fra veicoli in marcia;Rettilineo;Una carreggiata a senso unico di marcia;Asciutto;Asfaltata;Orizzontale;Sereno;Normale;Buona;;0;0;0;2;12.5902;41.8952;-1;2;Autovettura privata;In marcia / fermata / arresto;Conducente;M;Illeso;0;;Non accertato;Inesploso
5739814;7;10/12/2021 18:45:00;Strada Urbana;VIA FILIPPO PARLATORE;all'intersezione con;VIA FEDERICO DELPINO;VIA FEDERICO DELPINO;;;Scontro laterale fra veicoli in marcia;Incrocio;Più di due carreggiate;Bagnato (pioggia);Asfaltata;Verticale ed orizzontale;Pioggia in atto;Normale;Sufficiente;;0;0;0;2;12.5646;41.8915;-1;1;Autovettura privata;In marcia / fermata / arresto;Conducente;F;Illeso;0;;Non accertato;Esploso
5739814;7;10/12/2021 18:45:00;Strada Urbana;VIA FILIPPO PARLATORE;all'intersezione con;VIA FEDERICO DELPINO;VIA FEDERICO DELPINO;;;Scontro laterale fra veicoli in marcia;Incrocio;Più di due carreggiate;Bagnato (pioggia);Asfaltata;Verticale ed orizzontale;Pioggia in atto;Normale;Sufficiente;;0;0;0;2;12.5646;41.8915;-1;2;Autovettura privata;In marcia / fermata / arresto;Conducente;M;Illeso;0;;Non accertato;Inesploso
5739814;7;10/12/2021 18:45:00;Strada Urbana;VIA FILIPPO PARLATORE;all'intersezione con;VIA FEDERICO DELPINO;VIA FEDERICO DELPINO;;;Scontro laterale fra veicoli in marcia;Incrocio;Più di due carreggiate;Bagnato (pioggia);Asfaltata;Verticale ed orizzontale;Pioggia in atto;Normale;Sufficiente;;0;0;0;2;12.5646;41.8915;-1;3;Autocarro inferiore 35 q.;Sosta;;;;;;;
5739826;15;13/12/2021 07:20:00;Strada Urbana;VIA DELLA MAGLIANA;da specificare;;;;MT. 15 DOPO VIA L. CANDONI DIREZIONE GRA;Veicolo in marcia contro ostacolo accidentale;Rettilineo;Una carreggiata a doppio senso;Ghiacciato;Asfaltata;Orizzontale;Sereno;Normale;Buona;;0;0;0;1;12.4196;41.8317;-1;1;Motociclo a solo;In marcia / fermata / arresto;Conducente;M;Illeso;0;;Non accertato;
5739845;16;10/12/2021 18:00:00;Strada Urbana;VIA IVO PANNAGGI;in prossimità;;del civico n.;3;;Investimento di pedone;Rettilineo;Una carreggiata a doppio senso;Bagnato (pioggia);Asfaltata;Verticale ed orizzontale;Pioggia in atto;Scarso;Sufficiente;;0;0;0;3;12.4075;41.8713;-1;;;;Pedone;F;Illeso;0;;;
5739845;16;10/12/2021 18:00:00;Strada Urbana;VIA IVO PANNAGGI;in prossimità;;del civico n.;3;;Investimento di pedone;Rettilineo;Una carreggiata a doppio senso;Bagnato (pioggia);Asfaltata;Verticale ed orizzontale;Pioggia in atto;Scarso;Sufficiente;;0;0;0;3;12.4075;41.8713;-1;1;Autovettura privata;In marcia / fermata / arresto;Conducente;M;Illeso;0;;Non accertato;Inesploso
5739845;16;10/12/2021 18:00:00;Strada Urbana;VIA IVO PANNAGGI;in prossimità;;del civico n.;3;;Investimento di pedone;Rettilineo;Una carreggiata a doppio senso;Bagnato (pioggia);Asfaltata;Verticale ed orizzontale;Pioggia in atto;Scarso;Sufficiente;;0;0;0;3;12.4075;41.8713;-1;1;Autovettura privata;In marcia / fermata / arresto;Passeggero;M;Illeso;0;;Non accertato;Inesploso
5739849;13;13/12/2021 09:40:00;Strada Urbana;VIA DI PRATO CORNELIO;all'intersezione con;VIA CESARE MACCARI;VIA CESARE MACCARI;;;Scontro frontale/laterale DX fra veicoli in marcia;Incrocio;Una carreggiata a doppio senso;Asciutto;Asfaltata;Verticale ed orizzontale;Sereno;Normale;Buona;;1;0;0;3;12.3626;41.7738;-1;1;Autovettura privata;In marcia / fermata / arresto;Conducente;M;Illeso;0;;Non accertato;Inesploso
5739849;13;13/12/2021 09:40:00;Strada Urbana;VIA DI PRATO CORNELIO;all'intersezione con;VIA CESARE MACCARI;VIA CESARE MACCARI;;;Scontro frontale/laterale DX fra veicoli in marcia;Incrocio;Una carreggiata a doppio senso;Asciutto;Asfaltata;Verticale ed orizzontale;Sereno;Normale;Buona;;1;0;0;3;12.3626;41.7738;-1;1;Autovettura privata;In marcia / fermata / arresto;Passeggero;F;Ricoverato;0;NON DECEDUTO;Non accertato;Inesploso
5739849;13;13/12/2021 09:40:00;Strada Urbana;VIA DI PRATO CORNELIO;all'intersezione con;VIA CESARE MACCARI;VIA CESARE MACCARI;;;Scontro frontale/laterale DX fra veicoli in marcia;Incrocio;Una carreggiata a doppio senso;Asciutto;Asfaltata;Verticale ed orizzontale;Sereno;Normale;Buona;;1;0;0;3;12.3626;41.7738;-1;1;Autovettura privata;In marcia / fermata / arresto;Passeggero;M;Illeso;0;;Non accertato;Inesploso
5739849;13;13/12/2021 09:40:00;Strada Urbana;VIA DI PRATO CORNELIO;all'intersezione con;VIA CESARE MACCARI;VIA CESARE MACCARI;;;Scontro frontale/laterale DX fra veicoli in marcia;Incrocio;Una carreggiata a doppio senso;Asciutto;Asfaltata;Verticale ed orizzontale;Sereno;Normale;Buona;;1;0;0;3;12.3626;41.7738;-1;2;Autovettura privata;In marcia / fermata / arresto;Conducente;F;Illeso;0;;Non accertato;Inesploso
5739860;9;12/12/2021 10:40:00;Strada Urbana;VIA LUSITANIA;in prossimità;;del civico n.;14/D;;Investimento di pedone;Rettilineo;Una carreggiata a senso unico di marcia;Asciutto;Asfaltata;Verticale ed orizzontale;Sereno;Scarso;Buona;;1;0;0;1;12.5041;41.8766;-1;;;;Pedone;M;Rimandato;0;NON DECEDUTO;;
5739860;9;12/12/2021 10:40:00;Strada Urbana;VIA LUSITANIA;in prossimità;;del civico n.;14/D;;Investimento di pedone;Rettilineo;Una carreggiata a senso unico di marcia;Asciutto;Asfaltata;Verticale ed orizzontale;Sereno;Scarso;Buona;;1;0;0;1;12.5041;41.8766;-1;1;Autovettura privata;In marcia / fermata / arresto;Conducente;M;Illeso;0;;Non accertato;Inesploso
5739871;12;13/12/2021 11:30:00;Strada Urbana;VIA CRISTOFORO COLOMBO;in prossimità;;della chilometrica;12.7;;Veicolo in marcia contro veicolo fermo;Rettilineo;Più di due carreggiate;Asciutto;Asfaltata;Verticale ed orizzontale;Sereno;Normale;Buona;;0;0;0;2;12.4115;41.7858;-1;1;Autovettura privata;In marcia / fermata / arresto;Conducente;M;Illeso;0;;;
5739871;12;13/12/2021 11:30:00;Strada Urbana;VIA CRISTOFORO COLOMBO;in prossimità;;della chilometrica;12.7;;Veicolo in marcia contro veicolo fermo;Rettilineo;Più di due carreggiate;Asciutto;Asfaltata;Verticale ed orizzontale;Sereno;Normale;Buona;;0;0;0;2;12.4115;41.7858;-1;2;Autovettura privata;In marcia / fermata / arresto;Conducente;M;Illeso;0;;;
5739897;18;11/12/2021 02:20:00;Strada Urbana;VIA DOMENICO TARDINI;da specificare;;;;in prossimità di via del Forte Boccea;Veicolo in marcia contro ostacolo accidentale;Rettilineo;Una carreggiata a doppio senso;Bagnato (pioggia);Asfaltata;Verticale ed orizzontale;Pioggia in atto;Scarso;Sufficiente;;0;0;0;3;12.4254;41.9045;0;1;Autovettura privata;In marcia / fermata / arresto;Conducente;M;Illeso;0;;Non accertato;Inesploso
5739897;18;11/12/2021 02:20:00;Strada Urbana;VIA DOMENICO TARDINI;da specificare;;;;in prossimità di via del Forte Boccea;Veicolo in marcia contro ostacolo accidentale;Rettilineo;Una carreggiata a doppio senso;Bagnato (pioggia);Asfaltata;Verticale ed orizzontale;Pioggia in atto;Scarso;Sufficiente;;0;0;0;3;12.4254;41.9045;0;1;Autovettura privata;In marcia / fermata / arresto;Passeggero;M;Illeso;0;;Non accertato;Inesploso
5739897;18;11/12/2021 02:20:00;Strada Urbana;VIA DOMENICO TARDINI;da specificare;;;;in prossimità di via del Forte Boccea;Veicolo in marcia contro ostacolo accidentale;Rettilineo;Una carreggiata a doppio senso;Bagnato (pioggia);Asfaltata;Verticale ed orizzontale;Pioggia in atto;Scarso;Sufficiente;;0;0;0;3;12.4254;41.9045;0;1;Autovettura privata;In marcia / fermata / arresto;Passeggero;M;Illeso;0;;Non accertato;Inesploso
5739903;12;13/12/2021 12:30:00;Strada Urbana;VIALE DELL'OCEANO PACIFICO;all'intersezione semaforizzata con;VIALE DELLA GRANDE MURAGLIA;VIALE DELLA GRANDE MURAGLIA;;;Scontro frontale/laterale DX fra veicoli in marcia;Intersezione semaforizzata;Una carreggiata a doppio senso;Asciutto;Asfaltata;Verticale ed orizzontale;Sereno;Normale;Buona;;1;0;0;1;12.4569;41.8244;-1;1;Motociclo a solo;In marcia / fermata / arresto;Conducente;F;Rimandato;0;NON DECEDUTO;Utilizzato;
5739903;12;13/12/2021 12:30:00;Strada Urbana;VIALE DELL'OCEANO PACIFICO;all'intersezione semaforizzata con;VIALE DELLA GRANDE MURAGLIA;VIALE DELLA GRANDE MURAGLIA;;;Scontro frontale/laterale DX fra veicoli in marcia;Intersezione semaforizzata;Una carreggiata a doppio senso;Asciutto;Asfaltata;Verticale ed orizzontale;Sereno;Normale;Buona;;1;0;0;1;12.4569;41.8244;-1;2;Autovettura privata;In marcia / fermata / arresto;Conducente;F;Illeso;0;;Non accertato;Inesploso
5739907;17;10/12/2021 09:30:00;Strada Urbana;VIA GIOVANNI VITELLESCHI;all'intersezione con;VIA DEI TRE PUPAZZI;VIA DEI TRE PUPAZZI;;;Scontro frontale/laterale DX fra veicoli in marcia;Intersezione stradale segnalata;Una carreggiata a senso unico di marcia;Bagnato (umidità in atto);Asfaltata;Verticale ed orizzontale;Nuvoloso;Normale;Buona;;1;0;0;1;12.4621;41.9045;-1;1;Autovettura privata;In marcia / fermata / arresto;Conducente;M;Illeso;0;;;
5739907;17;10/12/2021 09:30:00;Strada Urbana;VIA GIOVANNI VITELLESCHI;all'intersezione con;VIA DEI TRE PUPAZZI;VIA DEI TRE PUPAZZI;;;Scontro frontale/laterale DX fra veicoli in marcia;Intersezione stradale segnalata;Una carreggiata a senso unico di marcia;Bagnato (umidità in atto);Asfaltata;Verticale ed orizzontale;Nuvoloso;Normale;Buona;;1;0;0;1;12.4621;41.9045;-1;2;Motociclo a solo;In marcia / fermata / arresto;Conducente;M;Rimandato;0;NON DECEDUTO;;
5739917;16;11/12/2021 01:25:00;Strada Urbana;VIA DI BRAVETTA;in corrispondenza;;del civico n.;754;;Veicolo in marcia contro veicolo in sosta;Rettilineo;Una carreggiata a doppio senso;Bagnato (pioggia);Asfaltata;Verticale ed orizzontale;Pioggia in atto;Normale;Sufficiente;;0;0;0;1;12.4228;41.8675;-1;1;Autovettura privata;In marcia / fermata / arresto;Conducente;F;Illeso;0;;Non accertato;Inesploso
5739917;16;11/12/2021 01:25:00;Strada Urbana;VIA DI BRAVETTA;in corrispondenza;;del civico n.;754;;Veicolo in marcia contro veicolo in sosta;Rettilineo;Una carreggiata a doppio senso;Bagnato (pioggia);Asfaltata;Verticale ed orizzontale;Pioggia in atto;Normale;Sufficiente;;0;0;0;1;12.4228;41.8675;-1;2;Autovettura privata;Sosta;;;;;;;
5739926;16;11/12/2021 05:00:00;;VIA CRISTOFORO COLOMBO;in prossimità;;del palo luce n.;132;;Veicolo in marcia contro ostacolo fisso;;;;;;;;;;1;0;0;0;12.4536;41.8089;0;1;Autovettura privata;In marcia / fermata / arresto;Conducente;M;Rimandato;0;NON DECEDUTO;;
5739929;7;10/12/2021 11:30:00;Strada Urbana;VIA DELLE PALME;all'intersezione con;VIA DEI CICLAMINI;VIA DEI CICLAMINI;;;Scontro frontale/laterale DX fra veicoli in marcia;Incrocio;Una carreggiata a doppio senso;Bagnato (pioggia);Asfaltata;Verticale ed orizzontale;Nuvoloso;Normale;Buona;;0;0;0;4;12.5669;41.8897;-1;1;Autovettura privata;In marcia / fermata / arresto;Conducente;M;Illeso;0;;Non accertato;Inesploso
5739929;7;10/12/2021 11:30:00;Strada Urbana;VIA DELLE PALME;all'intersezione con;VIA DEI CICLAMINI;VIA DEI CICLAMINI;;;Scontro frontale/laterale DX fra veicoli in marcia;Incrocio;Una carreggiata a doppio senso;Bagnato (pioggia);Asfaltata;Verticale ed orizzontale;Nuvoloso;Normale;Buona;;0;0;0;4;12.5669;41.8897;-1;1;Autovettura privata;In marcia / fermata / arresto;Passeggero;F;Illeso;0;;Non accertato;Inesploso
5739929;7;10/12/2021 11:30:00;Strada Urbana;VIA DELLE PALME;all'intersezione con;VIA DEI CICLAMINI;VIA DEI CICLAMINI;;;Scontro frontale/laterale DX fra veicoli in marcia;Incrocio;Una carreggiata a doppio senso;Bagnato (pioggia);Asfaltata;Verticale ed orizzontale;Nuvoloso;Normale;Buona;;0;0;0;4;12.5669;41.8897;-1;1;Autovettura privata;In marcia / fermata / arresto;Passeggero;M;Illeso;0;;Non accertato;Inesploso
5739929;7;10/12/2021 11:30:00;Strada Urbana;VIA DELLE PALME;all'intersezione con;VIA DEI CICLAMINI;VIA DEI CICLAMINI;;;Scontro frontale/laterale DX fra veicoli in marcia;Incrocio;Una carreggiata a doppio senso;Bagnato (pioggia);Asfaltata;Verticale ed orizzontale;Nuvoloso;Normale;Buona;;0;0;0;4;12.5669;41.8897;-1;2;Autovettura privata;In marcia / fermata / arresto;Conducente;M;Illeso;0;;Non accertato;Inesploso
5739938;16;11/12/2021 08:20:00;Strada Urbana;VIA DI BRAVETTA;da specificare;;;;fronte civico 40;Veicolo in marcia contro ostacolo accidentale;Rettilineo;Una carreggiata a doppio senso;Bagnato (umidità in atto);Con buche;Orizzontale;Sereno;Normale;Buona;;1;0;0;0;12.4257;41.8762;-1;1;Monopattino elettrico;In marcia / fermata / arresto;Conducente;M;Rimandato;0;NON DECEDUTO;Non accertato;Inesistente
5739973;7;10/12/2021 19:30:00;Strada Urbana;VIA PRENESTINA;in corrispondenza;;del civico n.;492;;Scontro frontale/laterale DX fra veicoli in marcia;Rettilineo;Due carreggiate;Bagnato (pioggia);Asfaltata;Verticale ed orizzontale;Pioggia in atto;Normale;Buona;;1;0;0;1;12.572;41.8948;-1;1;Autovettura privata;In marcia / fermata / arresto;Conducente;M;Illeso;0;;Non accertato;Inesploso
5739973;7;10/12/2021 19:30:00;Strada Urbana;VIA PRENESTINA;in corrispondenza;;del civico n.;492;;Scontro frontale/laterale DX fra veicoli in marcia;Rettilineo;Due carreggiate;Bagnato (pioggia);Asfaltata;Verticale ed orizzontale;Pioggia in atto;Normale;Buona;;1;0;0;1;12.572;41.8948;-1;2;Motociclo a solo;In marcia / fermata / arresto;Conducente;M;Rimandato;0;NON DECEDUTO;Non accertato;
5739985;9;13/12/2021 12:00:00;;VIA ETRURIA;da specificare;;;;prossimità civico 15 (palo A.C.E.A n. 6);Veicolo in marcia contro ostacolo fisso;;;;;;;;;;0;0;0;1;12.5139;41.8787;0;1;Autoarticolato;In marcia / fermata / arresto;Conducente;M;Illeso;0;;Non accertato;Inesploso
5739995;6;13/12/2021 12:00:00;Strada Urbana;VIA DI PORTA FURBA;all'intersezione con;VIA DEGLI OPPII;VIA DEGLI OPPII;;;Investimento di pedone;Incrocio;Una carreggiata a doppio senso;Asciutto;Asfaltata;Verticale;Sereno;Intenso;Sufficiente;;1;0;0;1;12.5407;41.8716;-1;;;;Pedone;M;Rimandato;0;NON DECEDUTO;;
5739995;6;13/12/2021 12:00:00;Strada Urbana;VIA DI PORTA FURBA;all'intersezione con;VIA DEGLI OPPII;VIA DEGLI OPPII;;;Investimento di pedone;Incrocio;Una carreggiata a doppio senso;Asciutto;Asfaltata;Verticale;Sereno;Intenso;Sufficiente;;1;0;0;1;12.5407;41.8716;-1;1;Autovettura privata;In marcia / fermata / arresto;Conducente;M;Illeso;0;;Non accertato;Inesploso
5739999;7;12/12/2021 04:40:00;Strada Urbana;VIA PRENESTINA;all'intersezione semaforizzata con;VIALE GIORGIO DE CHIRICO;VIALE GIORGIO DE CHIRICO;;;Tamponamento;Intersezione semaforizzata;Una carreggiata a senso unico di marcia;Asciutto;Asfaltata;Verticale ed orizzontale;Sereno;Scarso;Buona;;0;0;0;1;12.5905;41.8941;-1;1;Autovettura privata;In marcia / fermata / arresto;Conducente;M;Illeso;0;;Non accertato;Inesploso
5739999;7;12/12/2021 04:40:00;Strada Urbana;VIA PRENESTINA;all'intersezione semaforizzata con;VIALE GIORGIO DE CHIRICO;VIALE GIORGIO DE CHIRICO;;;Tamponamento;Intersezione semaforizzata;Una carreggiata a senso unico di marcia;Asciutto;Asfaltata;Verticale ed orizzontale;Sereno;Scarso;Buona;;0;0;0;1;12.5905;41.8941;-1;2;Autovettura privata;In marcia / fermata / arresto;;;;;;;
5740033;9;13/12/2021 13:05:00;Strada Urbana;PIAZZALE APPIO;da specificare;;;;prossimità LARGO BRINDISI;Scontro laterale fra veicoli in marcia;Rettilineo;Una carreggiata a senso unico di marcia;Asciutto;Asfaltata;Verticale ed orizzontale;Sereno;Normale;Buona;;0;0;0;4;12.51;41.8855;-1;1;Autovettura privata;In marcia / fermata / arresto;Conducente;M;Illeso;0;;Non accertato;Inesploso
5740033;9;13/12/2021 13:05:00;Strada Urbana;PIAZZALE APPIO;da specificare;;;;prossimità LARGO BRINDISI;Scontro laterale fra veicoli in marcia;Rettilineo;Una carreggiata a senso unico di marcia;Asciutto;Asfaltata;Verticale ed orizzontale;Sereno;Normale;Buona;;0;0;0;4;12.51;41.8855;-1;2;Motociclo a solo;In marcia / fermata / arresto;Conducente;M;Illeso;0;;Non accertato;
5740033;9;13/12/2021 13:05:00;Strada Urbana;PIAZZALE APPIO;da specificare;;;;prossimità LARGO BRINDISI;Scontro laterale fra veicoli in marcia;Rettilineo;Una carreggiata a senso unico di marcia;Asciutto;Asfaltata;Verticale ed orizzontale;Sereno;Normale;Buona;;0;0;0;4;12.51;41.8855;-1;3;Autovettura privata;In marcia / fermata / arresto;Conducente;M;Illeso;0;;Non accertato;Inesploso
5740033;9;13/12/2021 13:05:00;Strada Urbana;PIAZZALE APPIO;da specificare;;;;prossimità LARGO BRINDISI;Scontro laterale fra veicoli in marcia;Rettilineo;Una carreggiata a senso unico di marcia;Asciutto;Asfaltata;Verticale ed orizzontale;Sereno;Normale;Buona;;0;0;0;4;12.51;41.8855;-1;3;Autovettura privata;In marcia / fermata / arresto;Passeggero;M;Illeso;0;;Non accertato;Inesploso
5740042;13;09/12/2021 20:25:00;Strada Urbana;VIALE DI CASTEL PORZIANO;in corrispondenza;;del civico n.;431;;Investimento di pedone;Rettilineo;Una carreggiata a doppio senso;Asciutto;Asfaltata;Orizzontale;Nuvoloso;Scarso;Buona;;1;0;0;0;12.3662;41.7361;0;;;;Pedone;M;Rimandato;0;NON DECEDUTO;;
5740042;13;09/12/2021 20:25:00;Strada Urbana;VIALE DI CASTEL PORZIANO;in corrispondenza;;del civico n.;431;;Investimento di pedone;Rettilineo;Una carreggiata a doppio senso;Asciutto;Asfaltata;Orizzontale;Nuvoloso;Scarso;Buona;;1;0;0;0;12.3662;41.7361;0;1;Autovettura privata;Allontanatosi;;;;;;;
5740048;18;11/12/2021 19:40:00;Statale;VIA AURELIA;da specificare;;;;direzione Civitavecchia Km16+300;Veicolo in marcia contro ostacolo accidentale;Rettilineo;Due carreggiate;Asciutto;Asfaltata;Verticale ed orizzontale;Sereno;Scarso;Sufficiente;;0;0;0;1;12.4012;41.8861;0;1;Autovettura privata;In marcia / fermata / arresto;Conducente;F;Illeso;0;;Non accertato;Inesploso
5740049;7;12/12/2021 17:45:00;Strada Urbana;VIA COLLATINA;in prossimità;;del civico n.;104;;Scontro frontale/laterale SX fra veicoli in marcia;Rettilineo;Una carreggiata a doppio senso;Asciutto;Asfaltata;Verticale ed orizzontale;Sereno;Normale;Sufficiente;;0;0;0;3;12.565;41.8996;-1;1;Autovettura privata;In marcia / fermata / arresto;Conducente;M;Illeso;0;;Non accertato;Inesploso
5740049;7;12/12/2021 17:45:00;Strada Urbana;VIA COLLATINA;in prossimità;;del civico n.;104;;Scontro frontale/laterale SX fra veicoli in marcia;Rettilineo;Una carreggiata a doppio senso;Asciutto;Asfaltata;Verticale ed orizzontale;Sereno;Normale;Sufficiente;;0;0;0;3;12.565;41.8996;-1;1;Autovettura privata;In marcia / fermata / arresto;Passeggero;F;Illeso;0;;Non accertato;Inesploso
5740049;7;12/12/2021 17:45:00;Strada Urbana;VIA COLLATINA;in prossimità;;del civico n.;104;;Scontro frontale/laterale SX fra veicoli in marcia;Rettilineo;Una carreggiata a doppio senso;Asciutto;Asfaltata;Verticale ed orizzontale;Sereno;Normale;Sufficiente;;0;0;0;3;12.565;41.8996;-1;2;Autovettura privata;In marcia / fermata / arresto;Conducente;M;Illeso;0;;Non accertato;Inesploso
5740062;17;10/12/2021 05:20:00;Strada Urbana;VIALE DELLA PIRAMIDE CESTIA;in prossimità;;del civico n.;1;;Veicolo in marcia contro ostacolo accidentale;Rettilineo;Più di due carreggiate;Bagnato (umidità in atto);In cubetti di porfido;Verticale ed orizzontale;Sereno;Scarso;Buona;;0;0;0;1;12.4841;41.8792;0;1;Autovettura privata;In marcia / fermata / arresto;Conducente;M;Illeso;0;;;
5740064;9;13/12/2021 13:20:00;Strada Urbana;VIA LATINA;all'intersezione con;VIA CESARE BARONIO;VIA CESARE BARONIO;;;Scontro laterale fra veicoli in marcia;Incrocio;Due carreggiate;Asciutto;Asfaltata;Verticale ed orizzontale;Sereno;Scarso;Buona;;1;0;0;1;12.5185;41.8713;-1;1;Autovettura privata;In marcia / fermata / arresto;Conducente;F;Illeso;0;;Non accertato;Inesploso
5740064;9;13/12/2021 13:20:00;Strada Urbana;VIA LATINA;all'intersezione con;VIA CESARE BARONIO;VIA CESARE BARONIO;;;Scontro laterale fra veicoli in marcia;Incrocio;Due carreggiate;Asciutto;Asfaltata;Verticale ed orizzontale;Sereno;Scarso;Buona;;1;0;0;1;12.5185;41.8713;-1;2;Autovettura privata;In marcia / fermata / arresto;Conducente;F;Rimandato;0;NON DECEDUTO;Non accertato;Inesploso
5740066;18;11/12/2021 20:45:00;Strada Urbana;VIA DI BOCCEA;in prossimità;;del civico n.;163;;Tamponamento;Rettilineo;Una carreggiata a doppio senso;Asciutto;Asfaltata;Verticale ed orizzontale;Sereno;Scarso;Sufficiente;;1;0;0;1;12.4234;41.9026;-1;1;Motociclo a solo;In marcia / fermata / arresto;Conducente;M;Rimandato;0;NON DECEDUTO;Non accertato;
5740066;18;11/12/2021 20:45:00;Strada Urbana;VIA DI BOCCEA;in prossimità;;del civico n.;163;;Tamponamento;Rettilineo;Una carreggiata a doppio senso;Asciutto;Asfaltata;Verticale ed orizzontale;Sereno;Scarso;Sufficiente;;1;0;0;1;12.4234;41.9026;-1;2;Motociclo a solo;In marcia / fermata / arresto;Conducente;F;Illeso;0;;Non accertato;
5740069;6;13/12/2021 08:20:00;Strada Urbana;VIALE DELLA PRIMAVERA;in prossimità;;del civico n.;207;;Tamponamento;Rettilineo;Due carreggiate;Asciutto;Asfaltata;Verticale ed orizzontale;Sereno;Normale;Buona;;1;0;0;1;12.5612;41.882;-1;1;Motociclo a solo;In marcia / fermata / arresto;Conducente;F;Rifiuta cure immediate;0;NON DECEDUTO;Non accertato;
5740069;6;13/12/2021 08:20:00;Strada Urbana;VIALE DELLA PRIMAVERA;in prossimità;;del civico n.;207;;Tamponamento;Rettilineo;Due carreggiate;Asciutto;Asfaltata;Verticale ed orizzontale;Sereno;Normale;Buona;;1;0;0;1;12.5612;41.882;-1;2;Autovettura privata;In marcia / fermata / arresto;Conducente;F;Illeso;0;;Non accertato;Inesploso
5740121;18;13/12/2021 14:05:00;Strada Urbana;VIA DI TORRE ROSSA;in corrispondenza;;del civico n.;86;;Investimento di pedone;Rettilineo;Una carreggiata a doppio senso;Asciutto;Asfaltata;Verticale ed orizzontale;Sole radente;Normale;Sufficiente;;2;0;0;3;12.4272;41.892;-1;;;;Pedone;M;Rimandato;0;NON DECEDUTO;;
5740121;18;13/12/2021 14:05:00;Strada Urbana;VIA DI TORRE ROSSA;in corrispondenza;;del civico n.;86;;Investimento di pedone;Rettilineo;Una carreggiata a doppio senso;Asciutto;Asfaltata;Verticale ed orizzontale;Sole radente;Normale;Sufficiente;;2;0;0;3;12.4272;41.892;-1;;;;Pedone;M;Rimandato;0;NON DECEDUTO;;