Protocollo;Gruppo;DataOraIncidente;Localizzazione1;STRADA1;Localizzazione2;STRADA2;Strada02;Chilometrica;DaSpecificare;NaturaIncidente;particolaritastrade;TipoStrada;FondoStradale;Pavimentazione;Segnaletica;CondizioneAtmosferica;Traffico;Visibilita;Illuminazione;NUM_FERITI;NUM_RISERVATA;NUM_MORTI;NUM_ILLESI;Longitude;Latitude;Confermato;Progressivo;TipoVeicolo;StatoVeicolo;TipoPersona;Sesso;Tipolesione;Deceduto;DecedutoDopo;CinturaCascoUtilizzato;Airbag;
5740568;8;13/12/2021 18:30:00;Strada Urbana;VIA AMICO ASPERTINI;all'intersezione con;VIA ORAZIO BORGIANNI;VIA ORAZIO BORGIANNI;;;Tamponamento Multiplo;Intersezione stradale segnalata;Una carreggiata a doppio senso;Asciutto;Asfaltata;Orizzontale;Sereno;Normale;Sufficiente;;2;0;0;1;12.6294;41.8707;-1;3;Autovettura privata;In marcia / fermata / arresto;;;;;;;
5740577;7;13/12/2021 23:00:00;Strada Urbana;VIA DAVIDE CAMPARI;in prossimità;;del palo luce n.;7;;Veicolo in marcia contro ostacolo accidentale;Curva a visuale libera;Una carreggiata a doppio senso;Asciutto;Asfaltata;Assente;Sereno;Scarso;Buona;;0;0;0;2;12.587;41.8862;-1;1;Autovettura privata;In marcia / fermata / arresto;Conducente;M;Illeso;0;;Non accertato;Inesploso
5740577;7;13/12/2021 23:00:00;Strada Urbana;VIA DAVIDE CAMPARI;in prossimità;;del palo luce n.;7;;Veicolo in marcia contro ostacolo accidentale;Curva a visuale libera;Una carreggiata a doppio senso;Asciutto;Asfaltata;Assente;Sereno;Scarso;Buona;;0;0;0;2;12.587;41.8862;-1;1;Autovettura privata;In marcia / fermata / arresto;Passeggero;M;Illeso;0;;Non accertato;Inesploso
5740585;20;13/12/2021 16:00:00;Strada Urbana;VIA FLAMINIA;in corrispondenza;;della chilometrica;11.35;;Scontro laterale fra veicoli in marcia;Curva a visuale libera;Due carreggiate;Asciutto;Asfaltata;Verticale ed orizzontale;Sereno;Intenso;Buona;;0;0;0;2;12.4718;41.9419;-1;1;Autovettura privata;In marcia / fermata / arresto;Conducente;M;Illeso;0;;;
5740585;20;13/12/2021 16:00:00;Strada Urbana;VIA FLAMINIA;in corrispondenza;;della chilometrica;11.35;;Scontro laterale fra veicoli in marcia;Curva a visuale libera;Due carreggiate;Asciutto;Asfaltata;Verticale ed orizzontale;Sereno;Intenso;Buona;;0;0;0;2;12.4718;41.9419;-1;2;Autovettura privata;In marcia / fermata / arresto;Conducente;M;Illeso;0;;;
5740590;20;13/12/2021 13:45:00;Strada Urbana;VIA CASSIA;da specificare;;;;altezza stazione della Giustiniana;Scontro frontale/laterale SX fra veicoli in marcia;Rotatoria;Una carreggiata a senso unico di marcia;Asciutto;Asfaltata;Verticale ed orizzontale;Sereno;Normale;Buona;;1;0;0;2;12.4046;41.986;-1;1;Autovettura privata;In marcia / fermata / arresto;Conducente;M;Illeso;0;;;
5740590;20;13/12/2021 13:45:00;Strada Urbana;VIA CASSIA;da specificare;;;;altezza stazione della Giustiniana;Scontro frontale/laterale SX fra veicoli in marcia;Rotatoria;Una carreggiata a senso unico di marcia;Asciutto;Asfaltata;Verticale ed orizzontale;Sereno;Normale;Buona;;1;0;0;2;12.4046;41.986;-1;1;Autovettura privata;In marcia / fermata / arresto;Passeggero;M;Illeso;0;;;
5740590;20;13/12/2021 13:45:00;Strada Urbana;VIA CASSIA;da specificare;;;;altezza stazione della Giustiniana;Scontro frontale/laterale SX fra veicoli in marcia;Rotatoria;Una carreggiata a senso unico di marcia;Asciutto;Asfaltata;Verticale ed orizzontale;Sereno;Normale;Buona;;1;0;0;2;12.4046;41.986;-1;2;Motociclo a solo;In marcia / fermata / arresto;Conducente;M;Rimandato;0;NON DECEDUTO;;
5740624;5;13/12/2021 09:15:00;Strada Urbana;VIA DEI MONTI TIBURTINI;in prossimità;;del civico n.;144;;Veicolo in marcia che urta buche nella carreggiata;Rettilineo;Due carreggiate;Asciutto;Asfaltata;Verticale ed orizzontale;Sereno;Normale;Buona;;0;0;0;1;12.5335;41.9199;-1;1;Autovettura privata;In marcia / fermata / arresto;Conducente;F;Illeso;0;;Non accertato;
5740630;13;12/12/2021 15:50:00;Strada Urbana;VIA GUIDO CALZA;da specificare;;;;altezza VIALE DEI ROMAGNOLI;Veicolo in marcia contro ostacolo fisso;Rettilineo;Due carreggiate;Asciutto;Asfaltata;Verticale ed orizzontale;Sereno;Normale;Sufficiente;;0;0;0;1;12.2916;41.7522;-1;1;Autovettura privata;In marcia / fermata / arresto;Conducente;M;Illeso;0;;;
5740637;20;13/12/2021 16:35:00;Strada Urbana;VIA CASSIA;in prossimità;;del civico n.;1694;;Scontro laterale fra veicoli in marcia;Rettilineo;Una carreggiata a doppio senso;Asciutto;Asfaltata;Orizzontale;Sereno;Normale;Buona;;0;0;0;4;12.3812;42.0048;-1;1;Autovettura privata;In marcia / fermata / arresto;Conducente;M;Illeso;0;;Non accertato;
5740637;20;13/12/2021 16:35:00;Strada Urbana;VIA CASSIA;in prossimità;;del civico n.;1694;;Scontro laterale fra veicoli in marcia;Rettilineo;Una carreggiata a doppio senso;Asciutto;Asfaltata;Orizzontale;Sereno;Normale;Buona;;0;0;0;4;12.3812;42.0048;-1;1;Autovettura privata;In marcia / fermata / arresto;Passeggero;M;Illeso;0;;Non accertato;
5740637;20;13/12/2021 16:35:00;Strada Urbana;VIA CASSIA;in prossimità;;del civico n.;1694;;Scontro laterale fra veicoli in marcia;Rettilineo;Una carreggiata a doppio senso;Asciutto;Asfaltata;Orizzontale;Sereno;Normale;Buona;;0;0;0;4;12.3812;42.0048;-1;1;Autovettura privata;In marcia / fermata / arresto;Passeggero;M;Illeso;0;;Non accertato;
5740637;20;13/12/2021 16:35:00;Strada Urbana;VIA CASSIA;in prossimità;;del civico n.;1694;;Scontro laterale fra veicoli in marcia;Rettilineo;Una carreggiata a doppio senso;Asciutto;Asfaltata;Orizzontale;Sereno;Normale;Buona;;0;0;0;4;12.3812;42.0048;-1;2;Autovettura privata;In marcia / fermata / arresto;Conducente;M;Illeso;0;;Non accertato;
5740638;20;13/12/2021 13:45:00;Strada Urbana;VIALE DI TOR DI QUINTO;in prossimità;;del civico n.;151;;Scontro laterale fra veicoli in marcia;Rettilineo;Due carreggiate;Asciutto;Asfaltata;Verticale ed orizzontale;Sereno;Normale;Buona;;0;0;0;4;12.4859;41.9472;-1;1;Autovettura privata;In marcia / fermata / arresto;Conducente;M;Illeso;0;;Non accertato;
5740638;20;13/12/2021 13:45:00;Strada Urbana;VIALE DI TOR DI QUINTO;in prossimità;;del civico n.;151;;Scontro laterale fra veicoli in marcia;Rettilineo;Due carreggiate;Asciutto;Asfaltata;Verticale ed orizzontale;Sereno;Normale;Buona;;0;0;0;4;12.4859;41.9472;-1;1;Autovettura privata;In marcia / fermata / arresto;Passeggero;F;Illeso;0;;Non accertato;Inesploso
5740638;20;13/12/2021 13:45:00;Strada Urbana;VIALE DI TOR DI QUINTO;in prossimità;;del civico n.;151;;Scontro laterale fra veicoli in marcia;Rettilineo;Due carreggiate;Asciutto;Asfaltata;Verticale ed orizzontale;Sereno;Normale;Buona;;0;0;0;4;12.4859;41.9472;-1;2;Motociclo a solo;In marcia / fermata / arresto;Conducente;M;Illeso;0;;;
5740638;20;13/12/2021 13:45:00;Strada Urbana;VIALE DI TOR DI QUINTO;in prossimità;;del civico n.;151;;Scontro laterale fra veicoli in marcia;Rettilineo;Due carreggiate;Asciutto;Asfaltata;Verticale ed orizzontale;Sereno;Normale;Buona;;0;0;0;4;12.4859;41.9472;-1;3;Autovettura privata;In marcia / fermata / arresto;Conducente;M;Illeso;0;;Non accertato;
5740639;13;12/12/2021 16:45:00;Strada Urbana;VIA ANGELO CANEVARI;all'intersezione con;VIA DI ACILIA;VIA DI ACILIA;;;Scontro frontale/laterale DX fra veicoli in marcia;Incrocio;Una carreggiata a doppio senso;Asciutto;Asfaltata;Orizzontale;Sereno;Normale;Buona;;0;0;0;5;12.3713;41.7734;-1;1;Autovettura privata;In marcia / fermata / arresto;Conducente;M;Illeso;0;;Non accertato;Inesploso
5740639;13;12/12/2021 16:45:00;Strada Urbana;VIA ANGELO CANEVARI;all'intersezione con;VIA DI ACILIA;VIA DI ACILIA;;;Scontro frontale/laterale DX fra veicoli in marcia;Incrocio;Una carreggiata a doppio senso;Asciutto;Asfaltata;Orizzontale;Sereno;Normale;Buona;;0;0;0;5;12.3713;41.7734;-1;2;Autovettura privata;In marcia / fermata / arresto;Conducente;F;Illeso;0;;Non accertato;Inesploso
5740639;13;12/12/2021 16:45:00;Strada Urbana;VIA ANGELO CANEVARI;all'intersezione con;VIA DI ACILIA;VIA DI ACILIA;;;Scontro frontale/laterale DX fra veicoli in marcia;Incrocio;Una carreggiata a doppio senso;Asciutto;Asfaltata;Orizzontale;Sereno;Normale;Buona;;0;0;0;5;12.3713;41.7734;-1;2;Autovettura privata;In marcia / fermata / arresto;Passeggero;M;Illeso;0;;Non accertato;Inesploso
5740639;13;12/12/2021 16:45:00;Strada Urbana;VIA ANGELO CANEVARI;all'intersezione con;VIA DI ACILIA;VIA DI ACILIA;;;Scontro frontale/laterale DX fra veicoli in marcia;Incrocio;Una carreggiata a doppio senso;Asciutto;Asfaltata;Orizzontale;Sereno;Normale;Buona;;0;0;0;5;12.3713;41.7734;-1;2;Autovettura privata;In marcia / fermata / arresto;Passeggero;F;Illeso;0;;Non accertato;Inesploso
5740639;13;12/12/2021 16:45:00;Strada Urbana;VIA ANGELO CANEVARI;all'intersezione con;VIA DI ACILIA;VIA DI ACILIA;;;Scontro frontale/laterale DX fra veicoli in marcia;Incrocio;Una carreggiata a doppio senso;Asciutto;Asfaltata;Orizzontale;Sereno;Normale;Buona;;0;0;0;5;12.3713;41.7734;-1;2;Autovettura privata;In marcia / fermata / arresto;Passeggero;M;Illeso;0;;Non utilizzato;
5740647;13;12/12/2021 21:50:00;;VIALE CHARLES LENORMANT;da specificare;;;;altezza CAVALCAVIA;Veicolo in marcia contro ostacolo fisso;;;;;;;;;;0;0;0;2;;;0;1;Autovettura privata;In marcia / fermata / arresto;Conducente;M;Illeso;0;;;
5740647;13;12/12/2021 21:50:00;;VIALE CHARLES LENORMANT;da specificare;;;;altezza CAVALCAVIA;Veicolo in marcia contro ostacolo fisso;;;;;;;;;;0;0;0;2;;;0;1;Autovettura privata;In marcia / fermata / arresto;Passeggero;F;Illeso;0;;Non accertato;Esploso
5740648;5;13/12/2021 09:25:00;Strada Urbana;LARGO S. GIUSEPPE ARTIGIANO;in corrispondenza;;del civico n.;21;;Veicolo in marcia contro veicolo in sosta;Rettilineo;Una carreggiata a doppio senso;Asciutto;Asfaltata;Verticale;Sereno;Scarso;Buona;;0;0;0;0;12.5399;41.905;-1;1;Autovettura privata;Sosta;;;;;;;
5740648;5;13/12/2021 09:25:00;Strada Urbana;LARGO S. GIUSEPPE ARTIGIANO;in corrispondenza;;del civico n.;21;;Veicolo in marcia contro veicolo in sosta;Rettilineo;Una carreggiata a doppio senso;Asciutto;Asfaltata;Verticale;Sereno;Scarso;Buona;;0;0;0;0;12.5399;41.905;-1;2;Autocarro inferiore 35 q.;Allontanatosi;;;;;;;
5740674;5;13/12/2021 11:40:00;Strada Urbana;VIA ALBERTO BERGAMINI;all'intersezione con;VIA FILIPPO FIORENTINI;VIA FILIPPO FIORENTINI;;;Tamponamento;Incrocio;Due carreggiate;Asciutto;Asfaltata;Verticale ed orizzontale;Sereno;Normale;Buona;;0;0;0;2;12.5554;41.9059;-1;1;Autovettura privata;In marcia / fermata / arresto;Conducente;M;Illeso;0;;Non accertato;Inesploso
5740674;5;13/12/2021 11:40:00;Strada Urbana;VIA ALBERTO BERGAMINI;all'intersezione con;VIA FILIPPO FIORENTINI;VIA FILIPPO FIORENTINI;;;Tamponamento;Incrocio;Due carreggiate;Asciutto;Asfaltata;Verticale ed orizzontale;Sereno;Normale;Buona;;0;0;0;2;12.5554;41.9059;-1;2;Veicolo speciale;In marcia / fermata / arresto;Conducente;F;Illeso;0;;Non accertato;
5740683;7;13/12/2021 06:15:00;Strada Urbana;VIA TOR DE' SCHIAVI;all'intersezione con;VIA DEI PLATANI;VIA DEI PLATANI;;;Scontro laterale fra veicoli in marcia;Incrocio;Una carreggiata a doppio senso;Asciutto;Asfaltata;Verticale ed orizzontale;Sereno;Normale;Sufficiente;;0;0;0;2;12.5635;41.8812;-1;1;Autocarro inferiore 35 q.;In marcia / fermata / arresto;Conducente;M;Illeso;0;;Non accertato;Inesploso
5740683;7;13/12/2021 06:15:00;Strada Urbana;VIA TOR DE' SCHIAVI;all'intersezione con;VIA DEI PLATANI;VIA DEI PLATANI;;;Scontro laterale fra veicoli in marcia;Incrocio;Una carreggiata a doppio senso;Asciutto;Asfaltata;Verticale ed orizzontale;Sereno;Normale;Sufficiente;;0;0;0;2;12.5635;41.8812;-1;2;Autovettura privata;In marcia / fermata / arresto;Conducente;M;Illeso;0;;Non accertato;Inesploso
5740685;20;13/12/2021 15:30:00;Regionale;VIA CASSIA;da specificare;;;;corrisp. rampa da Cassia Bis prov fuori città;Tamponamento;Rettilineo;Due carreggiate;Asciutto;Asfaltata;Verticale ed orizzontale;Sereno;Normale;Buona;;0;0;0;2;12.3752;42.0578;-1;1;Autovettura privata;In marcia / fermata / arresto;Conducente;F;Illeso;0;;Non accertato;Inesploso
5740685;20;13/12/2021 15:30:00;Regionale;VIA CASSIA;da specificare;;;;corrisp. rampa da Cassia Bis prov fuori città;Tamponamento;Rettilineo;Due carreggiate;Asciutto;Asfaltata;Verticale ed orizzontale;Sereno;Normale;Buona;;0;0;0;2;12.3752;42.0578;-1;2;Autovettura privata;In marcia / fermata / arresto;Conducente;M;Illeso;0;;Non accertato;Inesploso
5740687;20;13/12/2021 12:15:00;Altra strada;VIA DELLA CAMILLUCCIA;in corrispondenza;;del civico n.;572;;Investimento di pedone;Rettilineo;Una carreggiata a doppio senso;Asciutto;Asfaltata;Assente;Sereno;Normale;Buona;;1;0;0;1;12.4506;41.9441;-1;;;;Pedone;M;Rimandato;0;NON DECEDUTO;;
5740687;20;13/12/2021 12:15:00;Altra strada;VIA DELLA CAMILLUCCIA;in corrispondenza;;del civico n.;572;;Investimento di pedone;Rettilineo;Una carreggiata a doppio senso;Asciutto;Asfaltata;Assente;Sereno;Normale;Buona;;1;0;0;1;12.4506;41.9441;-1;1;Autovettura privata;In marcia / fermata / arresto;Conducente;M;Illeso;0;;Non accertato;Inesploso
5740690;12;13/12/2021 10:05:00;Provinciale entro l'abitato;VIA ARDEATINA;in corrispondenza;;del civico n.;1026;;Tamponamento;Rettilineo;Una carreggiata a doppio senso;Asciutto;Asfaltata;Verticale ed orizzontale;Sereno;Normale;Buona;;0;0;0;2;12.5361;41.7897;-1;1;Autovettura privata;In marcia / fermata / arresto;Conducente;F;Illeso;0;;;
5740690;12;13/12/2021 10:05:00;Provinciale entro l'abitato;VIA ARDEATINA;in corrispondenza;;del civico n.;1026;;Tamponamento;Rettilineo;Una carreggiata a doppio senso;Asciutto;Asfaltata;Verticale ed orizzontale;Sereno;Normale;Buona;;0;0;0;2;12.5361;41.7897;-1;2;Autovettura privata;In marcia / fermata / arresto;Conducente;M;Illeso;0;;;
5740704;5;13/12/2021 12:30:00;Strada Urbana;VIA DI GROTTA DI GREGNA;in prossimità;;del civico n.;103;;Veicolo in marcia contro veicolo fermo;Rettilineo;Una carreggiata a senso unico di marcia;Asciutto;Asfaltata;Verticale ed orizzontale;Sereno;Normale;Buona;;0;0;0;2;12.5653;41.9115;-1;1;Autovettura privata;In marcia / fermata / arresto;Conducente;M;Illeso;0;;Non accertato;
5740704;5;13/12/2021 12:30:00;Strada Urbana;VIA DI GROTTA DI GREGNA;in prossimità;;del civico n.;103;;Veicolo in marcia contro veicolo fermo;Rettilineo;Una carreggiata a senso unico di marcia;Asciutto;Asfaltata;Verticale ed orizzontale;Sereno;Normale;Buona;;0;0;0;2;12.5653;41.9115;-1;2;Autovettura privata;In marcia / fermata / arresto;Conducente;F;Illeso;0;;Non accertato;
5740706;20;13/12/2021 11:40:00;Strada Urbana;VIA DEL FORO ITALICO;in corrispondenza;;del civico n.;909;;Tamponamento;Rettilineo;Due carreggiate;Asciutto;Asfaltata;Verticale ed orizzontale;Sereno;Normale;Buona;;2;0;0;2;12.4838;41.9399;-1;1;Autovettura privata;In marcia / fermata / arresto;Conducente;M;Ricoverato;0;NON DECEDUTO;Utilizzato;Inesploso
5740706;20;13/12/2021 11:40:00;Strada Urbana;VIA DEL FORO ITALICO;in corrispondenza;;del civico n.;909;;Tamponamento;Rettilineo;Due carreggiate;Asciutto;Asfaltata;Verticale ed orizzontale;Sereno;Normale;Buona;;2;0;0;2;12.4838;41.9399;-1;1;Autovettura privata;In marcia / fermata / arresto;Passeggero;M;Rimandato;0;NON DECEDUTO;Utilizzato;Inesploso
5740706;20;13/12/2021 11:40:00;Strada Urbana;VIA DEL FORO ITALICO;in corrispondenza;;del civico n.;909;;Tamponamento;Rettilineo;Due carreggiate;Asciutto;Asfaltata;Verticale ed orizzontale;Sereno;Normale;Buona;;2;0;0;2;12.4838;41.9399;-1;2;Autocarro inferiore 35 q.;In marcia / fermata / arresto;Conducente;M;Illeso;0;;Utilizzato;Esploso
5740706;20;13/12/2021 11:40:00;Strada Urbana;VIA DEL FORO ITALICO;in corrispondenza;;del civico n.;909;;Tamponamento;Rettilineo;Due carreggiate;Asciutto;Asfaltata;Verticale ed orizzontale;Sereno;Normale;Buona;;2;0;0;2;12.4838;41.9399;-1;2;Autocarro inferiore 35 q.;In marcia / fermata / arresto;Passeggero;M;Illeso;0;;Non accertato;Esploso
5740713;5;13/12/2021 15:30:00;Strada Urbana;VIA DI CASAL DEI PAZZI;in corrispondenza;;del civico n.;24;;Investimento di pedone;Rettilineo;Una carreggiata a doppio senso;Asciutto;Asfaltata;Verticale ed orizzontale;Sereno;Normale;Buona;;1;0;0;1;12.5708;41.9257;-1;;;;Pedone;M;Rimandato;0;NON DECEDUTO;;
5740713;5;13/12/2021 15:30:00;Strada Urbana;VIA DI CASAL DEI PAZZI;in corrispondenza;;del civico n.;24;;Investimento di pedone;Rettilineo;Una carreggiata a doppio senso;Asciutto;Asfaltata;Verticale ed orizzontale;Sereno;Normale;Buona;;1;0;0;1;12.5708;41.9257;-1;1;Autobus urbano;In marcia / fermata / arresto;Conducente;M;Illeso;0;;Non accertato;
5740740;17;13/12/2021 18:45:00;Strada Urbana;PIAZZA GIUSEPPE MAZZINI;in prossimità;;del civico n.;20;;Scontro frontale/laterale SX fra veicoli in marcia;Rettilineo;Una carreggiata a senso unico di marcia;Asciutto;Asfaltata;Verticale ed orizzontale;Sereno;Normale;Buona;;1;0;0;2;12.4629;41.9158;-1;1;Velocipede;In marcia / fermata / arresto;Conducente;M;Rimandato;0;NON DECEDUTO;Esente;
5740740;17;13/12/2021 18:45:00;Strada Urbana;PIAZZA GIUSEPPE MAZZINI;in prossimità;;del civico n.;20;;Scontro frontale/laterale SX fra veicoli in marcia;Rettilineo;Una carreggiata a senso unico di marcia;Asciutto;Asfaltata;Verticale ed orizzontale;Sereno;Normale;Buona;;1;0;0;2;12.4629;41.9158;-1;2;Autovettura privata;In marcia / fermata / arresto;Conducente;F;Illeso;0;;;
5740740;17;13/12/2021 18:45:00;Strada Urbana;PIAZZA GIUSEPPE MAZZINI;in prossimità;;del civico n.;20;;Scontro frontale/laterale SX fra veicoli in marcia;Rettilineo;Una carreggiata a senso unico di marcia;Asciutto;Asfaltata;Verticale ed orizzontale;Sereno;Normale;Buona;;1;0;0;2;12.4629;41.9158;-1;2;Autovettura privata;In marcia / fermata / arresto;Passeggero;M;Illeso;0;;;
5740741;7;13/12/2021 17:30:00;Strada Urbana;VIA PAPIRIA;all'intersezione con;VIA CALPURNIO FIAMMA;VIA CALPURNIO FIAMMA;;;Investimento di pedone;Incrocio;Una carreggiata a doppio senso;Asciutto;Asfaltata;Verticale ed orizzontale;Sereno;Intenso;Buona;;1;0;0;1;12.5625;41.8632;-1;;;;Pedone;M;Rimandato;0;NON DECEDUTO;;
5740741;7;13/12/2021 17:30:00;Strada Urbana;VIA PAPIRIA;all'intersezione con;VIA CALPURNIO FIAMMA;VIA CALPURNIO FIAMMA;;;Investimento di pedone;Incrocio;Una carreggiata a doppio senso;Asciutto;Asfaltata;Verticale ed orizzontale;Sereno;Intenso;Buona;;1;0;0;1;12.5625;41.8632;-1;1;Motociclo a solo;In marcia / fermata / arresto;Conducente;M;Illeso;0;;Non accertato;
5740742;10;13/12/2021 19:10:00;Strada Urbana;VIA ANAGNINA;all'intersezione semaforizzata con;VIA DEI SETTE METRI;VIA DEI SETTE METRI;;;Scontro laterale fra veicoli in marcia;Intersezione semaforizzata;Due carreggiate;Asciutto;Asfaltata;Verticale ed orizzontale;Sereno;Normale;Buona;;0;0;0;2;12.6115;41.8199;-1;1;Autovettura privata;In marcia / fermata / arresto;Conducente;M;Illeso;0;;Non accertato;Inesploso
5740742;10;13/12/2021 19:10:00;Strada Urbana;VIA ANAGNINA;all'intersezione semaforizzata con;VIA DEI SETTE METRI;VIA DEI SETTE METRI;;;Scontro laterale fra veicoli in marcia;Intersezione semaforizzata;Due carreggiate;Asciutto;Asfaltata;Verticale ed orizzontale;Sereno;Normale;Buona;;0;0;0;2;12.6115;41.8199;-1;2;Autovettura privata;In marcia / fermata / arresto;Conducente;M;Illeso;0;;Non accertato;Inesploso
5740746;4;13/12/2021 08:30:00;Strada Urbana;VIA RADICOFANI;in corrispondenza;;del civico n.;165;;Veicolo in marcia contro veicolo fermo;Curva senza visuale libera;Una carreggiata a doppio senso;Asciutto;Asfaltata;Assente;Sereno;Normale;Buona;;0;0;0;3;12.5131;41.975;-1;1;Autovettura privata;In marcia / fermata / arresto;Conducente;M;Illeso;0;;;
5740746;4;13/12/2021 08:30:00;Strada Urbana;VIA RADICOFANI;in corrispondenza;;del civico n.;165;;Veicolo in marcia contro veicolo fermo;Curva senza visuale libera;Una carreggiata a doppio senso;Asciutto;Asfaltata;Assente;Sereno;Normale;Buona;;0;0;0;3;12.5131;41.975;-1;2;Autocarro inferiore 35 q.;In marcia / fermata / arresto;Conducente;M;Illeso;0;;Non accertato;Inesploso
5740746;4;13/12/2021 08:30:00;Strada Urbana;VIA RADICOFANI;in corrispondenza;;del civico n.;165;;Veicolo in marcia contro veicolo fermo;Curva senza visuale libera;Una carreggiata a doppio senso;Asciutto;Asfaltata;Assente;Sereno;Normale;Buona;;0;0;0;3;12.5131;41.975;-1;2;Autocarro inferiore 35 q.;In marcia / fermata / arresto;Passeggero;M;Illeso;0;;Non accertato;Inesploso
5740749;5;13/12/2021 18:00:00;Strada Urbana;VIA ANGELICA BALABANOFF;da specificare;;;;fronte civico 8;Scontro frontale/laterale DX fra veicoli in marcia;Rettilineo;Due carreggiate;Asciutto;Asfaltata;Assente;Sereno;Normale;Buona;;1;0;0;2;12.5727;41.9158;-1;1;Autovettura privata;In marcia / fermata / arresto;Conducente;M;Illeso;0;;Non accertato;
5740749;5;13/12/2021 18:00:00;Strada Urbana;VIA ANGELICA BALABANOFF;da specificare;;;;fronte civico 8;Scontro frontale/laterale DX fra veicoli in marcia;Rettilineo;Due carreggiate;Asciutto;Asfaltata;Assente;Sereno;Normale;Buona;;1;0;0;2;12.5727;41.9158;-1;1;Autovettura privata;In marcia / fermata / arresto;Passeggero;F;Rimandato;0;NON DECEDUTO;Non accertato;
5740749;5;13/12/2021 18:00:00;Strada Urbana;VIA ANGELICA BALABANOFF;da specificare;;;;fronte civico 8;Scontro frontale/laterale DX fra veicoli in marcia;Rettilineo;Due carreggiate;Asciutto;Asfaltata;Assente;Sereno;Normale;Buona;;1;0;0;2;12.5727;41.9158;-1;2;Autocarro inferiore 35 q.;In marcia / fermata / arresto;Conducente;M;Illeso;0;;Non accertato;
5740756;19;13/12/2021 09:00:00;Strada Urbana;VIA DI CASAL DEL MARMO;in corrispondenza;;del civico n.;185;;Veicolo in marcia contro veicolo in sosta;Rettilineo;Una carreggiata a doppio senso;Asciutto;Asfaltata;Verticale;Sereno;Normale;Buona;;0;0;0;0;12.4053;41.9585;-1;1;Autovettura privata;Sosta;;;;;;;
5740756;19;13/12/2021 09:00:00;Strada Urbana;VIA DI CASAL DEL MARMO;in corrispondenza;;del civico n.;185;;Veicolo in marcia contro veicolo in sosta;Rettilineo;Una carreggiata a doppio senso;Asciutto;Asfaltata;Verticale;Sereno;Normale;Buona;;0;0;0;0;12.4053;41.9585;-1;2;Autovettura privata;Allontanatosi;;;;;;;
5740759;12;13/12/2021 17:26:00;Regionale;VIA PONTINA;da specificare;;;;dir GRA alt km 11500;Scontro frontale fra veicoli in marcia;Rettilineo;Due carreggiate;Asciutto;Asfaltata;Verticale ed orizzontale;Sereno;Intenso;Buona;;0;0;0;3;12.4522;41.794;-1;1;Autovettura privata;In marcia / fermata / arresto;Conducente;F;Illeso;0;;Utilizzato;Inesploso
5740759;12;13/12/2021 17:26:00;Regionale;VIA PONTINA;da specificare;;;;dir GRA alt km 11500;Scontro frontale fra veicoli in marcia;Rettilineo;Due carreggiate;Asciutto;Asfaltata;Verticale ed orizzontale;Sereno;Intenso;Buona;;0;0;0;3;12.4522;41.794;-1;2;Autocarro inferiore 35 q.;In marcia / fermata / arresto;Conducente;M;Illeso;0;;Utilizzato;Inesploso
5740759;12;13/12/2021 17:26:00;Regionale;VIA PONTINA;da specificare;;;;dir GRA alt km 11500;Scontro frontale fra veicoli in marcia;Rettilineo;Due carreggiate;Asciutto;Asfaltata;Verticale ed orizzontale;Sereno;Intenso;Buona;;0;0;0;3;12.4522;41.794;-1;2;Autocarro inferiore 35 q.;In marcia / fermata / arresto;Passeggero;M;Illeso;0;;Utilizzato;Inesploso
5740763;20;14/12/2021 05:00:00;Statale;VIA CASSIA;in corrispondenza;;del civico n.;1571;;Veicolo in marcia contro ostacolo fisso;Rettilineo;Una carreggiata a doppio senso;Asciutto;Asfaltata;Orizzontale;Sereno;Scarso;Buona;;1;0;0;0;12.3861;41.9997;-1;1;Motociclo a solo;In marcia / fermata / arresto;Conducente;M;Rimandato;0;NON DECEDUTO;;
5740768;10;13/12/2021 14:15:00;Strada Urbana;VIA TUSCOLANA;in corrispondenza;;del civico n.;1067;;Scontro laterale fra veicoli in marcia;Rettilineo;Più di due carreggiate;Asciutto;Asfaltata;Verticale ed orizzontale;Sereno;Normale;Buona;;0;0;0;2;12.5753;41.8489;-1;1;Autovettura privata;In marcia / fermata / arresto;Conducente;F;Illeso;0;;Non accertato;Inesploso
5740768;10;13/12/2021 14:15:00;Strada Urbana;VIA TUSCOLANA;in corrispondenza;;del civico n.;1067;;Scontro laterale fra veicoli in marcia;Rettilineo;Più di due carreggiate;Asciutto;Asfaltata;Verticale ed orizzontale;Sereno;Normale;Buona;;0;0;0;2;12.5753;41.8489;-1;2;Autocarro inferiore 35 q.;In marcia / fermata / arresto;Conducente;M;Illeso;0;;Non accertato;Inesploso
5740771;6;13/12/2021 09:18:00;Strada Urbana;VIA CARLO DELLA ROCCA;in corrispondenza;;del civico n.;27;;Veicolo in marcia contro veicolo fermo;Rettilineo;Una carreggiata a senso unico di marcia;Asciutto;Asfaltata;Verticale ed orizzontale;Sereno;Scarso;Buona;;0;0;0;2;12.544;41.8782;-1;1;Autogru;In marcia / fermata / arresto;Conducente;M;Illeso;0;;;
5740771;6;13/12/2021 09:18:00;Strada Urbana;VIA CARLO DELLA ROCCA;in corrispondenza;;del civico n.;27;;Veicolo in marcia contro veicolo fermo;Rettilineo;Una carreggiata a senso unico di marcia;Asciutto;Asfaltata;Verticale ed orizzontale;Sereno;Scarso;Buona;;0;0;0;2;12.544;41.8782;-1;2;Autocarro superiore 35 q.;In marcia / fermata / arresto;Conducente;M;Illeso;0;;;