Protocollo;Gruppo;DataOraIncidente;Localizzazione1;STRADA1;Localizzazione2;STRADA2;Strada02;Chilometrica;DaSpecificare;NaturaIncidente;particolaritastrade;TipoStrada;FondoStradale;Pavimentazione;Segnaletica;CondizioneAtmosferica;Traffico;Visibilita;Illuminazione;NUM_FERITI;NUM_RISERVATA;NUM_MORTI;NUM_ILLESI;Longitude;Latitude;Confermato;Progressivo;TipoVeicolo;StatoVeicolo;TipoPersona;Sesso;Tipolesione;Deceduto;DecedutoDopo;CinturaCascoUtilizzato;Airbag;
5740778;4;12/12/2021 11:38:00;Strada Urbana;VIA LUIGI CAPUANA;in prossimità;;del civico n.;164;;Veicolo in marcia contro veicolo fermo;Rettilineo;Due carreggiate;Asciutto;Asfaltata;Verticale;Sereno;Normale;Buona;;0;0;0;1;12.5481;41.9487;-1;1;Autovettura privata;In marcia / fermata / arresto;Conducente;M;Illeso;0;;Non accertato;Inesploso
5740778;4;12/12/2021 11:38:00;Strada Urbana;VIA LUIGI CAPUANA;in prossimità;;del civico n.;164;;Veicolo in marcia contro veicolo fermo;Rettilineo;Due carreggiate;Asciutto;Asfaltata;Verticale;Sereno;Normale;Buona;;0;0;0;1;12.5481;41.9487;-1;2;Autobus di linea;Allontanatosi;;;;;;;
5740783;19;13/12/2021 17:31:00;Strada Urbana;VIALE DELLE MEDAGLIE D'ORO;in corrispondenza;;del civico n.;402;;Investimento di pedone;Rettilineo;Una carreggiata a doppio senso;Asciutto;Asfaltata;Verticale ed orizzontale;Sereno;Normale;Sufficiente;;1;0;0;0;12.4428;41.9168;-1;;;;Pedone;M;Rimandato;0;NON DECEDUTO;;
5740783;19;13/12/2021 17:31:00;Strada Urbana;VIALE DELLE MEDAGLIE D'ORO;in corrispondenza;;del civico n.;402;;Investimento di pedone;Rettilineo;Una carreggiata a doppio senso;Asciutto;Asfaltata;Verticale ed orizzontale;Sereno;Normale;Sufficiente;;1;0;0;0;12.4428;41.9168;-1;1;Autovettura privata;Allontanatosi;;;;;;;
5740793;4;13/12/2021 09:20:00;Strada Urbana;VIA DARIO NICCODEMI;da specificare;;;;prossimità civ. 88A;Scontro frontale/laterale SX fra veicoli in marcia;Rettilineo;Una carreggiata a doppio senso;Asciutto;Asfaltata;Orizzontale;Sereno;Normale;Buona;;1;0;0;1;12.5487;41.955;-1;1;Autovettura privata;In marcia / fermata / arresto;Conducente;M;Illeso;0;;Non accertato;Inesploso
5740793;4;13/12/2021 09:20:00;Strada Urbana;VIA DARIO NICCODEMI;da specificare;;;;prossimità civ. 88A;Scontro frontale/laterale SX fra veicoli in marcia;Rettilineo;Una carreggiata a doppio senso;Asciutto;Asfaltata;Orizzontale;Sereno;Normale;Buona;;1;0;0;1;12.5487;41.955;-1;2;Motociclo a solo;In marcia / fermata / arresto;Conducente;M;Rimandato;0;NON DECEDUTO;Non accertato;
5740803;19;13/12/2021 18:35:00;Strada Urbana;VIA IPOGEO DEGLI OTTAVI;in corrispondenza;;del civico n.;86;;Tamponamento Multiplo;Rettilineo;Una carreggiata a doppio senso;Asciutto;Asfaltata;Verticale ed orizzontale;Sereno;Normale;Buona;;2;0;0;1;12.4049;41.9652;-1;1;Autovettura privata;In marcia / fermata / arresto;Conducente;F;Rifiuta cure immediate;0;NON DECEDUTO;;
5740803;19;13/12/2021 18:35:00;Strada Urbana;VIA IPOGEO DEGLI OTTAVI;in corrispondenza;;del civico n.;86;;Tamponamento Multiplo;Rettilineo;Una carreggiata a doppio senso;Asciutto;Asfaltata;Verticale ed orizzontale;Sereno;Normale;Buona;;2;0;0;1;12.4049;41.9652;-1;2;Autovettura privata;In marcia / fermata / arresto;Conducente;M;Rifiuta cure immediate;0;NON DECEDUTO;;
5740803;19;13/12/2021 18:35:00;Strada Urbana;VIA IPOGEO DEGLI OTTAVI;in corrispondenza;;del civico n.;86;;Tamponamento Multiplo;Rettilineo;Una carreggiata a doppio senso;Asciutto;Asfaltata;Verticale ed orizzontale;Sereno;Normale;Buona;;2;0;0;1;12.4049;41.9652;-1;3;Autovettura privata;In marcia / fermata / arresto;Conducente;M;Illeso;0;;;
5740809;4;13/12/2021 09:45:00;Strada Urbana;VIA CAVRIGLIA;in prossimità;;del civico n.;19;;Scontro laterale fra veicoli in marcia;Rettilineo;Una carreggiata a doppio senso;Asciutto;Asfaltata;Verticale ed orizzontale;Sereno;Normale;Buona;;1;0;0;1;12.5154;41.9474;-1;1;Autovettura privata;In marcia / fermata / arresto;Conducente;F;Illeso;0;;;
5740809;4;13/12/2021 09:45:00;Strada Urbana;VIA CAVRIGLIA;in prossimità;;del civico n.;19;;Scontro laterale fra veicoli in marcia;Rettilineo;Una carreggiata a doppio senso;Asciutto;Asfaltata;Verticale ed orizzontale;Sereno;Normale;Buona;;1;0;0;1;12.5154;41.9474;-1;2;Motociclo a solo;In marcia / fermata / arresto;Conducente;M;Rimandato;0;NON DECEDUTO;Non accertato;
5740829;4;13/12/2021 10:15:00;Strada Urbana;VIA DI VALLE MELAINA;in corrispondenza;;del civico n.;141;;Infortunio per sola frenata improvvisa;Rettilineo;Due carreggiate;Asciutto;Asfaltata;Verticale ed orizzontale;Sereno;Normale;Buona;;1;0;0;1;12.526;41.9499;-1;1;Autovettura privata;In marcia / fermata / arresto;Conducente;F;Illeso;0;;;
5740829;4;13/12/2021 10:15:00;Strada Urbana;VIA DI VALLE MELAINA;in corrispondenza;;del civico n.;141;;Infortunio per sola frenata improvvisa;Rettilineo;Due carreggiate;Asciutto;Asfaltata;Verticale ed orizzontale;Sereno;Normale;Buona;;1;0;0;1;12.526;41.9499;-1;2;Motociclo a solo;In marcia / fermata / arresto;Conducente;M;Rimandato;0;NON DECEDUTO;;
5740830;10;13/12/2021 12:45:00;Strada Urbana;VIA DEI SETTE METRI;all'intersezione con;VIA DELLA TENUTA DEL CASALOTTO;VIA DELLA TENUTA DEL CASALOTTO;;;Investimento di pedone;Incrocio;Una carreggiata a doppio senso;Asciutto;Asfaltata;Orizzontale;Sereno;Normale;Buona;;1;0;0;1;12.6094;41.8178;-1;;;;Pedone;F;Rimandato;0;NON DECEDUTO;;
5740830;10;13/12/2021 12:45:00;Strada Urbana;VIA DEI SETTE METRI;all'intersezione con;VIA DELLA TENUTA DEL CASALOTTO;VIA DELLA TENUTA DEL CASALOTTO;;;Investimento di pedone;Incrocio;Una carreggiata a doppio senso;Asciutto;Asfaltata;Orizzontale;Sereno;Normale;Buona;;1;0;0;1;12.6094;41.8178;-1;1;Autovettura privata;In marcia / fermata / arresto;Conducente;M;Illeso;0;;Non accertato;Inesploso
5740842;12;13/12/2021 16:45:00;Strada Urbana;VIA CRISTOFORO COLOMBO;da specificare;;;;direzione Roma centro altezza Piazzale Nervi;Tamponamento;Rettilineo;Due carreggiate;Asciutto;Asfaltata;Verticale ed orizzontale;Sereno;Normale;Buona;;0;0;0;3;12.4665;41.8231;-1;1;Autovettura privata;In marcia / fermata / arresto;Conducente;F;Illeso;0;;;
5740842;12;13/12/2021 16:45:00;Strada Urbana;VIA CRISTOFORO COLOMBO;da specificare;;;;direzione Roma centro altezza Piazzale Nervi;Tamponamento;Rettilineo;Due carreggiate;Asciutto;Asfaltata;Verticale ed orizzontale;Sereno;Normale;Buona;;0;0;0;3;12.4665;41.8231;-1;2;Autovettura privata;In marcia / fermata / arresto;Conducente;M;Illeso;0;;;
5740842;12;13/12/2021 16:45:00;Strada Urbana;VIA CRISTOFORO COLOMBO;da specificare;;;;direzione Roma centro altezza Piazzale Nervi;Tamponamento;Rettilineo;Due carreggiate;Asciutto;Asfaltata;Verticale ed orizzontale;Sereno;Normale;Buona;;0;0;0;3;12.4665;41.8231;-1;2;Autovettura privata;In marcia / fermata / arresto;Passeggero;F;Illeso;0;;;
5740846;1;14/12/2021 00:25:00;Strada Urbana;VIA VENTI SETTEMBRE;in corrispondenza;;del civico n.;123;;Scontro laterale fra veicoli in marcia;Rettilineo;Una carreggiata a doppio senso;Asciutto;Asfaltata;Verticale ed orizzontale;Sereno;Scarso;Buona;;1;0;0;1;12.4921;41.9029;-1;1;Motociclo a solo;In marcia / fermata / arresto;Conducente;M;Ricoverato;0;NON DECEDUTO;Non accertato;
5740846;1;14/12/2021 00:25:00;Strada Urbana;VIA VENTI SETTEMBRE;in corrispondenza;;del civico n.;123;;Scontro laterale fra veicoli in marcia;Rettilineo;Una carreggiata a doppio senso;Asciutto;Asfaltata;Verticale ed orizzontale;Sereno;Scarso;Buona;;1;0;0;1;12.4921;41.9029;-1;2;Velocipede;In marcia / fermata / arresto;Conducente;M;Illeso;0;;Esente;
5740865;13;13/12/2021 07:00:00;;VIA CRISTOFORO COLOMBO;all'intersezione con;VIA ERMANNO WOLF FERRARI;VIA ERMANNO WOLF FERRARI;;;Tamponamento;;;;;;;;;;0;0;0;3;;;0;1;Autovettura privata;In marcia / fermata / arresto;Conducente;F;Illeso;0;;;
5740865;13;13/12/2021 07:00:00;;VIA CRISTOFORO COLOMBO;all'intersezione con;VIA ERMANNO WOLF FERRARI;VIA ERMANNO WOLF FERRARI;;;Tamponamento;;;;;;;;;;0;0;0;3;;;0;2;Autovettura di polizia;In marcia / fermata / arresto;Conducente;M;Illeso;0;;;
5740865;13;13/12/2021 07:00:00;;VIA CRISTOFORO COLOMBO;all'intersezione con;VIA ERMANNO WOLF FERRARI;VIA ERMANNO WOLF FERRARI;;;Tamponamento;;;;;;;;;;0;0;0;3;;;0;2;Autovettura di polizia;In marcia / fermata / arresto;Passeggero;M;Illeso;0;;;
5740866;13;13/12/2021 09:18:00;Strada Urbana;VIA CRISTOFORO COLOMBO;all'intersezione con;VIA DI ACILIA;VIA DI ACILIA;;;Tamponamento Multiplo;Incrocio;Due carreggiate;Asciutto;Asfaltata;Verticale ed orizzontale;Sereno;Intenso;Buona;;0;0;0;3;12.3832;41.7651;-1;1;Autovettura privata;In marcia / fermata / arresto;Conducente;M;Illeso;0;;Non accertato;Inesploso
5740866;13;13/12/2021 09:18:00;Strada Urbana;VIA CRISTOFORO COLOMBO;all'intersezione con;VIA DI ACILIA;VIA DI ACILIA;;;Tamponamento Multiplo;Incrocio;Due carreggiate;Asciutto;Asfaltata;Verticale ed orizzontale;Sereno;Intenso;Buona;;0;0;0;3;12.3832;41.7651;-1;2;Autovettura privata;In marcia / fermata / arresto;Conducente;M;Illeso;0;;Non accertato;Inesploso
5740866;13;13/12/2021 09:18:00;Strada Urbana;VIA CRISTOFORO COLOMBO;all'intersezione con;VIA DI ACILIA;VIA DI ACILIA;;;Tamponamento Multiplo;Incrocio;Due carreggiate;Asciutto;Asfaltata;Verticale ed orizzontale;Sereno;Intenso;Buona;;0;0;0;3;12.3832;41.7651;-1;3;Autovettura privata;In marcia / fermata / arresto;Conducente;M;Illeso;0;;;
5740883;19;13/12/2021 17:50:00;Strada Urbana;VIA PIETRO GASPARRI;in corrispondenza;;del civico n.;73;;Investimento di pedone;Rettilineo;Una carreggiata a doppio senso;Asciutto;Asfaltata;Verticale ed orizzontale;Sereno;Normale;Sufficiente;;2;0;0;0;12.4143;41.9233;-1;;;;Pedone;M;Rimandato;0;NON DECEDUTO;;
5740883;19;13/12/2021 17:50:00;Strada Urbana;VIA PIETRO GASPARRI;in corrispondenza;;del civico n.;73;;Investimento di pedone;Rettilineo;Una carreggiata a doppio senso;Asciutto;Asfaltata;Verticale ed orizzontale;Sereno;Normale;Sufficiente;;2;0;0;0;12.4143;41.9233;-1;1;Ciclomotore;In marcia / fermata / arresto;Conducente;M;Rimandato;0;NON DECEDUTO;;
5740891;9;13/12/2021 16:00:00;;VIA DELLA CAFFARELLETTA;in prossimità;;del civico n.;101;;Veicolo in marcia contro veicolo in sosta;;;;;;;;;;0;0;0;0;12.5154;41.869;0;1;Autovettura privata;Allontanatosi;;;;;;;
5740891;9;13/12/2021 16:00:00;;VIA DELLA CAFFARELLETTA;in prossimità;;del civico n.;101;;Veicolo in marcia contro veicolo in sosta;;;;;;;;;;0;0;0;0;12.5154;41.869;0;2;Autovettura privata;Sosta;;;;;;;
5740903;19;13/12/2021 18:35:00;Strada Urbana;VIA PIETRO BEMBO;all'intersezione con;VIA GABRIELE PALEOTTI;VIA GABRIELE PALEOTTI;;;Scontro frontale/laterale SX fra veicoli in marcia;Intersezione stradale segnalata;Una carreggiata a doppio senso;Asciutto;Asfaltata;Verticale ed orizzontale;Sereno;Normale;Sufficiente;;3;0;0;3;12.4125;41.9196;-1;1;Autovettura privata;In marcia / fermata / arresto;Conducente;F;Illeso;0;;;
5740903;19;13/12/2021 18:35:00;Strada Urbana;VIA PIETRO BEMBO;all'intersezione con;VIA GABRIELE PALEOTTI;VIA GABRIELE PALEOTTI;;;Scontro frontale/laterale SX fra veicoli in marcia;Intersezione stradale segnalata;Una carreggiata a doppio senso;Asciutto;Asfaltata;Verticale ed orizzontale;Sereno;Normale;Sufficiente;;3;0;0;3;12.4125;41.9196;-1;1;Autovettura privata;In marcia / fermata / arresto;Passeggero;M;Rimandato;0;NON DECEDUTO;;
5740903;19;13/12/2021 18:35:00;Strada Urbana;VIA PIETRO BEMBO;all'intersezione con;VIA GABRIELE PALEOTTI;VIA GABRIELE PALEOTTI;;;Scontro frontale/laterale SX fra veicoli in marcia;Intersezione stradale segnalata;Una carreggiata a doppio senso;Asciutto;Asfaltata;Verticale ed orizzontale;Sereno;Normale;Sufficiente;;3;0;0;3;12.4125;41.9196;-1;1;Autovettura privata;In marcia / fermata / arresto;Passeggero;F;Rifiuta cure immediate;0;NON DECEDUTO;;
5740903;19;13/12/2021 18:35:00;Strada Urbana;VIA PIETRO BEMBO;all'intersezione con;VIA GABRIELE PALEOTTI;VIA GABRIELE PALEOTTI;;;Scontro frontale/laterale SX fra veicoli in marcia;Intersezione stradale segnalata;Una carreggiata a doppio senso;Asciutto;Asfaltata;Verticale ed orizzontale;Sereno;Normale;Sufficiente;;3;0;0;3;12.4125;41.9196;-1;1;Autovettura privata;In marcia / fermata / arresto;Passeggero;M;Illeso;0;;;
5740903;19;13/12/2021 18:35:00;Strada Urbana;VIA PIETRO BEMBO;all'intersezione con;VIA GABRIELE PALEOTTI;VIA GABRIELE PALEOTTI;;;Scontro frontale/laterale SX fra veicoli in marcia;Intersezione stradale segnalata;Una carreggiata a doppio senso;Asciutto;Asfaltata;Verticale ed orizzontale;Sereno;Normale;Sufficiente;;3;0;0;3;12.4125;41.9196;-1;1;Autovettura privata;In marcia / fermata / arresto;Passeggero;M;Illeso;0;;;
5740903;19;13/12/2021 18:35:00;Strada Urbana;VIA PIETRO BEMBO;all'intersezione con;VIA GABRIELE PALEOTTI;VIA GABRIELE PALEOTTI;;;Scontro frontale/laterale SX fra veicoli in marcia;Intersezione stradale segnalata;Una carreggiata a doppio senso;Asciutto;Asfaltata;Verticale ed orizzontale;Sereno;Normale;Sufficiente;;3;0;0;3;12.4125;41.9196;-1;2;Motociclo con passeggero;In marcia / fermata / arresto;Conducente;M;Rimandato;0;NON DECEDUTO;;
5740923;4;13/12/2021 14:15:00;Strada Urbana;VIA DI SETTEBAGNI;all'intersezione con;VIALE FRANCO ARCALLI;VIALE FRANCO ARCALLI;;;Scontro laterale fra veicoli in marcia;Incrocio;Due carreggiate;Asciutto;Asfaltata;Verticale ed orizzontale;Sereno;Intenso;Buona;;0;0;0;4;12.5402;41.9773;-1;1;Autovettura privata;In marcia / fermata / arresto;Conducente;F;Illeso;0;;;
5740923;4;13/12/2021 14:15:00;Strada Urbana;VIA DI SETTEBAGNI;all'intersezione con;VIALE FRANCO ARCALLI;VIALE FRANCO ARCALLI;;;Scontro laterale fra veicoli in marcia;Incrocio;Due carreggiate;Asciutto;Asfaltata;Verticale ed orizzontale;Sereno;Intenso;Buona;;0;0;0;4;12.5402;41.9773;-1;1;Autovettura privata;In marcia / fermata / arresto;Passeggero;M;Illeso;0;;;
5740923;4;13/12/2021 14:15:00;Strada Urbana;VIA DI SETTEBAGNI;all'intersezione con;VIALE FRANCO ARCALLI;VIALE FRANCO ARCALLI;;;Scontro laterale fra veicoli in marcia;Incrocio;Due carreggiate;Asciutto;Asfaltata;Verticale ed orizzontale;Sereno;Intenso;Buona;;0;0;0;4;12.5402;41.9773;-1;2;Autovettura privata;In marcia / fermata / arresto;Conducente;M;Illeso;0;;;
5740923;4;13/12/2021 14:15:00;Strada Urbana;VIA DI SETTEBAGNI;all'intersezione con;VIALE FRANCO ARCALLI;VIALE FRANCO ARCALLI;;;Scontro laterale fra veicoli in marcia;Incrocio;Due carreggiate;Asciutto;Asfaltata;Verticale ed orizzontale;Sereno;Intenso;Buona;;0;0;0;4;12.5402;41.9773;-1;2;Autovettura privata;In marcia / fermata / arresto;Passeggero;F;Illeso;0;;;
5740968;9;13/12/2021 16:45:00;Strada Urbana;CIRCONVALLAZIONE APPIA;in corrispondenza;;del civico n.;97/A;;Investimento di pedone;Rettilineo;Una carreggiata a doppio senso;Asciutto;Asfaltata;Verticale ed orizzontale;Sereno;Normale;Buona;;0;1;0;0;12.5134;41.875;-1;;;;Pedone;M;Prognosi riservata;0;NON DECEDUTO;;
5740968;9;13/12/2021 16:45:00;Strada Urbana;CIRCONVALLAZIONE APPIA;in corrispondenza;;del civico n.;97/A;;Investimento di pedone;Rettilineo;Una carreggiata a doppio senso;Asciutto;Asfaltata;Verticale ed orizzontale;Sereno;Normale;Buona;;0;1;0;0;12.5134;41.875;-1;1;Autocarro inferiore 35 q.;Allontanatosi;;;;;;;
5740976;4;13/12/2021 17:55:00;Strada Urbana;VIA LUDOVICO DI BREME;all'intersezione con;LARGO GIUSEPPE ROVANI;LARGO GIUSEPPE ROVANI;;;Scontro frontale/laterale DX fra veicoli in marcia;Incrocio;Una carreggiata a doppio senso;Asciutto;Asfaltata;Verticale;Sereno;Normale;Sufficiente;;0;0;0;2;12.5493;41.9468;-1;1;Autovettura privata;In marcia / fermata / arresto;Conducente;M;Illeso;0;;Non accertato;Inesploso
5740976;4;13/12/2021 17:55:00;Strada Urbana;VIA LUDOVICO DI BREME;all'intersezione con;LARGO GIUSEPPE ROVANI;LARGO GIUSEPPE ROVANI;;;Scontro frontale/laterale DX fra veicoli in marcia;Incrocio;Una carreggiata a doppio senso;Asciutto;Asfaltata;Verticale;Sereno;Normale;Sufficiente;;0;0;0;2;12.5493;41.9468;-1;2;Autovettura privata;In marcia / fermata / arresto;Conducente;M;Illeso;0;;Non accertato;Inesploso
5740978;17;11/12/2021 07:40:00;Strada Urbana;VIA CIPRO;da specificare;;;;DIR ANASTASIO II TRA V. BRAGADIN/V. AMMIRAGLI;Scontro laterale fra veicoli in marcia;Rettilineo;Due carreggiate;Bagnato (umidità in atto);Asfaltata;Verticale ed orizzontale;Nuvoloso;Normale;Buona;;0;0;0;2;12.4453;41.9059;-1;1;Autocarro inferiore 35 q.;In marcia / fermata / arresto;Conducente;M;Illeso;0;;;
5740978;17;11/12/2021 07:40:00;Strada Urbana;VIA CIPRO;da specificare;;;;DIR ANASTASIO II TRA V. BRAGADIN/V. AMMIRAGLI;Scontro laterale fra veicoli in marcia;Rettilineo;Due carreggiate;Bagnato (umidità in atto);Asfaltata;Verticale ed orizzontale;Nuvoloso;Normale;Buona;;0;0;0;2;12.4453;41.9059;-1;2;Autovettura privata;In marcia / fermata / arresto;Conducente;M;Illeso;0;;;
5740984;10;13/12/2021 13:50:00;Strada Urbana;VIA ENZO PACI;in prossimità;;del civico n.;40;;Investimento di pedone;Rettilineo;Una carreggiata a doppio senso;Asciutto;Asfaltata;Verticale ed orizzontale;Sereno;Scarso;Buona;;2;0;0;1;12.6252;41.8301;-1;;;;Pedone;M;Rimandato;0;NON DECEDUTO;;
5740984;10;13/12/2021 13:50:00;Strada Urbana;VIA ENZO PACI;in prossimità;;del civico n.;40;;Investimento di pedone;Rettilineo;Una carreggiata a doppio senso;Asciutto;Asfaltata;Verticale ed orizzontale;Sereno;Scarso;Buona;;2;0;0;1;12.6252;41.8301;-1;;;;Pedone;M;Rimandato;0;NON DECEDUTO;;
5740984;10;13/12/2021 13:50:00;Strada Urbana;VIA ENZO PACI;in prossimità;;del civico n.;40;;Investimento di pedone;Rettilineo;Una carreggiata a doppio senso;Asciutto;Asfaltata;Verticale ed orizzontale;Sereno;Scarso;Buona;;2;0;0;1;12.6252;41.8301;-1;1;Autovettura privata;In marcia / fermata / arresto;Conducente;M;Illeso;0;;Non accertato;Inesploso
5740985;4;13/12/2021 21:30:00;Strada Urbana;VIALE JONIO;in prossimità;;del civico n.;87;;Scontro frontale/laterale SX fra veicoli in marcia;Rettilineo;Due carreggiate;Bagnato (umidità in atto);Asfaltata;Verticale ed orizzontale;Sereno;Scarso;Sufficiente;;1;0;0;1;12.5412;41.9434;-1;1;Autovettura privata;In marcia / fermata / arresto;Conducente;F;Rifiuta cure immediate;0;NON DECEDUTO;;
5740985;4;13/12/2021 21:30:00;Strada Urbana;VIALE JONIO;in prossimità;;del civico n.;87;;Scontro frontale/laterale SX fra veicoli in marcia;Rettilineo;Due carreggiate;Bagnato (umidità in atto);Asfaltata;Verticale ed orizzontale;Sereno;Scarso;Sufficiente;;1;0;0;1;12.5412;41.9434;-1;2;Autovettura privata;In marcia / fermata / arresto;Conducente;M;Illeso;0;;;
5740988;3;10/12/2021 17:30:00;Strada Urbana;VIALE DEL POLICLINICO;in prossimità;;del civico n.;115;;Veicolo in marcia contro veicolo fermo;Rettilineo;Una carreggiata a doppio senso;Bagnato (pioggia);Asfaltata;Assente;Pioggia in atto;Scarso;Sufficiente;;0;0;0;2;12.5094;41.9067;-1;1;Autovettura privata;In marcia / fermata / arresto;Conducente;M;Illeso;0;;Non accertato;
5740988;3;10/12/2021 17:30:00;Strada Urbana;VIALE DEL POLICLINICO;in prossimità;;del civico n.;115;;Veicolo in marcia contro veicolo fermo;Rettilineo;Una carreggiata a doppio senso;Bagnato (pioggia);Asfaltata;Assente;Pioggia in atto;Scarso;Sufficiente;;0;0;0;2;12.5094;41.9067;-1;2;Autovettura privata;In marcia / fermata / arresto;Conducente;M;Illeso;0;;Non accertato;
5740996;13;13/12/2021 07:35:00;Strada Urbana;VIA DELLE BALENIERE;all'intersezione con;VIA ISOLE DEL CAPO VERDE;VIA ISOLE DEL CAPO VERDE;;;Scontro frontale/laterale SX fra veicoli in marcia;Intersezione semaforizzata;Due carreggiate;Asciutto;Asfaltata;Verticale ed orizzontale;Sereno;Normale;Buona;;0;1;0;2;12.2795;41.7382;-1;1;Motociclo con passeggero;In marcia / fermata / arresto;Conducente;M;Prognosi riservata;0;NON DECEDUTO;Non accertato;
5740996;13;13/12/2021 07:35:00;Strada Urbana;VIA DELLE BALENIERE;all'intersezione con;VIA ISOLE DEL CAPO VERDE;VIA ISOLE DEL CAPO VERDE;;;Scontro frontale/laterale SX fra veicoli in marcia;Intersezione semaforizzata;Due carreggiate;Asciutto;Asfaltata;Verticale ed orizzontale;Sereno;Normale;Buona;;0;1;0;2;12.2795;41.7382;-1;2;Autovettura privata;In marcia / fermata / arresto;Conducente;M;Illeso;0;;Non accertato;Inesploso
5740996;13;13/12/2021 07:35:00;Strada Urbana;VIA DELLE BALENIERE;all'intersezione con;VIA ISOLE DEL CAPO VERDE;VIA ISOLE DEL CAPO VERDE;;;Scontro frontale/laterale SX fra veicoli in marcia;Intersezione semaforizzata;Due carreggiate;Asciutto;Asfaltata;Verticale ed orizzontale;Sereno;Normale;Buona;;0;1;0;2;12.2795;41.7382;-1;3;Autovettura privata;In marcia / fermata / arresto;Conducente;M;Illeso;0;;Non accertato;Inesploso
5741000;10;14/12/2021 08:10:00;Strada Urbana;VIA FRANCESCO ANTOLISEI;in corrispondenza;;del civico n.;25;;Tamponamento;Rettilineo;Una carreggiata a senso unico di marcia;Asciutto;Asfaltata;Orizzontale;Sereno;Normale;Buona;;0;0;0;2;12.6068;41.8487;-1;1;Autocarro inferiore 35 q.;In marcia / fermata / arresto;Conducente;M;Illeso;0;;Non accertato;Inesploso
5741000;10;14/12/2021 08:10:00;Strada Urbana;VIA FRANCESCO ANTOLISEI;in corrispondenza;;del civico n.;25;;Tamponamento;Rettilineo;Una carreggiata a senso unico di marcia;Asciutto;Asfaltata;Orizzontale;Sereno;Normale;Buona;;0;0;0;2;12.6068;41.8487;-1;2;Autovettura privata;In marcia / fermata / arresto;Conducente;M;Illeso;0;;Non accertato;Inesploso
5741003;13;13/12/2021 12:20:00;Strada Urbana;VIA ORAZIO VECCHI;in corrispondenza;;del civico n.;50;;Veicolo in marcia che urta buche nella carreggiata;Rettilineo;Una carreggiata a doppio senso;Asciutto;Con buche;Assente;Sereno;Normale;Buona;;0;0;0;1;12.3573;41.7354;-1;1;Autovettura privata;In marcia / fermata / arresto;Conducente;M;Illeso;0;;Non accertato;Inesploso
5741006;13;13/12/2021 13:30:00;Strada Urbana;VIALE DI CASTEL PORZIANO;in corrispondenza;;del civico n.;303;;Tamponamento Multiplo;Rettilineo;Una carreggiata a doppio senso;Asciutto;Asfaltata;Assente;Sereno;Normale;Buona;;0;0;0;3;12.3527;41.7327;-1;1;Autovettura privata;In marcia / fermata / arresto;Conducente;M;Illeso;0;;Non accertato;Inesploso
5741006;13;13/12/2021 13:30:00;Strada Urbana;VIALE DI CASTEL PORZIANO;in corrispondenza;;del civico n.;303;;Tamponamento Multiplo;Rettilineo;Una carreggiata a doppio senso;Asciutto;Asfaltata;Assente;Sereno;Normale;Buona;;0;0;0;3;12.3527;41.7327;-1;2;Autovettura privata;In marcia / fermata / arresto;Conducente;M;Illeso;0;;Non accertato;Inesploso
5741006;13;13/12/2021 13:30:00;Strada Urbana;VIALE DI CASTEL PORZIANO;in corrispondenza;;del civico n.;303;;Tamponamento Multiplo;Rettilineo;Una carreggiata a doppio senso;Asciutto;Asfaltata;Assente;Sereno;Normale;Buona;;0;0;0;3;12.3527;41.7327;-1;3;Autovettura privata;In marcia / fermata / arresto;Conducente;F;Illeso;0;;Non accertato;Inesploso
5741016;10;13/12/2021 15:55:00;Strada Urbana;VIA ANAGNINA;in corrispondenza;;del civico n.;271 a/b;;Tamponamento Multiplo;Rettilineo;Due carreggiate;Asciutto;Asfaltata;Verticale ed orizzontale;Sereno;Normale;Buona;;0;0;0;3;12.6082;41.8223;-1;1;Autovettura privata;In marcia / fermata / arresto;Conducente;F;Illeso;0;;;Inesploso
5741016;10;13/12/2021 15:55:00;Strada Urbana;VIA ANAGNINA;in corrispondenza;;del civico n.;271 a/b;;Tamponamento Multiplo;Rettilineo;Due carreggiate;Asciutto;Asfaltata;Verticale ed orizzontale;Sereno;Normale;Buona;;0;0;0;3;12.6082;41.8223;-1;2;Autovettura privata;In marcia / fermata / arresto;Conducente;M;Illeso;0;;;Inesploso
5741016;10;13/12/2021 15:55:00;Strada Urbana;VIA ANAGNINA;in corrispondenza;;del civico n.;271 a/b;;Tamponamento Multiplo;Rettilineo;Due carreggiate;Asciutto;Asfaltata;Verticale ed orizzontale;Sereno;Normale;Buona;;0;0;0;3;12.6082;41.8223;-1;3;Autovettura privata;In marcia / fermata / arresto;Conducente;F;Illeso;0;;;Inesploso
5741017;13;13/12/2021 14:45:00;;VIA TANCREDI CHIARALUCE;da specificare;;;;altezza depuratori;Veicolo in marcia contro ostacolo fisso;;;;;;;;;;0;0;0;0;;;0;;;;;;;;;;
5741023;13;13/12/2021 17:45:00;Strada Urbana;VIA AGOSTINO CHIGI;da specificare;;;;pressi viale dei romagnoli 1 a;Investimento di pedone;Curva senza visuale libera;Una carreggiata a doppio senso;Asciutto;Asfaltata;Assente;Sereno;Normale;Insufficiente;;1;0;0;0;12.3062;41.7588;0;;;;Pedone;F;Rimandato;0;NON DECEDUTO;;
5741023;13;13/12/2021 17:45:00;Strada Urbana;VIA AGOSTINO CHIGI;da specificare;;;;pressi viale dei romagnoli 1 a;Investimento di pedone;Curva senza visuale libera;Una carreggiata a doppio senso;Asciutto;Asfaltata;Assente;Sereno;Normale;Insufficiente;;1;0;0;0;12.3062;41.7588;0;1;Autovettura privata;Allontanatosi;;;;;;;
5741064;10;13/12/2021 17:30:00;Strada Urbana;VIALE ANTONIO CIAMARRA;in corrispondenza;;del civico n.;177;;Tamponamento;Rettilineo;Più di due carreggiate;Asciutto;Asfaltata;Verticale ed orizzontale;Sereno;Normale;Sufficiente;;0;0;0;3;12.5902;41.8526;-1;1;Autovettura privata;In marcia / fermata / arresto;Conducente;M;Illeso;0;;Non accertato;Inesploso