Protocollo;Gruppo;DataOraIncidente;Localizzazione1;STRADA1;Localizzazione2;STRADA2;Strada02;Chilometrica;DaSpecificare;NaturaIncidente;particolaritastrade;TipoStrada;FondoStradale;Pavimentazione;Segnaletica;CondizioneAtmosferica;Traffico;Visibilita;Illuminazione;NUM_FERITI;NUM_RISERVATA;NUM_MORTI;NUM_ILLESI;Longitude;Latitude;Confermato;Progressivo;TipoVeicolo;StatoVeicolo;TipoPersona;Sesso;Tipolesione;Deceduto;DecedutoDopo;CinturaCascoUtilizzato;Airbag;
5741833;1;13/12/2021 09:30:00;;VIA DELLA MINERVA;da specificare;;;;fronte civ 81;Scontro laterale fra veicoli in marcia;;;;;;;;;;0;0;0;4;;;0;1;Autovettura pubblica;In marcia / fermata / arresto;Conducente;M;Illeso;0;;;
5741833;1;13/12/2021 09:30:00;;VIA DELLA MINERVA;da specificare;;;;fronte civ 81;Scontro laterale fra veicoli in marcia;;;;;;;;;;0;0;0;4;;;0;1;Autovettura pubblica;In marcia / fermata / arresto;Passeggero;M;Illeso;0;;;
5741833;1;13/12/2021 09:30:00;;VIA DELLA MINERVA;da specificare;;;;fronte civ 81;Scontro laterale fra veicoli in marcia;;;;;;;;;;0;0;0;4;;;0;2;Altro;In marcia / fermata / arresto;Conducente;M;Illeso;0;;;
5741833;1;13/12/2021 09:30:00;;VIA DELLA MINERVA;da specificare;;;;fronte civ 81;Scontro laterale fra veicoli in marcia;;;;;;;;;;0;0;0;4;;;0;2;Altro;In marcia / fermata / arresto;Passeggero;M;Illeso;0;;;
5741867;18;13/12/2021 23:15:00;Strada Urbana;VIA DI BOCCEA;in prossimità;;del civico n.;231;;Scontro frontale/laterale SX fra veicoli in marcia;Rettilineo;Una carreggiata a doppio senso;Asciutto;Asfaltata;Orizzontale;Sereno;Scarso;Buona;;2;0;0;2;12.4202;41.9033;-1;1;Motociclo a solo;In marcia / fermata / arresto;Conducente;M;Rimandato;0;NON DECEDUTO;;
5741867;18;13/12/2021 23:15:00;Strada Urbana;VIA DI BOCCEA;in prossimità;;del civico n.;231;;Scontro frontale/laterale SX fra veicoli in marcia;Rettilineo;Una carreggiata a doppio senso;Asciutto;Asfaltata;Orizzontale;Sereno;Scarso;Buona;;2;0;0;2;12.4202;41.9033;-1;1;Motociclo a solo;In marcia / fermata / arresto;Passeggero;M;Rimandato;0;NON DECEDUTO;;
5741867;18;13/12/2021 23:15:00;Strada Urbana;VIA DI BOCCEA;in prossimità;;del civico n.;231;;Scontro frontale/laterale SX fra veicoli in marcia;Rettilineo;Una carreggiata a doppio senso;Asciutto;Asfaltata;Orizzontale;Sereno;Scarso;Buona;;2;0;0;2;12.4202;41.9033;-1;2;Autovettura privata;In marcia / fermata / arresto;Conducente;M;Illeso;0;;;
5741867;18;13/12/2021 23:15:00;Strada Urbana;VIA DI BOCCEA;in prossimità;;del civico n.;231;;Scontro frontale/laterale SX fra veicoli in marcia;Rettilineo;Una carreggiata a doppio senso;Asciutto;Asfaltata;Orizzontale;Sereno;Scarso;Buona;;2;0;0;2;12.4202;41.9033;-1;2;Autovettura privata;In marcia / fermata / arresto;Passeggero;F;Illeso;0;;;
5741900;18;12/12/2021 02:10:00;Strada Urbana;VIA GREGORIO VII;in prossimità;;del civico n.;454;;Veicolo in marcia contro veicoli in sosta;Rettilineo;Più di due carreggiate;Asciutto;Asfaltata;Verticale ed orizzontale;Sereno;Normale;Sufficiente;;0;0;0;2;12.4331;41.8941;-1;1;Autovettura privata;In marcia / fermata / arresto;Conducente;F;Illeso;0;;Non accertato;Inesploso
5741900;18;12/12/2021 02:10:00;Strada Urbana;VIA GREGORIO VII;in prossimità;;del civico n.;454;;Veicolo in marcia contro veicoli in sosta;Rettilineo;Più di due carreggiate;Asciutto;Asfaltata;Verticale ed orizzontale;Sereno;Normale;Sufficiente;;0;0;0;2;12.4331;41.8941;-1;1;Autovettura privata;In marcia / fermata / arresto;Passeggero;F;Illeso;0;;Non accertato;Inesploso
5741900;18;12/12/2021 02:10:00;Strada Urbana;VIA GREGORIO VII;in prossimità;;del civico n.;454;;Veicolo in marcia contro veicoli in sosta;Rettilineo;Più di due carreggiate;Asciutto;Asfaltata;Verticale ed orizzontale;Sereno;Normale;Sufficiente;;0;0;0;2;12.4331;41.8941;-1;2;Autovettura privata;Sosta;;;;;;;
5741900;18;12/12/2021 02:10:00;Strada Urbana;VIA GREGORIO VII;in prossimità;;del civico n.;454;;Veicolo in marcia contro veicoli in sosta;Rettilineo;Più di due carreggiate;Asciutto;Asfaltata;Verticale ed orizzontale;Sereno;Normale;Sufficiente;;0;0;0;2;12.4331;41.8941;-1;3;Autovettura privata;Sosta;;;;;;;
5741900;18;12/12/2021 02:10:00;Strada Urbana;VIA GREGORIO VII;in prossimità;;del civico n.;454;;Veicolo in marcia contro veicoli in sosta;Rettilineo;Più di due carreggiate;Asciutto;Asfaltata;Verticale ed orizzontale;Sereno;Normale;Sufficiente;;0;0;0;2;12.4331;41.8941;-1;4;Motociclo a solo;Sosta;;;;;;;
5741900;18;12/12/2021 02:10:00;Strada Urbana;VIA GREGORIO VII;in prossimità;;del civico n.;454;;Veicolo in marcia contro veicoli in sosta;Rettilineo;Più di due carreggiate;Asciutto;Asfaltata;Verticale ed orizzontale;Sereno;Normale;Sufficiente;;0;0;0;2;12.4331;41.8941;-1;5;Motociclo a solo;Sosta;;;;;;;
5741900;18;12/12/2021 02:10:00;Strada Urbana;VIA GREGORIO VII;in prossimità;;del civico n.;454;;Veicolo in marcia contro veicoli in sosta;Rettilineo;Più di due carreggiate;Asciutto;Asfaltata;Verticale ed orizzontale;Sereno;Normale;Sufficiente;;0;0;0;2;12.4331;41.8941;-1;6;Motociclo a solo;Sosta;;;;;;;
5741900;18;12/12/2021 02:10:00;Strada Urbana;VIA GREGORIO VII;in prossimità;;del civico n.;454;;Veicolo in marcia contro veicoli in sosta;Rettilineo;Più di due carreggiate;Asciutto;Asfaltata;Verticale ed orizzontale;Sereno;Normale;Sufficiente;;0;0;0;2;12.4331;41.8941;-1;7;Motociclo a solo;Sosta;;;;;;;
5741963;6;14/12/2021 13:30:00;Strada Urbana;VIA DI ACQUA BULLICANTE;all'intersezione semaforizzata con;VIA AVERSA;VIA AVERSA;;;Scontro frontale/laterale SX fra veicoli in marcia;Incrocio;Una carreggiata a doppio senso;Asciutto;Asfaltata;Verticale ed orizzontale;Sereno;Normale;Buona;;2;0;0;2;12.5419;41.8911;-1;1;Autoambulanza in servizio;In marcia / fermata / arresto;Conducente;M;Illeso;0;;;
5741963;6;14/12/2021 13:30:00;Strada Urbana;VIA DI ACQUA BULLICANTE;all'intersezione semaforizzata con;VIA AVERSA;VIA AVERSA;;;Scontro frontale/laterale SX fra veicoli in marcia;Incrocio;Una carreggiata a doppio senso;Asciutto;Asfaltata;Verticale ed orizzontale;Sereno;Normale;Buona;;2;0;0;2;12.5419;41.8911;-1;1;Autoambulanza in servizio;In marcia / fermata / arresto;Passeggero;M;Illeso;0;;;
5741963;6;14/12/2021 13:30:00;Strada Urbana;VIA DI ACQUA BULLICANTE;all'intersezione semaforizzata con;VIA AVERSA;VIA AVERSA;;;Scontro frontale/laterale SX fra veicoli in marcia;Incrocio;Una carreggiata a doppio senso;Asciutto;Asfaltata;Verticale ed orizzontale;Sereno;Normale;Buona;;2;0;0;2;12.5419;41.8911;-1;2;Motociclo con passeggero;In marcia / fermata / arresto;Conducente;M;Rimandato;0;NON DECEDUTO;;
5741963;6;14/12/2021 13:30:00;Strada Urbana;VIA DI ACQUA BULLICANTE;all'intersezione semaforizzata con;VIA AVERSA;VIA AVERSA;;;Scontro frontale/laterale SX fra veicoli in marcia;Incrocio;Una carreggiata a doppio senso;Asciutto;Asfaltata;Verticale ed orizzontale;Sereno;Normale;Buona;;2;0;0;2;12.5419;41.8911;-1;2;Motociclo con passeggero;In marcia / fermata / arresto;Passeggero;F;Rimandato;0;NON DECEDUTO;;
5742096;13;13/12/2021 17:20:00;;VIA PADRE MASSARUTI;in corrispondenza;;del civico n.;49;;Veicolo in marcia contro ostacolo accidentale;;;;;;;;;;0;0;0;1;12.3545;41.7615;0;1;Autovettura privata;In marcia / fermata / arresto;Conducente;M;Illeso;0;;;
5742112;13;13/12/2021 19:45:00;Strada Urbana;VIA ISOLE DEL CAPO VERDE;in corrispondenza;;del civico n.;76;;Scontro laterale fra veicoli in marcia;Rettilineo;Due carreggiate;Asciutto;Asfaltata;Verticale ed orizzontale;Sereno;Normale;Buona;;0;0;0;4;12.2777;41.7388;-1;1;Autovettura privata;In marcia / fermata / arresto;Conducente;M;Illeso;0;;;
5742112;13;13/12/2021 19:45:00;Strada Urbana;VIA ISOLE DEL CAPO VERDE;in corrispondenza;;del civico n.;76;;Scontro laterale fra veicoli in marcia;Rettilineo;Due carreggiate;Asciutto;Asfaltata;Verticale ed orizzontale;Sereno;Normale;Buona;;0;0;0;4;12.2777;41.7388;-1;1;Autovettura privata;In marcia / fermata / arresto;Passeggero;M;Illeso;0;;;
5742112;13;13/12/2021 19:45:00;Strada Urbana;VIA ISOLE DEL CAPO VERDE;in corrispondenza;;del civico n.;76;;Scontro laterale fra veicoli in marcia;Rettilineo;Due carreggiate;Asciutto;Asfaltata;Verticale ed orizzontale;Sereno;Normale;Buona;;0;0;0;4;12.2777;41.7388;-1;1;Autovettura privata;In marcia / fermata / arresto;Passeggero;M;Illeso;0;;;
5742112;13;13/12/2021 19:45:00;Strada Urbana;VIA ISOLE DEL CAPO VERDE;in corrispondenza;;del civico n.;76;;Scontro laterale fra veicoli in marcia;Rettilineo;Due carreggiate;Asciutto;Asfaltata;Verticale ed orizzontale;Sereno;Normale;Buona;;0;0;0;4;12.2777;41.7388;-1;2;Motociclo a solo;In marcia / fermata / arresto;Conducente;M;Illeso;0;;;
5742279;1;14/12/2021 19:50:00;Strada Urbana;VIALE MANZONI;all'intersezione semaforizzata con;VIA CONTE VERDE;VIA CONTE VERDE;;;Scontro frontale fra veicoli in marcia;Intersezione semaforizzata;Una carreggiata a doppio senso;Asciutto;Asfaltata;Verticale ed orizzontale;Sereno;Normale;Sufficiente;;1;0;0;1;12.5088;41.8921;-1;1;Autovettura privata;In marcia / fermata / arresto;Conducente;M;Illeso;0;;Non accertato;Inesploso
5742279;1;14/12/2021 19:50:00;Strada Urbana;VIALE MANZONI;all'intersezione semaforizzata con;VIA CONTE VERDE;VIA CONTE VERDE;;;Scontro frontale fra veicoli in marcia;Intersezione semaforizzata;Una carreggiata a doppio senso;Asciutto;Asfaltata;Verticale ed orizzontale;Sereno;Normale;Sufficiente;;1;0;0;1;12.5088;41.8921;-1;2;Motociclo a solo;In marcia / fermata / arresto;Conducente;M;Rimandato;0;NON DECEDUTO;Non accertato;
5742283;11;14/12/2021 08:45:00;Strada Urbana;VIA ARDEATINA;in prossimità;;del palo luce n.;107;;Scontro laterale fra veicoli in marcia;Curva a visuale libera;Una carreggiata a senso unico di marcia;Asciutto;Asfaltata;Verticale ed orizzontale;Sereno;Intenso;Buona;;0;0;0;5;12.5255;41.8131;-1;1;Autovettura privata;In marcia / fermata / arresto;Conducente;M;Illeso;0;;Non accertato;
5742283;11;14/12/2021 08:45:00;Strada Urbana;VIA ARDEATINA;in prossimità;;del palo luce n.;107;;Scontro laterale fra veicoli in marcia;Curva a visuale libera;Una carreggiata a senso unico di marcia;Asciutto;Asfaltata;Verticale ed orizzontale;Sereno;Intenso;Buona;;0;0;0;5;12.5255;41.8131;-1;1;Autovettura privata;In marcia / fermata / arresto;Passeggero;M;Illeso;0;;Non accertato;
5742283;11;14/12/2021 08:45:00;Strada Urbana;VIA ARDEATINA;in prossimità;;del palo luce n.;107;;Scontro laterale fra veicoli in marcia;Curva a visuale libera;Una carreggiata a senso unico di marcia;Asciutto;Asfaltata;Verticale ed orizzontale;Sereno;Intenso;Buona;;0;0;0;5;12.5255;41.8131;-1;2;Autovettura privata;In marcia / fermata / arresto;Conducente;M;Illeso;0;;Non accertato;
5742283;11;14/12/2021 08:45:00;Strada Urbana;VIA ARDEATINA;in prossimità;;del palo luce n.;107;;Scontro laterale fra veicoli in marcia;Curva a visuale libera;Una carreggiata a senso unico di marcia;Asciutto;Asfaltata;Verticale ed orizzontale;Sereno;Intenso;Buona;;0;0;0;5;12.5255;41.8131;-1;2;Autovettura privata;In marcia / fermata / arresto;Passeggero;M;Illeso;0;;Non accertato;
5742304;11;14/12/2021 08:45:00;Strada Urbana;VIA LAURENTINA;da specificare;;;;fronte palo ACEA 424;Scontro frontale/laterale SX fra veicoli in marcia;Rettilineo;Due carreggiate;Asciutto;Asfaltata;Verticale ed orizzontale;Nebbia;Normale;Buona;;0;0;0;2;12.4809;41.8391;-1;1;Autobus di linea;In marcia / fermata / arresto;Conducente;M;Illeso;0;;;
5742304;11;14/12/2021 08:45:00;Strada Urbana;VIA LAURENTINA;da specificare;;;;fronte palo ACEA 424;Scontro frontale/laterale SX fra veicoli in marcia;Rettilineo;Due carreggiate;Asciutto;Asfaltata;Verticale ed orizzontale;Nebbia;Normale;Buona;;0;0;0;2;12.4809;41.8391;-1;2;Autovettura privata;In marcia / fermata / arresto;Conducente;M;Illeso;0;;;
5742313;8;14/12/2021 15:45:00;Strada Urbana;VIA DELLA RISERVA NUOVA;in corrispondenza;;del civico n.;20;;Veicolo in marcia che urta buche nella carreggiata;Rettilineo;Una carreggiata a doppio senso;Asciutto;Asfaltata;Verticale ed orizzontale;Sereno;Normale;Buona;;0;0;0;3;12.68;41.8914;-1;1;Autovettura privata;In marcia / fermata / arresto;Conducente;F;Illeso;0;;Non accertato;Inesploso
5742313;8;14/12/2021 15:45:00;Strada Urbana;VIA DELLA RISERVA NUOVA;in corrispondenza;;del civico n.;20;;Veicolo in marcia che urta buche nella carreggiata;Rettilineo;Una carreggiata a doppio senso;Asciutto;Asfaltata;Verticale ed orizzontale;Sereno;Normale;Buona;;0;0;0;3;12.68;41.8914;-1;1;Autovettura privata;In marcia / fermata / arresto;Passeggero;M;Illeso;0;;;
5742313;8;14/12/2021 15:45:00;Strada Urbana;VIA DELLA RISERVA NUOVA;in corrispondenza;;del civico n.;20;;Veicolo in marcia che urta buche nella carreggiata;Rettilineo;Una carreggiata a doppio senso;Asciutto;Asfaltata;Verticale ed orizzontale;Sereno;Normale;Buona;;0;0;0;3;12.68;41.8914;-1;1;Autovettura privata;In marcia / fermata / arresto;Passeggero;M;Illeso;0;;;
5742314;8;14/12/2021 17:20:00;Strada Urbana;VIA CASILINA;da specificare;;;;altezza rampa GRA direzione Napoli;Scontro laterale fra veicoli in marcia;Rettilineo;Una carreggiata a senso unico di marcia;Asciutto;Asfaltata;Verticale ed orizzontale;Sereno;Normale;Sufficiente;;0;0;0;4;12.6017;41.8641;-1;1;Autovettura privata;In marcia / fermata / arresto;Conducente;M;Illeso;0;;Non accertato;Inesploso
5742314;8;14/12/2021 17:20:00;Strada Urbana;VIA CASILINA;da specificare;;;;altezza rampa GRA direzione Napoli;Scontro laterale fra veicoli in marcia;Rettilineo;Una carreggiata a senso unico di marcia;Asciutto;Asfaltata;Verticale ed orizzontale;Sereno;Normale;Sufficiente;;0;0;0;4;12.6017;41.8641;-1;2;Autovettura privata;In marcia / fermata / arresto;Conducente;F;Illeso;0;;Non accertato;Inesploso
5742314;8;14/12/2021 17:20:00;Strada Urbana;VIA CASILINA;da specificare;;;;altezza rampa GRA direzione Napoli;Scontro laterale fra veicoli in marcia;Rettilineo;Una carreggiata a senso unico di marcia;Asciutto;Asfaltata;Verticale ed orizzontale;Sereno;Normale;Sufficiente;;0;0;0;4;12.6017;41.8641;-1;2;Autovettura privata;In marcia / fermata / arresto;Passeggero;F;Illeso;0;;Non accertato;Inesploso
5742314;8;14/12/2021 17:20:00;Strada Urbana;VIA CASILINA;da specificare;;;;altezza rampa GRA direzione Napoli;Scontro laterale fra veicoli in marcia;Rettilineo;Una carreggiata a senso unico di marcia;Asciutto;Asfaltata;Verticale ed orizzontale;Sereno;Normale;Sufficiente;;0;0;0;4;12.6017;41.8641;-1;2;Autovettura privata;In marcia / fermata / arresto;Passeggero;F;Illeso;0;;Non accertato;Inesploso
5742315;8;14/12/2021 15:55:00;Strada Urbana;VIALE OXFORD;da specificare;;;;rotatoria altezza palo luce 19;Tamponamento;Curva a visuale libera;Una carreggiata a senso unico di marcia;Asciutto;Asfaltata;Verticale ed orizzontale;Sereno;Normale;Buona;;1;0;0;1;12.628;41.86;-1;1;Autovettura privata;In marcia / fermata / arresto;Conducente;F;Rimandato;0;NON DECEDUTO;Non accertato;Inesploso
5742315;8;14/12/2021 15:55:00;Strada Urbana;VIALE OXFORD;da specificare;;;;rotatoria altezza palo luce 19;Tamponamento;Curva a visuale libera;Una carreggiata a senso unico di marcia;Asciutto;Asfaltata;Verticale ed orizzontale;Sereno;Normale;Buona;;1;0;0;1;12.628;41.86;-1;2;Autovettura privata;In marcia / fermata / arresto;Conducente;F;Illeso;0;;Non accertato;Inesploso
5742318;8;14/12/2021 19:30:00;Provinciale entro l'abitato;VIA POLENSE;da specificare;;;;altezza VIA MASSA DI SAN GIULIANO;Tamponamento;Rettilineo;Una carreggiata a doppio senso;Asciutto;Asfaltata;Verticale ed orizzontale;Sereno;Normale;Sufficiente;;1;0;0;1;12.7028;41.8952;-1;1;Autovettura privata;In marcia / fermata / arresto;Conducente;M;Illeso;0;;;
5742318;8;14/12/2021 19:30:00;Provinciale entro l'abitato;VIA POLENSE;da specificare;;;;altezza VIA MASSA DI SAN GIULIANO;Tamponamento;Rettilineo;Una carreggiata a doppio senso;Asciutto;Asfaltata;Verticale ed orizzontale;Sereno;Normale;Sufficiente;;1;0;0;1;12.7028;41.8952;-1;2;Autovettura privata;In marcia / fermata / arresto;Conducente;M;Rimandato;0;NON DECEDUTO;;
5742319;12;15/12/2021 05:15:00;Strada Urbana;VIALE DELLA GRANDE MURAGLIA;in prossimità;;del civico n.;20;;Veicolo in marcia contro ostacolo fisso;Rettilineo;Due carreggiate;Asciutto;Asfaltata;Verticale ed orizzontale;Sereno;Scarso;Buona;;1;0;0;0;12.4555;41.8221;-1;1;Autovettura privata;In marcia / fermata / arresto;Conducente;F;Rimandato;0;NON DECEDUTO;;
5742321;12;14/12/2021 18:05:00;Regionale entro l'abitato;VIA PONTINA;in prossimità;;della chilometrica;11.25;;Tamponamento Multiplo;Rettilineo;Due carreggiate;Asciutto;Asfaltata;Verticale ed orizzontale;Sereno;Intenso;Buona;;0;0;0;6;12.4597;41.8122;-1;1;Autovettura privata;In marcia / fermata / arresto;Conducente;M;Illeso;0;;Non accertato;Inesploso
5742321;12;14/12/2021 18:05:00;Regionale entro l'abitato;VIA PONTINA;in prossimità;;della chilometrica;11.25;;Tamponamento Multiplo;Rettilineo;Due carreggiate;Asciutto;Asfaltata;Verticale ed orizzontale;Sereno;Intenso;Buona;;0;0;0;6;12.4597;41.8122;-1;2;Autovettura privata;In marcia / fermata / arresto;Conducente;M;Illeso;0;;Non accertato;Inesploso
5742321;12;14/12/2021 18:05:00;Regionale entro l'abitato;VIA PONTINA;in prossimità;;della chilometrica;11.25;;Tamponamento Multiplo;Rettilineo;Due carreggiate;Asciutto;Asfaltata;Verticale ed orizzontale;Sereno;Intenso;Buona;;0;0;0;6;12.4597;41.8122;-1;3;Autovettura privata;In marcia / fermata / arresto;Conducente;F;Illeso;0;;Non accertato;Inesploso
5742321;12;14/12/2021 18:05:00;Regionale entro l'abitato;VIA PONTINA;in prossimità;;della chilometrica;11.25;;Tamponamento Multiplo;Rettilineo;Due carreggiate;Asciutto;Asfaltata;Verticale ed orizzontale;Sereno;Intenso;Buona;;0;0;0;6;12.4597;41.8122;-1;4;Autovettura privata;In marcia / fermata / arresto;Conducente;M;Illeso;0;;Non accertato;Inesploso
5742321;12;14/12/2021 18:05:00;Regionale entro l'abitato;VIA PONTINA;in prossimità;;della chilometrica;11.25;;Tamponamento Multiplo;Rettilineo;Due carreggiate;Asciutto;Asfaltata;Verticale ed orizzontale;Sereno;Intenso;Buona;;0;0;0;6;12.4597;41.8122;-1;5;Autovettura privata;In marcia / fermata / arresto;Conducente;M;Illeso;0;;Non accertato;Inesploso
5742321;12;14/12/2021 18:05:00;Regionale entro l'abitato;VIA PONTINA;in prossimità;;della chilometrica;11.25;;Tamponamento Multiplo;Rettilineo;Due carreggiate;Asciutto;Asfaltata;Verticale ed orizzontale;Sereno;Intenso;Buona;;0;0;0;6;12.4597;41.8122;-1;5;Autovettura privata;In marcia / fermata / arresto;Passeggero;M;Illeso;0;;Non accertato;Inesploso
5742322;8;14/12/2021 12:45:00;Strada Urbana;VIA GUIDO DONEGANI;in prossimità;;del civico n.;121;;Veicolo in marcia contro ostacolo accidentale;Pendenza;Una carreggiata a doppio senso;Asciutto;Asfaltata;Verticale ed orizzontale;Sereno;Scarso;Buona;;2;0;0;0;12.6829;41.9243;-1;1;Autovettura privata;In marcia / fermata / arresto;Conducente;M;Rifiuta cure immediate;0;NON DECEDUTO;Non accertato;Esploso
5742322;8;14/12/2021 12:45:00;Strada Urbana;VIA GUIDO DONEGANI;in prossimità;;del civico n.;121;;Veicolo in marcia contro ostacolo accidentale;Pendenza;Una carreggiata a doppio senso;Asciutto;Asfaltata;Verticale ed orizzontale;Sereno;Scarso;Buona;;2;0;0;0;12.6829;41.9243;-1;1;Autovettura privata;In marcia / fermata / arresto;Passeggero;F;Rifiuta cure immediate;0;NON DECEDUTO;Non accertato;Esploso
5742324;6;15/12/2021 00:35:00;Strada Urbana;VIALE GIORGIO DE CHIRICO;da specificare;;;;altezza ponte direzione PRENESTINA;Veicolo in marcia contro ostacolo accidentale;Rettilineo;Due carreggiate;Asciutto;Asfaltata;Verticale ed orizzontale;Sereno;Scarso;Sufficiente;;0;0;0;1;12.5888;41.8964;-1;1;Autovettura privata;In marcia / fermata / arresto;Conducente;M;Illeso;0;;;
5742325;8;14/12/2021 13:20:00;Strada Urbana;VIALE DELLA SORBONA;all'intersezione con;VIALE OXFORD;VIALE OXFORD;;;Scontro laterale fra veicoli in marcia;Rotatoria;Una carreggiata a senso unico di marcia;Asciutto;Asfaltata;Verticale ed orizzontale;Sereno;Normale;Buona;;0;0;0;2;12.612;41.8546;-1;1;Autovettura privata;In marcia / fermata / arresto;Conducente;M;Illeso;0;;;
5742325;8;14/12/2021 13:20:00;Strada Urbana;VIALE DELLA SORBONA;all'intersezione con;VIALE OXFORD;VIALE OXFORD;;;Scontro laterale fra veicoli in marcia;Rotatoria;Una carreggiata a senso unico di marcia;Asciutto;Asfaltata;Verticale ed orizzontale;Sereno;Normale;Buona;;0;0;0;2;12.612;41.8546;-1;1;Autovettura privata;In marcia / fermata / arresto;Passeggero;F;Illeso;0;;;
5742325;8;14/12/2021 13:20:00;Strada Urbana;VIALE DELLA SORBONA;all'intersezione con;VIALE OXFORD;VIALE OXFORD;;;Scontro laterale fra veicoli in marcia;Rotatoria;Una carreggiata a senso unico di marcia;Asciutto;Asfaltata;Verticale ed orizzontale;Sereno;Normale;Buona;;0;0;0;2;12.612;41.8546;-1;2;Autovettura privata;In marcia / fermata / arresto;;;;;;;
5742327;8;14/12/2021 15:50:00;Strada Urbana;VIA CASILINA;da specificare;;;;prossimità rotatoria VIA DEGLI ORAFI;Investimento di pedone;Rettilineo;Una carreggiata a doppio senso;Asciutto;Asfaltata;Verticale ed orizzontale;Sereno;Intenso;Buona;;1;0;0;1;12.6212;41.8626;-1;;;;Pedone;F;Rimandato;0;NON DECEDUTO;;
5742327;8;14/12/2021 15:50:00;Strada Urbana;VIA CASILINA;da specificare;;;;prossimità rotatoria VIA DEGLI ORAFI;Investimento di pedone;Rettilineo;Una carreggiata a doppio senso;Asciutto;Asfaltata;Verticale ed orizzontale;Sereno;Intenso;Buona;;1;0;0;1;12.6212;41.8626;-1;1;Autovettura privata;In marcia / fermata / arresto;Conducente;M;Illeso;0;;Non accertato;Inesploso
5742328;11;14/12/2021 17:30:00;Strada Urbana;VIA LAURENTINA;in corrispondenza;;del civico n.;139;;Tamponamento;Rettilineo;Due carreggiate;Asciutto;Asfaltata;Verticale ed orizzontale;Sereno;Normale;Buona;;1;0;0;5;12.4802;41.8447;-1;1;Autovettura privata;In marcia / fermata / arresto;Conducente;M;Illeso;0;;;
5742328;11;14/12/2021 17:30:00;Strada Urbana;VIA LAURENTINA;in corrispondenza;;del civico n.;139;;Tamponamento;Rettilineo;Due carreggiate;Asciutto;Asfaltata;Verticale ed orizzontale;Sereno;Normale;Buona;;1;0;0;5;12.4802;41.8447;-1;1;Autovettura privata;In marcia / fermata / arresto;Passeggero;F;Rifiuta cure immediate;0;NON DECEDUTO;;
5742328;11;14/12/2021 17:30:00;Strada Urbana;VIA LAURENTINA;in corrispondenza;;del civico n.;139;;Tamponamento;Rettilineo;Due carreggiate;Asciutto;Asfaltata;Verticale ed orizzontale;Sereno;Normale;Buona;;1;0;0;5;12.4802;41.8447;-1;2;Autovettura privata;In marcia / fermata / arresto;Conducente;M;Illeso;0;;;
5742328;11;14/12/2021 17:30:00;Strada Urbana;VIA LAURENTINA;in corrispondenza;;del civico n.;139;;Tamponamento;Rettilineo;Due carreggiate;Asciutto;Asfaltata;Verticale ed orizzontale;Sereno;Normale;Buona;;1;0;0;5;12.4802;41.8447;-1;2;Autovettura privata;In marcia / fermata / arresto;Passeggero;M;Illeso;0;;;
5742328;11;14/12/2021 17:30:00;Strada Urbana;VIA LAURENTINA;in corrispondenza;;del civico n.;139;;Tamponamento;Rettilineo;Due carreggiate;Asciutto;Asfaltata;Verticale ed orizzontale;Sereno;Normale;Buona;;1;0;0;5;12.4802;41.8447;-1;2;Autovettura privata;In marcia / fermata / arresto;Passeggero;F;Illeso;0;;;
5742328;11;14/12/2021 17:30:00;Strada Urbana;VIA LAURENTINA;in corrispondenza;;del civico n.;139;;Tamponamento;Rettilineo;Due carreggiate;Asciutto;Asfaltata;Verticale ed orizzontale;Sereno;Normale;Buona;;1;0;0;5;12.4802;41.8447;-1;2;Autovettura privata;In marcia / fermata / arresto;Passeggero;M;Illeso;0;;;
5742330;8;14/12/2021 09:30:00;Strada Urbana;VIA DI ROCCA CENCIA;in corrispondenza;;del civico n.;273;;Scontro laterale fra veicoli in marcia;Rettilineo;Una carreggiata a doppio senso;Asciutto;Asfaltata;Verticale;Sereno;Normale;Buona;;0;0;0;2;12.6938;41.886;-1;1;Autocarro superiore 35 q.;In marcia / fermata / arresto;Conducente;M;Illeso;0;;Non accertato;Inesploso
5742330;8;14/12/2021 09:30:00;Strada Urbana;VIA DI ROCCA CENCIA;in corrispondenza;;del civico n.;273;;Scontro laterale fra veicoli in marcia;Rettilineo;Una carreggiata a doppio senso;Asciutto;Asfaltata;Verticale;Sereno;Normale;Buona;;0;0;0;2;12.6938;41.886;-1;2;Autovettura privata;In marcia / fermata / arresto;Conducente;F;Illeso;0;;Non accertato;Inesploso
5742337;8;14/12/2021 08:55:00;Strada Urbana;VIALE DELLA SORBONA;da specificare;;;;altezza via Columbia;Scontro laterale fra veicoli in marcia;Rotatoria;Due carreggiate;Asciutto;Asfaltata;Verticale ed orizzontale;Sereno;Normale;Buona;;0;0;0;2;12.612;41.8546;-1;1;Autovettura privata;In marcia / fermata / arresto;Conducente;F;Illeso;0;;Non accertato;Inesploso
5742337;8;14/12/2021 08:55:00;Strada Urbana;VIALE DELLA SORBONA;da specificare;;;;altezza via Columbia;Scontro laterale fra veicoli in marcia;Rotatoria;Due carreggiate;Asciutto;Asfaltata;Verticale ed orizzontale;Sereno;Normale;Buona;;0;0;0;2;12.612;41.8546;-1;2;Autovettura privata;In marcia / fermata / arresto;Conducente;F;Illeso;0;;Non accertato;Inesploso