Protocollo;Gruppo;DataOraIncidente;Localizzazione1;STRADA1;Localizzazione2;STRADA2;Strada02;Chilometrica;DaSpecificare;NaturaIncidente;particolaritastrade;TipoStrada;FondoStradale;Pavimentazione;Segnaletica;CondizioneAtmosferica;Traffico;Visibilita;Illuminazione;NUM_FERITI;NUM_RISERVATA;NUM_MORTI;NUM_ILLESI;Longitude;Latitude;Confermato;Progressivo;TipoVeicolo;StatoVeicolo;TipoPersona;Sesso;Tipolesione;Deceduto;DecedutoDopo;CinturaCascoUtilizzato;Airbag;
5742803;5;14/12/2021 15:50:00;Strada Urbana;VIA NINO TAMASSIA;da specificare;;;;in prossimità di VIA ROSARIO NICOLO';Tamponamento Multiplo;Rettilineo;Due carreggiate;Asciutto;Asfaltata;Verticale ed orizzontale;Sereno;Normale;Buona;;0;0;0;4;12.587;41.9446;-1;1;Autovettura privata;In marcia / fermata / arresto;Passeggero;M;Illeso;0;;Non accertato;
5742803;5;14/12/2021 15:50:00;Strada Urbana;VIA NINO TAMASSIA;da specificare;;;;in prossimità di VIA ROSARIO NICOLO';Tamponamento Multiplo;Rettilineo;Due carreggiate;Asciutto;Asfaltata;Verticale ed orizzontale;Sereno;Normale;Buona;;0;0;0;4;12.587;41.9446;-1;2;Autovettura privata;In marcia / fermata / arresto;Conducente;M;Illeso;0;;Non accertato;
5742803;5;14/12/2021 15:50:00;Strada Urbana;VIA NINO TAMASSIA;da specificare;;;;in prossimità di VIA ROSARIO NICOLO';Tamponamento Multiplo;Rettilineo;Due carreggiate;Asciutto;Asfaltata;Verticale ed orizzontale;Sereno;Normale;Buona;;0;0;0;4;12.587;41.9446;-1;3;Veicolo speciale;In marcia / fermata / arresto;Conducente;M;Illeso;0;;Non accertato;
5742808;4;14/12/2021 17:40:00;Statale;VIA SALARIA;all'intersezione con;AUTOSTRADA PER FIRENZE;AUTOSTRADA PER FIRENZE;;;Scontro laterale fra veicoli in marcia;Incrocio;Due carreggiate;Asciutto;Asfaltata;Verticale ed orizzontale;Sereno;Normale;Sufficiente;;0;0;0;2;12.5115;41.9873;-1;1;Autovettura privata;In marcia / fermata / arresto;Conducente;M;Illeso;0;;Non accertato;Inesploso
5742808;4;14/12/2021 17:40:00;Statale;VIA SALARIA;all'intersezione con;AUTOSTRADA PER FIRENZE;AUTOSTRADA PER FIRENZE;;;Scontro laterale fra veicoli in marcia;Incrocio;Due carreggiate;Asciutto;Asfaltata;Verticale ed orizzontale;Sereno;Normale;Sufficiente;;0;0;0;2;12.5115;41.9873;-1;2;Autovettura privata;In marcia / fermata / arresto;Conducente;M;Illeso;0;;Non accertato;Inesploso
5742812;1;14/12/2021 12:45:00;Strada Urbana;VIALE MARCO POLO;in corrispondenza;;del civico n.;73;;Tamponamento;Rettilineo;Una carreggiata a doppio senso;Asciutto;Asfaltata;Verticale ed orizzontale;Sereno;Normale;Buona;;0;0;0;2;12.4878;41.8737;-1;1;Autovettura privata;In marcia / fermata / arresto;Conducente;M;Illeso;0;;Non accertato;Inesploso
5742812;1;14/12/2021 12:45:00;Strada Urbana;VIALE MARCO POLO;in corrispondenza;;del civico n.;73;;Tamponamento;Rettilineo;Una carreggiata a doppio senso;Asciutto;Asfaltata;Verticale ed orizzontale;Sereno;Normale;Buona;;0;0;0;2;12.4878;41.8737;-1;2;Motociclo a solo;In marcia / fermata / arresto;Conducente;M;Illeso;0;;Non accertato;
5742822;10;15/12/2021 09:25:00;Strada Urbana;VIA BELLICO CALPURNIO;all'intersezione con;VIA PUBLIO ELIO;VIA PUBLIO ELIO;;;Tamponamento;Intersezione non regolata/non segnalata;Una carreggiata a senso unico di marcia;Asciutto;Asfaltata;Assente;Sereno;Normale;Buona;;0;0;0;2;12.6144;41.8263;-1;1;Autovettura privata;In marcia / fermata / arresto;Conducente;F;Illeso;0;;Non accertato;Inesploso
5742822;10;15/12/2021 09:25:00;Strada Urbana;VIA BELLICO CALPURNIO;all'intersezione con;VIA PUBLIO ELIO;VIA PUBLIO ELIO;;;Tamponamento;Intersezione non regolata/non segnalata;Una carreggiata a senso unico di marcia;Asciutto;Asfaltata;Assente;Sereno;Normale;Buona;;0;0;0;2;12.6144;41.8263;-1;2;Autovettura privata;In marcia / fermata / arresto;Conducente;F;Illeso;0;;Non accertato;Inesploso
5742830;2;15/12/2021 07:30:00;Strada Urbana;LUNGOTEVERE ARNALDO DA BRESCIA;da specificare;;;;nel sottopasso;Scontro laterale fra veicoli in marcia;Galleria illuminata;Una carreggiata a senso unico di marcia;Asciutto;Asfaltata;Verticale ed orizzontale;Sereno;Normale;Buona;;0;0;0;2;12.473;41.9108;-1;1;Autovettura privata;In marcia / fermata / arresto;Conducente;M;Illeso;0;;Non accertato;Inesploso
5742830;2;15/12/2021 07:30:00;Strada Urbana;LUNGOTEVERE ARNALDO DA BRESCIA;da specificare;;;;nel sottopasso;Scontro laterale fra veicoli in marcia;Galleria illuminata;Una carreggiata a senso unico di marcia;Asciutto;Asfaltata;Verticale ed orizzontale;Sereno;Normale;Buona;;0;0;0;2;12.473;41.9108;-1;2;Motociclo a solo;In marcia / fermata / arresto;Conducente;M;Illeso;0;;Non accertato;
5742868;5;15/12/2021 00:30:00;Strada Urbana;VIA DEI GELSI;all'intersezione con;VIA DEI GINEPRI;VIA DEI GINEPRI;;;Scontro frontale/laterale SX fra veicoli in marcia;Intersezione stradale segnalata;Una carreggiata a doppio senso;Asciutto;Asfaltata;Verticale ed orizzontale;Sereno;Scarso;Sufficiente;;0;0;0;2;12.5683;41.8891;-1;1;Autovettura privata;In marcia / fermata / arresto;Conducente;F;Illeso;0;;Non accertato;
5742868;5;15/12/2021 00:30:00;Strada Urbana;VIA DEI GELSI;all'intersezione con;VIA DEI GINEPRI;VIA DEI GINEPRI;;;Scontro frontale/laterale SX fra veicoli in marcia;Intersezione stradale segnalata;Una carreggiata a doppio senso;Asciutto;Asfaltata;Verticale ed orizzontale;Sereno;Scarso;Sufficiente;;0;0;0;2;12.5683;41.8891;-1;2;Autovettura privata;In marcia / fermata / arresto;Conducente;M;Illeso;0;;Non accertato;
5742868;5;15/12/2021 00:30:00;Strada Urbana;VIA DEI GELSI;all'intersezione con;VIA DEI GINEPRI;VIA DEI GINEPRI;;;Scontro frontale/laterale SX fra veicoli in marcia;Intersezione stradale segnalata;Una carreggiata a doppio senso;Asciutto;Asfaltata;Verticale ed orizzontale;Sereno;Scarso;Sufficiente;;0;0;0;2;12.5683;41.8891;-1;3;Autovettura privata;Sosta;;;;;;;
5742876;4;14/12/2021 16:30:00;Strada Urbana;VIA MONTE GRIMANO;in prossimità;;del civico n.;73;;Scontro laterale fra veicoli in marcia;Rettilineo;Una carreggiata a doppio senso;Asciutto;Asfaltata;Verticale ed orizzontale;Sereno;Normale;Buona;;0;0;0;2;12.5209;41.9784;-1;1;Autovettura privata;In marcia / fermata / arresto;Conducente;M;Illeso;0;;Non accertato;Inesploso
5742876;4;14/12/2021 16:30:00;Strada Urbana;VIA MONTE GRIMANO;in prossimità;;del civico n.;73;;Scontro laterale fra veicoli in marcia;Rettilineo;Una carreggiata a doppio senso;Asciutto;Asfaltata;Verticale ed orizzontale;Sereno;Normale;Buona;;0;0;0;2;12.5209;41.9784;-1;2;Autovettura privata;In marcia / fermata / arresto;Conducente;M;Illeso;0;;Non accertato;Inesploso
5742878;2;14/12/2021 18:15:00;Strada Urbana;VIALE BRUNO BUOZZI;in corrispondenza;;del civico n.;18;;Tamponamento;Rettilineo;Una carreggiata a doppio senso;Asciutto;Asfaltata;Verticale ed orizzontale;Sereno;Normale;Buona;;1;0;0;1;12.4876;41.9218;-1;1;Autovettura pubblica;In marcia / fermata / arresto;Conducente;M;Illeso;0;;Non accertato;Inesploso
5742878;2;14/12/2021 18:15:00;Strada Urbana;VIALE BRUNO BUOZZI;in corrispondenza;;del civico n.;18;;Tamponamento;Rettilineo;Una carreggiata a doppio senso;Asciutto;Asfaltata;Verticale ed orizzontale;Sereno;Normale;Buona;;1;0;0;1;12.4876;41.9218;-1;2;Ciclomotore;In marcia / fermata / arresto;Conducente;M;Rimandato;0;NON DECEDUTO;Utilizzato;
5742880;2;14/12/2021 11:15:00;Strada Urbana;CIRCONVALLAZIONE SALARIA;da specificare;;;;dir. S. Giovanni alt. uscita Salaria centro;Scontro laterale fra veicoli in marcia;Rettilineo;Due carreggiate;Asciutto;Asfaltata;Orizzontale;Sereno;Intenso;Buona;;1;0;0;1;12.5207;41.9347;-1;1;Autovettura privata;In marcia / fermata / arresto;Conducente;M;Illeso;0;;;
5742880;2;14/12/2021 11:15:00;Strada Urbana;CIRCONVALLAZIONE SALARIA;da specificare;;;;dir. S. Giovanni alt. uscita Salaria centro;Scontro laterale fra veicoli in marcia;Rettilineo;Due carreggiate;Asciutto;Asfaltata;Orizzontale;Sereno;Intenso;Buona;;1;0;0;1;12.5207;41.9347;-1;2;Motociclo a solo;In marcia / fermata / arresto;Conducente;M;Rimandato;0;NON DECEDUTO;;
5742884;13;14/12/2021 06:55:00;Strada Urbana;VIA ARISTIDE CARABELLI;all'intersezione con;VIA COSTANZO CASANA;VIA COSTANZO CASANA;;;Scontro frontale/laterale DX fra veicoli in marcia;Intersezione semaforizzata;Due carreggiate;Asciutto;Asfaltata;Verticale;Sereno;Scarso;Sufficiente;;0;0;0;2;12.2685;41.7387;-1;1;Autovettura privata;In marcia / fermata / arresto;Conducente;M;Illeso;0;;Non accertato;Inesploso
5742884;13;14/12/2021 06:55:00;Strada Urbana;VIA ARISTIDE CARABELLI;all'intersezione con;VIA COSTANZO CASANA;VIA COSTANZO CASANA;;;Scontro frontale/laterale DX fra veicoli in marcia;Intersezione semaforizzata;Due carreggiate;Asciutto;Asfaltata;Verticale;Sereno;Scarso;Sufficiente;;0;0;0;2;12.2685;41.7387;-1;2;Autocarro inferiore 35 q.;In marcia / fermata / arresto;Conducente;M;Illeso;0;;Non accertato;Inesploso
5742898;13;14/12/2021 07:50:00;Strada Urbana;VIA ARDUINO FORGIARINI;all'intersezione con;VIA MARCELLO PUCCI BONCAMBI;VIA MARCELLO PUCCI BONCAMBI;;;Scontro frontale/laterale SX fra veicoli in marcia;Intersezione stradale segnalata;Una carreggiata a doppio senso;Asciutto;Asfaltata;Verticale ed orizzontale;Sereno;Normale;Buona;;0;0;0;2;12.2666;41.7377;-1;1;Autovettura privata;In marcia / fermata / arresto;Conducente;M;Illeso;0;;Non accertato;Inesploso
5742898;13;14/12/2021 07:50:00;Strada Urbana;VIA ARDUINO FORGIARINI;all'intersezione con;VIA MARCELLO PUCCI BONCAMBI;VIA MARCELLO PUCCI BONCAMBI;;;Scontro frontale/laterale SX fra veicoli in marcia;Intersezione stradale segnalata;Una carreggiata a doppio senso;Asciutto;Asfaltata;Verticale ed orizzontale;Sereno;Normale;Buona;;0;0;0;2;12.2666;41.7377;-1;2;Autovettura privata;In marcia / fermata / arresto;Conducente;F;Illeso;0;;Non accertato;Inesploso
5742903;19;14/12/2021 10:30:00;Strada Urbana;VIA PIETRO GASPARRI;in corrispondenza;;del civico n.;44;;Investimento di pedone;Rettilineo;Una carreggiata a doppio senso;Asciutto;Asfaltata;Verticale ed orizzontale;Sereno;Normale;Buona;;2;0;0;0;12.4143;41.9228;-1;;;;Pedone;F;Rimandato;0;NON DECEDUTO;;
5742903;19;14/12/2021 10:30:00;Strada Urbana;VIA PIETRO GASPARRI;in corrispondenza;;del civico n.;44;;Investimento di pedone;Rettilineo;Una carreggiata a doppio senso;Asciutto;Asfaltata;Verticale ed orizzontale;Sereno;Normale;Buona;;2;0;0;0;12.4143;41.9228;-1;1;Autovettura privata;In marcia / fermata / arresto;Conducente;M;Rifiuta cure immediate;0;NON DECEDUTO;Non accertato;Inesploso
5742907;13;14/12/2021 09:10:00;Strada Urbana;PIAZZA VIRGILIO GUZZI;da specificare;;;;fronte civico 7;Tamponamento;Pianeggiante;Una carreggiata a doppio senso;Asciutto;Asfaltata;Assente;Sereno;Normale;Buona;;0;0;0;4;12.4964;41.9028;-1;1;Autovettura privata;In marcia / fermata / arresto;Conducente;F;Illeso;0;;Non accertato;Inesploso
5742907;13;14/12/2021 09:10:00;Strada Urbana;PIAZZA VIRGILIO GUZZI;da specificare;;;;fronte civico 7;Tamponamento;Pianeggiante;Una carreggiata a doppio senso;Asciutto;Asfaltata;Assente;Sereno;Normale;Buona;;0;0;0;4;12.4964;41.9028;-1;1;Autovettura privata;In marcia / fermata / arresto;Passeggero;M;Illeso;0;;Non accertato;Inesploso
5742907;13;14/12/2021 09:10:00;Strada Urbana;PIAZZA VIRGILIO GUZZI;da specificare;;;;fronte civico 7;Tamponamento;Pianeggiante;Una carreggiata a doppio senso;Asciutto;Asfaltata;Assente;Sereno;Normale;Buona;;0;0;0;4;12.4964;41.9028;-1;2;Autovettura privata;In marcia / fermata / arresto;Conducente;M;Illeso;0;;Non accertato;Inesploso
5742907;13;14/12/2021 09:10:00;Strada Urbana;PIAZZA VIRGILIO GUZZI;da specificare;;;;fronte civico 7;Tamponamento;Pianeggiante;Una carreggiata a doppio senso;Asciutto;Asfaltata;Assente;Sereno;Normale;Buona;;0;0;0;4;12.4964;41.9028;-1;2;Autovettura privata;In marcia / fermata / arresto;Passeggero;M;Illeso;0;;Non accertato;Inesploso
5742930;19;14/12/2021 10:40:00;Strada Urbana;VIA ANDREA BARBAZZA;in prossimità;;del civico n.;65;;Scontro laterale fra veicoli in marcia;Rettilineo;Una carreggiata a doppio senso;Asciutto;Asfaltata;Assente;Sereno;Scarso;Buona;;0;0;0;3;12.4111;41.9196;-1;1;Autovettura privata;In marcia / fermata / arresto;Conducente;M;Illeso;0;;;
5742930;19;14/12/2021 10:40:00;Strada Urbana;VIA ANDREA BARBAZZA;in prossimità;;del civico n.;65;;Scontro laterale fra veicoli in marcia;Rettilineo;Una carreggiata a doppio senso;Asciutto;Asfaltata;Assente;Sereno;Scarso;Buona;;0;0;0;3;12.4111;41.9196;-1;2;Autovettura privata;In marcia / fermata / arresto;Conducente;F;Illeso;0;;;
5742930;19;14/12/2021 10:40:00;Strada Urbana;VIA ANDREA BARBAZZA;in prossimità;;del civico n.;65;;Scontro laterale fra veicoli in marcia;Rettilineo;Una carreggiata a doppio senso;Asciutto;Asfaltata;Assente;Sereno;Scarso;Buona;;0;0;0;3;12.4111;41.9196;-1;2;Autovettura privata;In marcia / fermata / arresto;Passeggero;F;Illeso;0;;;
5742944;1;14/12/2021 01:51:00;Strada Urbana;LUNGOTEVERE AVENTINO;da specificare;;;;carreggiata sx;Tamponamento;Rettilineo;Due carreggiate;Asciutto;Asfaltata;Verticale ed orizzontale;Sereno;Normale;Buona;;0;0;0;4;12.479;41.8855;-1;1;Autovettura privata;In marcia / fermata / arresto;Conducente;M;Illeso;0;;Non accertato;Inesploso
5742944;1;14/12/2021 01:51:00;Strada Urbana;LUNGOTEVERE AVENTINO;da specificare;;;;carreggiata sx;Tamponamento;Rettilineo;Due carreggiate;Asciutto;Asfaltata;Verticale ed orizzontale;Sereno;Normale;Buona;;0;0;0;4;12.479;41.8855;-1;2;Autovettura privata;In marcia / fermata / arresto;Conducente;M;Illeso;0;;Non accertato;Inesploso
5742944;1;14/12/2021 01:51:00;Strada Urbana;LUNGOTEVERE AVENTINO;da specificare;;;;carreggiata sx;Tamponamento;Rettilineo;Due carreggiate;Asciutto;Asfaltata;Verticale ed orizzontale;Sereno;Normale;Buona;;0;0;0;4;12.479;41.8855;-1;2;Autovettura privata;In marcia / fermata / arresto;Passeggero;M;Illeso;0;;Non accertato;Inesploso
5742944;1;14/12/2021 01:51:00;Strada Urbana;LUNGOTEVERE AVENTINO;da specificare;;;;carreggiata sx;Tamponamento;Rettilineo;Due carreggiate;Asciutto;Asfaltata;Verticale ed orizzontale;Sereno;Normale;Buona;;0;0;0;4;12.479;41.8855;-1;2;Autovettura privata;In marcia / fermata / arresto;Passeggero;F;Illeso;0;;Non accertato;Inesploso
5742955;13;14/12/2021 12:20:00;;VIA DI SAPONARA;in corrispondenza;;del civico n.;90;;Tamponamento;;;;;;;;;;0;0;0;2;12.3614;41.7802;0;1;Autovettura privata;In marcia / fermata / arresto;Conducente;M;Illeso;0;;Non accertato;Inesploso
5742955;13;14/12/2021 12:20:00;;VIA DI SAPONARA;in corrispondenza;;del civico n.;90;;Tamponamento;;;;;;;;;;0;0;0;2;12.3614;41.7802;0;2;Autovettura privata;In marcia / fermata / arresto;Conducente;F;Illeso;0;;Non accertato;Inesploso
5742957;2;14/12/2021 08:15:00;Strada Urbana;VIA GUIDO RENI;all'intersezione semaforizzata con;VIA GIOVANNI PAOLO PANNINI;VIA GIOVANNI PAOLO PANNINI;;;Ribaltamento senza urto contro ostacolo fisso;Incrocio;Una carreggiata a doppio senso;Asciutto;Asfaltata;Verticale ed orizzontale;Sereno;Scarso;Buona;;1;0;0;0;12.4637;41.9273;-1;1;Motociclo di polizia;In marcia / fermata / arresto;Conducente;M;Rimandato;0;NON DECEDUTO;;
5742962;2;14/12/2021 10:15:00;Strada Urbana;VIA DI VILLA SACCHETTI;in prossimità;;del civico n.;27;;Veicolo in marcia contro veicolo in sosta;Rettilineo;Una carreggiata a senso unico di marcia;Asciutto;Asfaltata;Orizzontale;Sereno;Scarso;Buona;;0;0;0;2;12.4838;41.9215;-1;1;Autovettura privata;In marcia / fermata / arresto;Conducente;M;Illeso;0;;;
5742962;2;14/12/2021 10:15:00;Strada Urbana;VIA DI VILLA SACCHETTI;in prossimità;;del civico n.;27;;Veicolo in marcia contro veicolo in sosta;Rettilineo;Una carreggiata a senso unico di marcia;Asciutto;Asfaltata;Orizzontale;Sereno;Scarso;Buona;;0;0;0;2;12.4838;41.9215;-1;2;Autovettura privata;Sosta;Passeggero;F;Illeso;0;;;
5742966;2;14/12/2021 13:40:00;Strada Urbana;VIA GIAN GIACOMO PORRO;in prossimità;;del civico n.;19;;Investimento di pedone;Rettilineo;Una carreggiata a senso unico di marcia;Asciutto;Asfaltata;Verticale ed orizzontale;Sereno;Normale;Buona;;1;0;0;1;12.4895;41.9299;-1;;;;Pedone;M;Rimandato;0;NON DECEDUTO;;
5742966;2;14/12/2021 13:40:00;Strada Urbana;VIA GIAN GIACOMO PORRO;in prossimità;;del civico n.;19;;Investimento di pedone;Rettilineo;Una carreggiata a senso unico di marcia;Asciutto;Asfaltata;Verticale ed orizzontale;Sereno;Normale;Buona;;1;0;0;1;12.4895;41.9299;-1;1;Motociclo a solo;In marcia / fermata / arresto;Conducente;M;Illeso;0;;;
5742975;13;14/12/2021 19:15:00;;VIA BRUNO MOLAJOLI;da specificare;;;;pressi via fausto zonaro;Scontro frontale/laterale DX fra veicoli in marcia;;;;;;;;;;0;0;0;1;12.3629;41.7709;0;1;Autovettura privata;In marcia / fermata / arresto;Conducente;M;Illeso;0;;Non accertato;Inesploso
5742983;1;14/12/2021 16:40:00;Strada Urbana;VIA LABICANA;in corrispondenza;;del civico n.;45;;Investimento di pedone;Rettilineo;Più di due carreggiate;Asciutto;Asfaltata;Verticale ed orizzontale;Sereno;Normale;Buona;;0;0;0;2;12.4998;41.8893;-1;;;;Pedone;M;Illeso;0;;;
5742983;1;14/12/2021 16:40:00;Strada Urbana;VIA LABICANA;in corrispondenza;;del civico n.;45;;Investimento di pedone;Rettilineo;Più di due carreggiate;Asciutto;Asfaltata;Verticale ed orizzontale;Sereno;Normale;Buona;;0;0;0;2;12.4998;41.8893;-1;1;Autovettura privata;In marcia / fermata / arresto;Conducente;M;Illeso;0;;;
5742997;15;15/12/2021 07:45:00;Strada Urbana;VIA DELLA MAGLIANA;all'intersezione con;VIA LUIGI RAVA;VIA LUIGI RAVA;;;Scontro frontale/laterale DX fra veicoli in marcia;Intersezione stradale segnalata;Una carreggiata a doppio senso;Asciutto;Asfaltata;Verticale ed orizzontale;Sereno;Normale;Buona;;0;0;0;3;12.4196;41.8317;-1;1;Autovettura privata;In marcia / fermata / arresto;Conducente;M;Illeso;0;;Non accertato;Inesploso
5742997;15;15/12/2021 07:45:00;Strada Urbana;VIA DELLA MAGLIANA;all'intersezione con;VIA LUIGI RAVA;VIA LUIGI RAVA;;;Scontro frontale/laterale DX fra veicoli in marcia;Intersezione stradale segnalata;Una carreggiata a doppio senso;Asciutto;Asfaltata;Verticale ed orizzontale;Sereno;Normale;Buona;;0;0;0;3;12.4196;41.8317;-1;1;Autovettura privata;In marcia / fermata / arresto;Passeggero;M;Illeso;0;;Utilizzato;Inesploso
5742997;15;15/12/2021 07:45:00;Strada Urbana;VIA DELLA MAGLIANA;all'intersezione con;VIA LUIGI RAVA;VIA LUIGI RAVA;;;Scontro frontale/laterale DX fra veicoli in marcia;Intersezione stradale segnalata;Una carreggiata a doppio senso;Asciutto;Asfaltata;Verticale ed orizzontale;Sereno;Normale;Buona;;0;0;0;3;12.4196;41.8317;-1;2;Autovettura privata;In marcia / fermata / arresto;Conducente;M;Illeso;0;;;
5743008;17;14/12/2021 13:45:00;Strada Urbana;VIALE GIULIO CESARE;all'intersezione semaforizzata con;VIA CARLO ALBERTO DALLA CHIESA;VIA CARLO ALBERTO DALLA CHIESA;;;Scontro frontale/laterale SX fra veicoli in marcia;Intersezione semaforizzata;Una carreggiata a senso unico di marcia;Asciutto;Asfaltata;Verticale ed orizzontale;Sereno;Normale;Buona;;0;0;0;2;12.4627;41.9105;-1;1;Autovettura privata;In marcia / fermata / arresto;Conducente;F;Illeso;0;;Non accertato;Inesploso
5743008;17;14/12/2021 13:45:00;Strada Urbana;VIALE GIULIO CESARE;all'intersezione semaforizzata con;VIA CARLO ALBERTO DALLA CHIESA;VIA CARLO ALBERTO DALLA CHIESA;;;Scontro frontale/laterale SX fra veicoli in marcia;Intersezione semaforizzata;Una carreggiata a senso unico di marcia;Asciutto;Asfaltata;Verticale ed orizzontale;Sereno;Normale;Buona;;0;0;0;2;12.4627;41.9105;-1;2;Motociclo a solo;In marcia / fermata / arresto;Conducente;M;Illeso;0;;;
5743011;4;14/12/2021 13:15:00;Strada Urbana;VIA MONTE PETRELLA;all'intersezione con;VIA DELLE ISOLE CURZOLANE;VIA DELLE ISOLE CURZOLANE;;;Scontro laterale fra veicoli in marcia;Incrocio;Più di due carreggiate;Asciutto;Asfaltata;Verticale ed orizzontale;Sereno;Normale;Buona;;0;0;0;2;12.5307;41.9503;-1;1;Autovettura privata;In marcia / fermata / arresto;Conducente;M;Illeso;0;;;
5743011;4;14/12/2021 13:15:00;Strada Urbana;VIA MONTE PETRELLA;all'intersezione con;VIA DELLE ISOLE CURZOLANE;VIA DELLE ISOLE CURZOLANE;;;Scontro laterale fra veicoli in marcia;Incrocio;Più di due carreggiate;Asciutto;Asfaltata;Verticale ed orizzontale;Sereno;Normale;Buona;;0;0;0;2;12.5307;41.9503;-1;2;Autovettura privata;In marcia / fermata / arresto;Conducente;F;Illeso;0;;Non accertato;
5743042;15;15/12/2021 08:40:00;Strada Urbana;VIA DELLA MAGLIANA;all'intersezione con;VIA DEL FOSSO DELLA MAGLIANA;VIA DEL FOSSO DELLA MAGLIANA;;;Scontro frontale/laterale SX fra veicoli in marcia;Intersezione stradale segnalata;Una carreggiata a doppio senso;Asciutto;Asfaltata;Verticale ed orizzontale;Sereno;Normale;Buona;;0;0;0;2;12.4196;41.8317;-1;1;Autovettura privata;In marcia / fermata / arresto;Conducente;F;Illeso;0;;;
5743042;15;15/12/2021 08:40:00;Strada Urbana;VIA DELLA MAGLIANA;all'intersezione con;VIA DEL FOSSO DELLA MAGLIANA;VIA DEL FOSSO DELLA MAGLIANA;;;Scontro frontale/laterale SX fra veicoli in marcia;Intersezione stradale segnalata;Una carreggiata a doppio senso;Asciutto;Asfaltata;Verticale ed orizzontale;Sereno;Normale;Buona;;0;0;0;2;12.4196;41.8317;-1;2;Autocarro inferiore 35 q.;In marcia / fermata / arresto;Conducente;M;Illeso;0;;;
5743050;19;14/12/2021 13:35:00;Strada Urbana;VIA DI TORREVECCHIA;in prossimità;;del civico n.;156;;Investimento di pedone;Rettilineo;Una carreggiata a doppio senso;Asciutto;Asfaltata;Verticale ed orizzontale;Sereno;Intenso;Buona;;1;0;0;1;12.4195;41.9314;-1;;;;Pedone;M;Rimandato;0;NON DECEDUTO;;
5743050;19;14/12/2021 13:35:00;Strada Urbana;VIA DI TORREVECCHIA;in prossimità;;del civico n.;156;;Investimento di pedone;Rettilineo;Una carreggiata a doppio senso;Asciutto;Asfaltata;Verticale ed orizzontale;Sereno;Intenso;Buona;;1;0;0;1;12.4195;41.9314;-1;1;Autovettura privata;In marcia / fermata / arresto;Conducente;F;Illeso;0;;Non accertato;Inesploso
5743058;15;15/12/2021 07:25:00;Strada Urbana;VIA DELLA MAGLIANA;all'intersezione con;VIA LUIGI RAVA;VIA LUIGI RAVA;;;Scontro frontale/laterale DX fra veicoli in marcia;Intersezione stradale segnalata;Una carreggiata a doppio senso;Asciutto;Asfaltata;Verticale ed orizzontale;Sereno;Normale;Buona;;0;0;0;4;12.4196;41.8317;-1;1;Autovettura privata;In marcia / fermata / arresto;Conducente;F;Illeso;0;;Non accertato;Inesploso
5743058;15;15/12/2021 07:25:00;Strada Urbana;VIA DELLA MAGLIANA;all'intersezione con;VIA LUIGI RAVA;VIA LUIGI RAVA;;;Scontro frontale/laterale DX fra veicoli in marcia;Intersezione stradale segnalata;Una carreggiata a doppio senso;Asciutto;Asfaltata;Verticale ed orizzontale;Sereno;Normale;Buona;;0;0;0;4;12.4196;41.8317;-1;2;Autovettura privata;In marcia / fermata / arresto;Conducente;F;Illeso;0;;Non accertato;Inesploso
5743058;15;15/12/2021 07:25:00;Strada Urbana;VIA DELLA MAGLIANA;all'intersezione con;VIA LUIGI RAVA;VIA LUIGI RAVA;;;Scontro frontale/laterale DX fra veicoli in marcia;Intersezione stradale segnalata;Una carreggiata a doppio senso;Asciutto;Asfaltata;Verticale ed orizzontale;Sereno;Normale;Buona;;0;0;0;4;12.4196;41.8317;-1;2;Autovettura privata;In marcia / fermata / arresto;Passeggero;F;Illeso;0;;Non accertato;Inesploso
5743058;15;15/12/2021 07:25:00;Strada Urbana;VIA DELLA MAGLIANA;all'intersezione con;VIA LUIGI RAVA;VIA LUIGI RAVA;;;Scontro frontale/laterale DX fra veicoli in marcia;Intersezione stradale segnalata;Una carreggiata a doppio senso;Asciutto;Asfaltata;Verticale ed orizzontale;Sereno;Normale;Buona;;0;0;0;4;12.4196;41.8317;-1;2;Autovettura privata;In marcia / fermata / arresto;Passeggero;M;Illeso;0;;Non accertato;Inesploso
5743065;19;14/12/2021 15:40:00;Strada Urbana;VIA DEI MONTI DI PRIMAVALLE;in prossimità;;del civico n.;86;;Veicolo in marcia contro veicolo in sosta;Rettilineo;Una carreggiata a doppio senso;Asciutto;Asfaltata;Verticale ed orizzontale;Sereno;Normale;Buona;;0;0;0;0;12.4129;41.9119;-1;1;Autovettura privata;Sosta;;;;;;;
5743065;19;14/12/2021 15:40:00;Strada Urbana;VIA DEI MONTI DI PRIMAVALLE;in prossimità;;del civico n.;86;;Veicolo in marcia contro veicolo in sosta;Rettilineo;Una carreggiata a doppio senso;Asciutto;Asfaltata;Verticale ed orizzontale;Sereno;Normale;Buona;;0;0;0;0;12.4129;41.9119;-1;2;Autobus di linea;Allontanatosi;;;;;;;
5743081;19;14/12/2021 20:00:00;Strada Urbana;VIALE DELLE MEDAGLIE D'ORO;all'intersezione con;VIA MARZIALE;VIA MARZIALE;;;Infortunio per sola frenata improvvisa;Incrocio;Una carreggiata a doppio senso;Asciutto;Asfaltata;Verticale ed orizzontale;Sereno;Normale;Buona;;0;0;0;2;12.4436;41.9119;-1;1;Motociclo con passeggero;In marcia / fermata / arresto;Conducente;M;Illeso;0;;;
5743081;19;14/12/2021 20:00:00;Strada Urbana;VIALE DELLE MEDAGLIE D'ORO;all'intersezione con;VIA MARZIALE;VIA MARZIALE;;;Infortunio per sola frenata improvvisa;Incrocio;Una carreggiata a doppio senso;Asciutto;Asfaltata;Verticale ed orizzontale;Sereno;Normale;Buona;;0;0;0;2;12.4436;41.9119;-1;1;Motociclo con passeggero;In marcia / fermata / arresto;Passeggero;F;Illeso;0;;;