Protocollo;Gruppo;DataOraIncidente;Localizzazione1;STRADA1;Localizzazione2;STRADA2;Strada02;Chilometrica;DaSpecificare;NaturaIncidente;particolaritastrade;TipoStrada;FondoStradale;Pavimentazione;Segnaletica;CondizioneAtmosferica;Traffico;Visibilita;Illuminazione;NUM_FERITI;NUM_RISERVATA;NUM_MORTI;NUM_ILLESI;Longitude;Latitude;Confermato;Progressivo;TipoVeicolo;StatoVeicolo;TipoPersona;Sesso;Tipolesione;Deceduto;DecedutoDopo;CinturaCascoUtilizzato;Airbag;
5743081;19;14/12/2021 20:00:00;Strada Urbana;VIALE DELLE MEDAGLIE D'ORO;all'intersezione con;VIA MARZIALE;VIA MARZIALE;;;Infortunio per sola frenata improvvisa;Incrocio;Una carreggiata a doppio senso;Asciutto;Asfaltata;Verticale ed orizzontale;Sereno;Normale;Buona;;0;0;0;2;12.4436;41.9119;-1;2;Autovettura privata;Allontanatosi;;;;;;;
5743096;19;14/12/2021 20:30:00;Strada Urbana;VIA ROSA GATTORNO;in prossimità;;del civico n.;25;;Veicolo in marcia contro ostacolo fisso;Rettilineo;Una carreggiata a doppio senso;Asciutto;Con buche;Assente;Sereno;Scarso;Buona;;0;0;0;1;12.4299;41.9478;-1;1;Autovettura privata;In marcia / fermata / arresto;Conducente;M;Illeso;0;;Non accertato;
5743127;10;15/12/2021 11:45:00;Strada Urbana;VIALE PALMIRO TOGLIATTI;da specificare;;;;fronte civ.453 dir. via Casilina;Veicolo in marcia che urta buche nella carreggiata;Rettilineo;Due carreggiate;Asciutto;Asfaltata;Verticale ed orizzontale;Sereno;Normale;Buona;;0;0;0;1;12.5683;41.8689;-1;1;Autovettura privata;In marcia / fermata / arresto;Conducente;F;Illeso;0;;Non accertato;Inesploso
5743139;1;15/12/2021 08:45:00;Strada Urbana;VIA DI S. GREGORIO;da specificare;;;;altezza albero 3;Scontro laterale fra veicoli in marcia;Rettilineo;Due carreggiate;Asciutto;In cubetti di porfido;Verticale ed orizzontale;Sereno;Intenso;Buona;;0;0;0;4;12.4899;41.8866;-1;1;Autovettura privata;In marcia / fermata / arresto;Conducente;M;Illeso;0;;;
5743139;1;15/12/2021 08:45:00;Strada Urbana;VIA DI S. GREGORIO;da specificare;;;;altezza albero 3;Scontro laterale fra veicoli in marcia;Rettilineo;Due carreggiate;Asciutto;In cubetti di porfido;Verticale ed orizzontale;Sereno;Intenso;Buona;;0;0;0;4;12.4899;41.8866;-1;2;Motociclo a solo;In marcia / fermata / arresto;Conducente;M;Illeso;0;;;
5743139;1;15/12/2021 08:45:00;Strada Urbana;VIA DI S. GREGORIO;da specificare;;;;altezza albero 3;Scontro laterale fra veicoli in marcia;Rettilineo;Due carreggiate;Asciutto;In cubetti di porfido;Verticale ed orizzontale;Sereno;Intenso;Buona;;0;0;0;4;12.4899;41.8866;-1;3;Autovettura privata;In marcia / fermata / arresto;Conducente;M;Illeso;0;;;
5743139;1;15/12/2021 08:45:00;Strada Urbana;VIA DI S. GREGORIO;da specificare;;;;altezza albero 3;Scontro laterale fra veicoli in marcia;Rettilineo;Due carreggiate;Asciutto;In cubetti di porfido;Verticale ed orizzontale;Sereno;Intenso;Buona;;0;0;0;4;12.4899;41.8866;-1;3;Autovettura privata;In marcia / fermata / arresto;Passeggero;M;Illeso;0;;;
5743166;6;15/12/2021 10:30:00;Provinciale entro l'abitato;VIA PRENESTINA;in corrispondenza;;del civico n.;133;;Veicolo in marcia contro ostacolo accidentale;Rettilineo;Più di due carreggiate;Asciutto;Asfaltata;Orizzontale;Sereno;Normale;Buona;;1;0;0;0;12.5339;41.8924;-1;1;Motociclo a solo;In marcia / fermata / arresto;Conducente;M;Rimandato;0;NON DECEDUTO;Non accertato;
5743178;6;15/12/2021 10:35:00;Strada Urbana;VIA DI CENTOCELLE;in corrispondenza;;del civico n.;269;;Investimento di pedone;Rettilineo;Una carreggiata a doppio senso;Asciutto;Asfaltata;Verticale ed orizzontale;Sereno;Normale;Buona;;1;0;0;1;12.5531;41.8665;-1;;;;Pedone;F;Rimandato;0;NON DECEDUTO;;
5743178;6;15/12/2021 10:35:00;Strada Urbana;VIA DI CENTOCELLE;in corrispondenza;;del civico n.;269;;Investimento di pedone;Rettilineo;Una carreggiata a doppio senso;Asciutto;Asfaltata;Verticale ed orizzontale;Sereno;Normale;Buona;;1;0;0;1;12.5531;41.8665;-1;1;Autovettura privata;In marcia / fermata / arresto;Conducente;M;Illeso;0;;Non accertato;Inesploso
5743218;10;15/12/2021 11:30:00;Strada Urbana;VIALE PALMIRO TOGLIATTI;da specificare;;;;fronte civ.453 dir. via Casilina;Veicolo in marcia che urta buche nella carreggiata;Rettilineo;Due carreggiate;Asciutto;Asfaltata;Verticale ed orizzontale;Sereno;Normale;Buona;;0;0;0;1;12.5684;41.869;-1;1;Autovettura privata;In marcia / fermata / arresto;Conducente;M;Illeso;0;;Non accertato;Inesploso
5743220;16;14/12/2021 08:13:00;;LARGO ALBERTO PEPERE;all'intersezione con;VIA DEL CASALETTO;VIA DEL CASALETTO;;;Scontro laterale fra veicoli in marcia;;;;;;;;;;0;0;0;2;12.4395;41.8699;0;1;Autovettura privata;In marcia / fermata / arresto;Conducente;M;Illeso;0;;;
5743220;16;14/12/2021 08:13:00;;LARGO ALBERTO PEPERE;all'intersezione con;VIA DEL CASALETTO;VIA DEL CASALETTO;;;Scontro laterale fra veicoli in marcia;;;;;;;;;;0;0;0;2;12.4395;41.8699;0;2;Autovettura privata;In marcia / fermata / arresto;Conducente;M;Illeso;0;;;
5743231;16;14/12/2021 14:45:00;Strada Urbana;VIA ABATE UGONE;in corrispondenza;;del civico n.;19;;Investimento di pedone;Curva a visuale libera;Una carreggiata a doppio senso;Asciutto;Asfaltata;Verticale ed orizzontale;Sereno;Scarso;Buona;;2;0;0;0;12.4533;41.8782;-1;;;;Pedone;F;Ricoverato;0;NON DECEDUTO;;
5743231;16;14/12/2021 14:45:00;Strada Urbana;VIA ABATE UGONE;in corrispondenza;;del civico n.;19;;Investimento di pedone;Curva a visuale libera;Una carreggiata a doppio senso;Asciutto;Asfaltata;Verticale ed orizzontale;Sereno;Scarso;Buona;;2;0;0;0;12.4533;41.8782;-1;1;Motociclo con passeggero;In marcia / fermata / arresto;Conducente;F;Rimandato;0;NON DECEDUTO;Non accertato;
5743242;13;14/12/2021 14:30:00;Strada Urbana;VIALE VASCO DE GAMA;all'intersezione con;VIA FRANCO MEZZADRA;VIA FRANCO MEZZADRA;;;Scontro frontale/laterale DX fra veicoli in marcia;Incrocio;Due carreggiate;Asciutto;Asfaltata;Verticale ed orizzontale;Sereno;Normale;Buona;;0;0;0;2;12.2709;41.7358;-1;1;Autovettura privata;In marcia / fermata / arresto;Conducente;M;Illeso;0;;;
5743242;13;14/12/2021 14:30:00;Strada Urbana;VIALE VASCO DE GAMA;all'intersezione con;VIA FRANCO MEZZADRA;VIA FRANCO MEZZADRA;;;Scontro frontale/laterale DX fra veicoli in marcia;Incrocio;Due carreggiate;Asciutto;Asfaltata;Verticale ed orizzontale;Sereno;Normale;Buona;;0;0;0;2;12.2709;41.7358;-1;2;Autovettura privata;In marcia / fermata / arresto;Conducente;F;Illeso;0;;;
5743255;6;15/12/2021 07:45:00;Strada Urbana;VIA PISINO;in corrispondenza;;del civico n.;35;;Veicolo in marcia contro veicolo in sosta;Rettilineo;Una carreggiata a senso unico di marcia;Asciutto;Asfaltata;Assente;Sereno;Scarso;Buona;;0;0;0;1;12.5552;41.8979;-1;1;Autovettura privata;Sosta;;;;;;;
5743255;6;15/12/2021 07:45:00;Strada Urbana;VIA PISINO;in corrispondenza;;del civico n.;35;;Veicolo in marcia contro veicolo in sosta;Rettilineo;Una carreggiata a senso unico di marcia;Asciutto;Asfaltata;Assente;Sereno;Scarso;Buona;;0;0;0;1;12.5552;41.8979;-1;2;Autovettura privata;In marcia / fermata / arresto;Conducente;F;Illeso;0;;Non accertato;Inesploso
5743264;13;14/12/2021 15:15:00;Strada Urbana;LUNGOMARE PAOLO TOSCANELLI;da specificare;;;;pressi civ 96;Scontro laterale fra veicoli in marcia;Rettilineo;Una carreggiata a senso unico di marcia;Asciutto;Asfaltata;Verticale ed orizzontale;Sereno;Normale;Buona;;0;0;0;3;12.2749;41.7301;-1;1;Autovettura privata;In marcia / fermata / arresto;Conducente;M;Illeso;0;;Non accertato;Inesploso
5743264;13;14/12/2021 15:15:00;Strada Urbana;LUNGOMARE PAOLO TOSCANELLI;da specificare;;;;pressi civ 96;Scontro laterale fra veicoli in marcia;Rettilineo;Una carreggiata a senso unico di marcia;Asciutto;Asfaltata;Verticale ed orizzontale;Sereno;Normale;Buona;;0;0;0;3;12.2749;41.7301;-1;2;Autovettura privata;In marcia / fermata / arresto;Conducente;F;Illeso;0;;Non accertato;Inesploso
5743264;13;14/12/2021 15:15:00;Strada Urbana;LUNGOMARE PAOLO TOSCANELLI;da specificare;;;;pressi civ 96;Scontro laterale fra veicoli in marcia;Rettilineo;Una carreggiata a senso unico di marcia;Asciutto;Asfaltata;Verticale ed orizzontale;Sereno;Normale;Buona;;0;0;0;3;12.2749;41.7301;-1;2;Autovettura privata;In marcia / fermata / arresto;Passeggero;F;Illeso;0;;;
5743295;13;14/12/2021 15:40:00;Strada Urbana;VIALE PAOLO ORLANDO;da specificare;;;;PRESSI CIV 40;Veicolo in marcia contro veicolo arresto;Rettilineo;Due carreggiate;Asciutto;Asfaltata;Assente;Sereno;Normale;Buona;;0;0;0;3;12.2858;41.731;-1;1;Autovettura privata;In marcia / fermata / arresto;Conducente;M;Illeso;0;;Non accertato;Inesploso
5743295;13;14/12/2021 15:40:00;Strada Urbana;VIALE PAOLO ORLANDO;da specificare;;;;PRESSI CIV 40;Veicolo in marcia contro veicolo arresto;Rettilineo;Due carreggiate;Asciutto;Asfaltata;Assente;Sereno;Normale;Buona;;0;0;0;3;12.2858;41.731;-1;2;Autovettura privata;In marcia / fermata / arresto;Conducente;F;Illeso;0;;Non accertato;Inesploso
5743295;13;14/12/2021 15:40:00;Strada Urbana;VIALE PAOLO ORLANDO;da specificare;;;;PRESSI CIV 40;Veicolo in marcia contro veicolo arresto;Rettilineo;Due carreggiate;Asciutto;Asfaltata;Assente;Sereno;Normale;Buona;;0;0;0;3;12.2858;41.731;-1;2;Autovettura privata;In marcia / fermata / arresto;Passeggero;M;Illeso;0;;Non accertato;Inesploso
5743312;9;15/12/2021 08:25:00;Strada Urbana;VIA TODI;all'intersezione con;VIA MONTEFALCO;VIA MONTEFALCO;;;Scontro frontale/laterale SX fra veicoli in marcia;Intersezione stradale segnalata;Una carreggiata a doppio senso;Asciutto;Asfaltata;Verticale ed orizzontale;Sereno;Normale;Buona;;1;0;0;1;12.5292;41.8799;-1;1;Autovettura privata;In marcia / fermata / arresto;Conducente;F;Illeso;0;;Non accertato;Esploso
5743312;9;15/12/2021 08:25:00;Strada Urbana;VIA TODI;all'intersezione con;VIA MONTEFALCO;VIA MONTEFALCO;;;Scontro frontale/laterale SX fra veicoli in marcia;Intersezione stradale segnalata;Una carreggiata a doppio senso;Asciutto;Asfaltata;Verticale ed orizzontale;Sereno;Normale;Buona;;1;0;0;1;12.5292;41.8799;-1;2;Autovettura privata;In marcia / fermata / arresto;Conducente;F;Rimandato;0;NON DECEDUTO;Non accertato;Inesploso
5743312;9;15/12/2021 08:25:00;Strada Urbana;VIA TODI;all'intersezione con;VIA MONTEFALCO;VIA MONTEFALCO;;;Scontro frontale/laterale SX fra veicoli in marcia;Intersezione stradale segnalata;Una carreggiata a doppio senso;Asciutto;Asfaltata;Verticale ed orizzontale;Sereno;Normale;Buona;;1;0;0;1;12.5292;41.8799;-1;3;Autovettura privata;Sosta;;;;;;;
5743312;9;15/12/2021 08:25:00;Strada Urbana;VIA TODI;all'intersezione con;VIA MONTEFALCO;VIA MONTEFALCO;;;Scontro frontale/laterale SX fra veicoli in marcia;Intersezione stradale segnalata;Una carreggiata a doppio senso;Asciutto;Asfaltata;Verticale ed orizzontale;Sereno;Normale;Buona;;1;0;0;1;12.5292;41.8799;-1;4;Autovettura privata;Sosta;;;;;;;
5743351;9;15/12/2021 10:25:00;Strada Urbana;VIA DON ORIONE;all'intersezione con;VIA ETRURIA;VIA ETRURIA;;;Scontro laterale fra veicoli in marcia;Incrocio;Una carreggiata a senso unico di marcia;Asciutto;Asfaltata;Verticale ed orizzontale;Sereno;Normale;Buona;;0;0;0;2;12.5156;41.8784;-1;1;Autocarro inferiore 35 q.;In marcia / fermata / arresto;Conducente;M;Illeso;0;;Non accertato;Inesploso
5743351;9;15/12/2021 10:25:00;Strada Urbana;VIA DON ORIONE;all'intersezione con;VIA ETRURIA;VIA ETRURIA;;;Scontro laterale fra veicoli in marcia;Incrocio;Una carreggiata a senso unico di marcia;Asciutto;Asfaltata;Verticale ed orizzontale;Sereno;Normale;Buona;;0;0;0;2;12.5156;41.8784;-1;2;Autovettura privata;In marcia / fermata / arresto;Conducente;F;Illeso;0;;Non accertato;Inesploso
5743368;13;14/12/2021 18:00:00;Strada Urbana;VIALE DEL LIDO;in corrispondenza;;del civico n.;35;;Scontro laterale fra veicoli in marcia;Rettilineo;Una carreggiata a senso unico di marcia;Asciutto;Asfaltata;Assente;Sereno;Scarso;Buona;;0;0;0;3;12.2856;41.73;-1;1;Autovettura privata;In marcia / fermata / arresto;Conducente;M;Illeso;0;;Non accertato;Inesploso
5743368;13;14/12/2021 18:00:00;Strada Urbana;VIALE DEL LIDO;in corrispondenza;;del civico n.;35;;Scontro laterale fra veicoli in marcia;Rettilineo;Una carreggiata a senso unico di marcia;Asciutto;Asfaltata;Assente;Sereno;Scarso;Buona;;0;0;0;3;12.2856;41.73;-1;2;Autovettura privata;In marcia / fermata / arresto;Conducente;M;Illeso;0;;Non accertato;Inesploso
5743368;13;14/12/2021 18:00:00;Strada Urbana;VIALE DEL LIDO;in corrispondenza;;del civico n.;35;;Scontro laterale fra veicoli in marcia;Rettilineo;Una carreggiata a senso unico di marcia;Asciutto;Asfaltata;Assente;Sereno;Scarso;Buona;;0;0;0;3;12.2856;41.73;-1;2;Autovettura privata;In marcia / fermata / arresto;Passeggero;F;Illeso;0;;Non accertato;Inesploso
5743389;18;15/12/2021 08:35:00;Strada Urbana;VIA DI BOCCEA;in prossimità;;del civico n.;686;;Scontro frontale/laterale SX fra veicoli in marcia;Pendenza;Una carreggiata a doppio senso;Asciutto;Asfaltata;Verticale ed orizzontale;Sereno;Normale;Buona;;0;0;0;2;12.3726;41.922;-1;1;Autovettura privata;In marcia / fermata / arresto;Conducente;M;Illeso;0;;Non accertato;Inesploso
5743389;18;15/12/2021 08:35:00;Strada Urbana;VIA DI BOCCEA;in prossimità;;del civico n.;686;;Scontro frontale/laterale SX fra veicoli in marcia;Pendenza;Una carreggiata a doppio senso;Asciutto;Asfaltata;Verticale ed orizzontale;Sereno;Normale;Buona;;0;0;0;2;12.3726;41.922;-1;2;Autovettura privata;In marcia / fermata / arresto;Conducente;M;Illeso;0;;Non accertato;Inesploso
5743400;18;13/12/2021 09:30:00;Strada Urbana;VIA DELLA MADONNA DEL RIPOSO;in prossimità;;del civico n.;6;;Investimento di pedone;Rettilineo;Una carreggiata a senso unico di marcia;Asciutto;Asfaltata;Verticale ed orizzontale;Sereno;Normale;Buona;;1;0;0;1;12.4347;41.8972;-1;;;;Pedone;F;Ricoverato;0;NON DECEDUTO;;
5743400;18;13/12/2021 09:30:00;Strada Urbana;VIA DELLA MADONNA DEL RIPOSO;in prossimità;;del civico n.;6;;Investimento di pedone;Rettilineo;Una carreggiata a senso unico di marcia;Asciutto;Asfaltata;Verticale ed orizzontale;Sereno;Normale;Buona;;1;0;0;1;12.4347;41.8972;-1;1;Autovettura privata;In marcia / fermata / arresto;Conducente;M;Illeso;0;;Non accertato;Inesploso
5743408;23;14/12/2021 08:10:00;Strada Urbana;VIA AURELIA;all'intersezione con;VIA DI VILLA TROILI;VIA DI VILLA TROILI;;;Scontro laterale fra veicoli in marcia;Incrocio;Due carreggiate;Asciutto;Asfaltata;Verticale ed orizzontale;Sereno;Intenso;Buona;;0;0;0;2;12.408;41.8888;-1;1;Autovettura privata;In marcia / fermata / arresto;Conducente;M;Illeso;0;;Non accertato;Inesploso
5743408;23;14/12/2021 08:10:00;Strada Urbana;VIA AURELIA;all'intersezione con;VIA DI VILLA TROILI;VIA DI VILLA TROILI;;;Scontro laterale fra veicoli in marcia;Incrocio;Due carreggiate;Asciutto;Asfaltata;Verticale ed orizzontale;Sereno;Intenso;Buona;;0;0;0;2;12.408;41.8888;-1;2;Autocarro superiore 35 q.;In marcia / fermata / arresto;Conducente;M;Illeso;0;;Non accertato;Inesploso
5743414;18;14/12/2021 10:40:00;Strada Urbana;VIA SILVESTRO II;all'intersezione con;VIA PIO IX;VIA PIO IX;;;Scontro frontale/laterale DX fra veicoli in marcia;Intersezione stradale segnalata;Una carreggiata a senso unico di marcia;Asciutto;Asfaltata;Verticale ed orizzontale;Sereno;Normale;Buona;;0;0;0;2;12.4228;41.906;-1;1;Autovettura privata;In marcia / fermata / arresto;Conducente;M;Illeso;0;;;
5743414;18;14/12/2021 10:40:00;Strada Urbana;VIA SILVESTRO II;all'intersezione con;VIA PIO IX;VIA PIO IX;;;Scontro frontale/laterale DX fra veicoli in marcia;Intersezione stradale segnalata;Una carreggiata a senso unico di marcia;Asciutto;Asfaltata;Verticale ed orizzontale;Sereno;Normale;Buona;;0;0;0;2;12.4228;41.906;-1;2;Autovettura privata;In marcia / fermata / arresto;Conducente;M;Illeso;0;;Non accertato;Inesploso
5743420;13;14/12/2021 20:00:00;Strada Urbana;VIA DI PRATO CORNELIO;all'intersezione con;VIA DOMENICO MORELLI;VIA DOMENICO MORELLI;;;Scontro laterale fra veicoli in marcia;Incrocio;Una carreggiata a doppio senso;Asciutto;Asfaltata;Verticale ed orizzontale;Sereno;Normale;Buona;;0;0;0;2;12.3574;41.7719;-1;1;Autovettura privata;In marcia / fermata / arresto;Conducente;F;Illeso;0;;Non accertato;Inesploso
5743420;13;14/12/2021 20:00:00;Strada Urbana;VIA DI PRATO CORNELIO;all'intersezione con;VIA DOMENICO MORELLI;VIA DOMENICO MORELLI;;;Scontro laterale fra veicoli in marcia;Incrocio;Una carreggiata a doppio senso;Asciutto;Asfaltata;Verticale ed orizzontale;Sereno;Normale;Buona;;0;0;0;2;12.3574;41.7719;-1;2;Autovettura privata;In marcia / fermata / arresto;Conducente;M;Illeso;0;;Non accertato;Inesploso
5743420;13;14/12/2021 20:00:00;Strada Urbana;VIA DI PRATO CORNELIO;all'intersezione con;VIA DOMENICO MORELLI;VIA DOMENICO MORELLI;;;Scontro laterale fra veicoli in marcia;Incrocio;Una carreggiata a doppio senso;Asciutto;Asfaltata;Verticale ed orizzontale;Sereno;Normale;Buona;;0;0;0;2;12.3574;41.7719;-1;3;Autovettura privata;Sosta;;;;;;;
5743431;16;14/12/2021 11:30:00;Strada Urbana;VIA DEL CASALETTO;all'intersezione con;VIA DI AFFOGALASINO;VIA DI AFFOGALASINO;;;Scontro frontale/laterale DX fra veicoli in marcia;Incrocio;Una carreggiata a doppio senso;Asciutto;Asfaltata;Verticale ed orizzontale;Sereno;Normale;Buona;;1;0;0;1;12.438;41.8666;-1;1;Autovettura privata;In marcia / fermata / arresto;Conducente;M;Illeso;0;;Non accertato;Inesploso
5743431;16;14/12/2021 11:30:00;Strada Urbana;VIA DEL CASALETTO;all'intersezione con;VIA DI AFFOGALASINO;VIA DI AFFOGALASINO;;;Scontro frontale/laterale DX fra veicoli in marcia;Incrocio;Una carreggiata a doppio senso;Asciutto;Asfaltata;Verticale ed orizzontale;Sereno;Normale;Buona;;1;0;0;1;12.438;41.8666;-1;2;Motociclo a solo;In marcia / fermata / arresto;Conducente;M;Rimandato;0;NON DECEDUTO;Non accertato;
5743459;18;14/12/2021 11:45:00;Strada Urbana;VIA ANASTASIO II;in prossimità;;del civico n.;37;;Veicolo in marcia contro veicolo fermo;Rettilineo;Una carreggiata a doppio senso;Asciutto;Asfaltata;Verticale ed orizzontale;Sereno;Normale;Buona;;0;0;0;2;12.3847;41.9149;-1;1;Autovettura privata;In marcia / fermata / arresto;Conducente;F;Illeso;0;;;
5743459;18;14/12/2021 11:45:00;Strada Urbana;VIA ANASTASIO II;in prossimità;;del civico n.;37;;Veicolo in marcia contro veicolo fermo;Rettilineo;Una carreggiata a doppio senso;Asciutto;Asfaltata;Verticale ed orizzontale;Sereno;Normale;Buona;;0;0;0;2;12.3847;41.9149;-1;2;Autovettura privata;In marcia / fermata / arresto;Conducente;M;Illeso;0;;Non accertato;Inesploso
5743506;16;14/12/2021 22:30:00;;VIA DELLA MAGLIANA;in corrispondenza;;del civico n.;1135;;Veicolo in marcia contro ostacolo fisso;;;;;;;;;;0;0;0;1;12.3728;41.8216;0;1;Autovettura privata;In marcia / fermata / arresto;Conducente;M;Illeso;0;;;
5743524;18;14/12/2021 13:40:00;Strada Urbana;VIA DI BOCCEA;in prossimità;;del civico n.;587;;Scontro laterale fra veicoli in marcia;Pendenza;Una carreggiata a doppio senso;Asciutto;Asfaltata;Verticale ed orizzontale;Sereno;Normale;Buona;;0;0;0;2;12.3779;41.9182;-1;1;Autocarro inferiore 35 q.;In marcia / fermata / arresto;Conducente;M;Illeso;0;;Non accertato;Inesploso
5743524;18;14/12/2021 13:40:00;Strada Urbana;VIA DI BOCCEA;in prossimità;;del civico n.;587;;Scontro laterale fra veicoli in marcia;Pendenza;Una carreggiata a doppio senso;Asciutto;Asfaltata;Verticale ed orizzontale;Sereno;Normale;Buona;;0;0;0;2;12.3779;41.9182;-1;2;Autovettura privata;In marcia / fermata / arresto;Conducente;M;Illeso;0;;Non accertato;Inesploso
5743536;7;15/12/2021 16:00:00;Strada Urbana;VIA PRENESTINA;all'intersezione con;VIA MARISA BELLISARIO;VIA MARISA BELLISARIO;;;Scontro laterale fra veicoli in marcia;Rotatoria;Una carreggiata a senso unico di marcia;Asciutto;Asfaltata;Orizzontale;Sereno;Normale;Buona;;0;0;0;6;12.6074;41.883;-1;1;Autocarro inferiore 35 q.;In marcia / fermata / arresto;Conducente;M;Illeso;0;;;
5743536;7;15/12/2021 16:00:00;Strada Urbana;VIA PRENESTINA;all'intersezione con;VIA MARISA BELLISARIO;VIA MARISA BELLISARIO;;;Scontro laterale fra veicoli in marcia;Rotatoria;Una carreggiata a senso unico di marcia;Asciutto;Asfaltata;Orizzontale;Sereno;Normale;Buona;;0;0;0;6;12.6074;41.883;-1;1;Autocarro inferiore 35 q.;In marcia / fermata / arresto;Passeggero;M;Illeso;0;;Non accertato;Inesploso
5743536;7;15/12/2021 16:00:00;Strada Urbana;VIA PRENESTINA;all'intersezione con;VIA MARISA BELLISARIO;VIA MARISA BELLISARIO;;;Scontro laterale fra veicoli in marcia;Rotatoria;Una carreggiata a senso unico di marcia;Asciutto;Asfaltata;Orizzontale;Sereno;Normale;Buona;;0;0;0;6;12.6074;41.883;-1;1;Autocarro inferiore 35 q.;In marcia / fermata / arresto;Passeggero;M;Illeso;0;;Non accertato;Inesploso
5743536;7;15/12/2021 16:00:00;Strada Urbana;VIA PRENESTINA;all'intersezione con;VIA MARISA BELLISARIO;VIA MARISA BELLISARIO;;;Scontro laterale fra veicoli in marcia;Rotatoria;Una carreggiata a senso unico di marcia;Asciutto;Asfaltata;Orizzontale;Sereno;Normale;Buona;;0;0;0;6;12.6074;41.883;-1;1;Autocarro inferiore 35 q.;In marcia / fermata / arresto;Passeggero;M;Illeso;0;;Non accertato;Inesploso
5743536;7;15/12/2021 16:00:00;Strada Urbana;VIA PRENESTINA;all'intersezione con;VIA MARISA BELLISARIO;VIA MARISA BELLISARIO;;;Scontro laterale fra veicoli in marcia;Rotatoria;Una carreggiata a senso unico di marcia;Asciutto;Asfaltata;Orizzontale;Sereno;Normale;Buona;;0;0;0;6;12.6074;41.883;-1;2;Autovettura privata;In marcia / fermata / arresto;Conducente;M;Illeso;0;;;
5743536;7;15/12/2021 16:00:00;Strada Urbana;VIA PRENESTINA;all'intersezione con;VIA MARISA BELLISARIO;VIA MARISA BELLISARIO;;;Scontro laterale fra veicoli in marcia;Rotatoria;Una carreggiata a senso unico di marcia;Asciutto;Asfaltata;Orizzontale;Sereno;Normale;Buona;;0;0;0;6;12.6074;41.883;-1;2;Autovettura privata;In marcia / fermata / arresto;Passeggero;M;Illeso;0;;Non accertato;Inesploso
5743550;12;15/12/2021 12:30:00;Strada Urbana;VIALE BARTOLOMEO CAVACEPPI;in corrispondenza;;del civico n.;35;;Veicolo in marcia contro ostacolo accidentale;Rettilineo;Due carreggiate;Asciutto;Asfaltata;Verticale ed orizzontale;Sereno;Normale;Buona;;1;0;0;1;12.4319;41.7961;-1;1;Motociclo a solo;In marcia / fermata / arresto;Conducente;M;Rimandato;0;NON DECEDUTO;Non accertato;
5743550;12;15/12/2021 12:30:00;Strada Urbana;VIALE BARTOLOMEO CAVACEPPI;in corrispondenza;;del civico n.;35;;Veicolo in marcia contro ostacolo accidentale;Rettilineo;Due carreggiate;Asciutto;Asfaltata;Verticale ed orizzontale;Sereno;Normale;Buona;;1;0;0;1;12.4319;41.7961;-1;2;Autocarro inferiore 35 q.;Sosta;;;;;;;
5743550;12;15/12/2021 12:30:00;Strada Urbana;VIALE BARTOLOMEO CAVACEPPI;in corrispondenza;;del civico n.;35;;Veicolo in marcia contro ostacolo accidentale;Rettilineo;Due carreggiate;Asciutto;Asfaltata;Verticale ed orizzontale;Sereno;Normale;Buona;;1;0;0;1;12.4319;41.7961;-1;3;Autovettura privata;In marcia / fermata / arresto;Conducente;M;Illeso;0;;Non accertato;
5743555;18;14/12/2021 21:12:00;Strada Urbana;PIAZZA ORMEA;da specificare;;;;in prossimità dell'intersezione con via Casalotti;Scontro frontale/laterale SX fra veicoli in marcia;Rettilineo;Una carreggiata a doppio senso;Asciutto;Asfaltata;Verticale ed orizzontale;Sereno;Normale;Sufficiente;;1;0;0;1;12.3695;41.9164;-1;1;Motociclo a solo;In marcia / fermata / arresto;Conducente;M;Rimandato;0;NON DECEDUTO;Non accertato;
5743555;18;14/12/2021 21:12:00;Strada Urbana;PIAZZA ORMEA;da specificare;;;;in prossimità dell'intersezione con via Casalotti;Scontro frontale/laterale SX fra veicoli in marcia;Rettilineo;Una carreggiata a doppio senso;Asciutto;Asfaltata;Verticale ed orizzontale;Sereno;Normale;Sufficiente;;1;0;0;1;12.3695;41.9164;-1;2;Autovettura privata;In marcia / fermata / arresto;Conducente;F;Illeso;0;;Non accertato;Inesploso
5743581;5;15/12/2021 09:20:00;Strada Urbana;LARGO DOMENICO DE DOMINICIS;in prossimità;;del civico n.;8;;Tamponamento Multiplo;Rettilineo;Due carreggiate;Asciutto;Asfaltata;Verticale ed orizzontale;Sereno;Normale;Buona;;1;0;0;2;12.536;41.903;-1;1;Autovettura privata;In marcia / fermata / arresto;Conducente;M;Illeso;0;;Non accertato;Inesploso
5743581;5;15/12/2021 09:20:00;Strada Urbana;LARGO DOMENICO DE DOMINICIS;in prossimità;;del civico n.;8;;Tamponamento Multiplo;Rettilineo;Due carreggiate;Asciutto;Asfaltata;Verticale ed orizzontale;Sereno;Normale;Buona;;1;0;0;2;12.536;41.903;-1;2;Autovettura privata;In marcia / fermata / arresto;Conducente;F;Rimandato;0;NON DECEDUTO;Non accertato;Inesploso