Protocollo;Gruppo;DataOraIncidente;Localizzazione1;STRADA1;Localizzazione2;STRADA2;Strada02;Chilometrica;DaSpecificare;NaturaIncidente;particolaritastrade;TipoStrada;FondoStradale;Pavimentazione;Segnaletica;CondizioneAtmosferica;Traffico;Visibilita;Illuminazione;NUM_FERITI;NUM_RISERVATA;NUM_MORTI;NUM_ILLESI;Longitude;Latitude;Confermato;Progressivo;TipoVeicolo;StatoVeicolo;TipoPersona;Sesso;Tipolesione;Deceduto;DecedutoDopo;CinturaCascoUtilizzato;Airbag;
5744316;12;15/12/2021 14:10:00;Strada Urbana;VIA DI TOR PAGNOTTA;all'intersezione semaforizzata con;VIA GIORGIO PELOSI;VIA GIORGIO PELOSI;;;Scontro frontale/laterale SX fra veicoli in marcia;Intersezione semaforizzata;Una carreggiata a doppio senso;Asciutto;Asfaltata;Verticale ed orizzontale;Sereno;Scarso;Buona;;0;0;0;3;12.5061;41.8038;-1;1;Autovettura privata;In marcia / fermata / arresto;Conducente;F;Illeso;0;;Non accertato;Inesploso
5744316;12;15/12/2021 14:10:00;Strada Urbana;VIA DI TOR PAGNOTTA;all'intersezione semaforizzata con;VIA GIORGIO PELOSI;VIA GIORGIO PELOSI;;;Scontro frontale/laterale SX fra veicoli in marcia;Intersezione semaforizzata;Una carreggiata a doppio senso;Asciutto;Asfaltata;Verticale ed orizzontale;Sereno;Scarso;Buona;;0;0;0;3;12.5061;41.8038;-1;1;Autovettura privata;In marcia / fermata / arresto;Passeggero;F;Illeso;0;;Non accertato;Inesploso
5744316;12;15/12/2021 14:10:00;Strada Urbana;VIA DI TOR PAGNOTTA;all'intersezione semaforizzata con;VIA GIORGIO PELOSI;VIA GIORGIO PELOSI;;;Scontro frontale/laterale SX fra veicoli in marcia;Intersezione semaforizzata;Una carreggiata a doppio senso;Asciutto;Asfaltata;Verticale ed orizzontale;Sereno;Scarso;Buona;;0;0;0;3;12.5061;41.8038;-1;2;Autovettura privata;In marcia / fermata / arresto;Conducente;F;Illeso;0;;Non accertato;Inesploso
5744319;20;15/12/2021 15:30:00;Strada Urbana;VIA GIULIO GALLI;all'intersezione con;VIA GIULIO GALLI;VIA GIULIO GALLI;;;Scontro frontale/laterale SX fra veicoli in marcia;Intersezione non regolata/non segnalata;Una carreggiata a doppio senso;Asciutto;Asfaltata;Assente;Sereno;Scarso;Buona;;2;0;0;1;12.4082;41.9939;-1;1;Autovettura privata;In marcia / fermata / arresto;Conducente;M;Illeso;0;;;Inesploso
5744319;20;15/12/2021 15:30:00;Strada Urbana;VIA GIULIO GALLI;all'intersezione con;VIA GIULIO GALLI;VIA GIULIO GALLI;;;Scontro frontale/laterale SX fra veicoli in marcia;Intersezione non regolata/non segnalata;Una carreggiata a doppio senso;Asciutto;Asfaltata;Assente;Sereno;Scarso;Buona;;2;0;0;1;12.4082;41.9939;-1;2;Autovettura privata;In marcia / fermata / arresto;Conducente;M;Rimandato;0;NON DECEDUTO;Non accertato;Inesploso
5744319;20;15/12/2021 15:30:00;Strada Urbana;VIA GIULIO GALLI;all'intersezione con;VIA GIULIO GALLI;VIA GIULIO GALLI;;;Scontro frontale/laterale SX fra veicoli in marcia;Intersezione non regolata/non segnalata;Una carreggiata a doppio senso;Asciutto;Asfaltata;Assente;Sereno;Scarso;Buona;;2;0;0;1;12.4082;41.9939;-1;2;Autovettura privata;In marcia / fermata / arresto;Passeggero;M;Rimandato;0;NON DECEDUTO;Non accertato;Inesploso
5744323;1;13/12/2021 11:45:00;Strada Urbana;VIA QUINTINO SELLA;in prossimità;;del civico n.;60;;Tamponamento;Rettilineo;Una carreggiata a senso unico di marcia;Asciutto;Asfaltata;Verticale ed orizzontale;Sereno;Intenso;Buona;;1;0;0;1;12.4951;41.9082;-1;1;Autovettura privata;In marcia / fermata / arresto;Conducente;M;Illeso;0;;Non accertato;Inesploso
5744323;1;13/12/2021 11:45:00;Strada Urbana;VIA QUINTINO SELLA;in prossimità;;del civico n.;60;;Tamponamento;Rettilineo;Una carreggiata a senso unico di marcia;Asciutto;Asfaltata;Verticale ed orizzontale;Sereno;Intenso;Buona;;1;0;0;1;12.4951;41.9082;-1;2;Autovettura privata;In marcia / fermata / arresto;Conducente;M;Rifiuta cure immediate;0;NON DECEDUTO;Non accertato;Inesploso
5744340;10;15/12/2021 21:00:00;Strada Urbana;PIAZZA QUINTO CURZIO;all'intersezione con;VIA STATILIO OTTATO;VIA STATILIO OTTATO;;;Scontro frontale/laterale DX fra veicoli in marcia;Incrocio;Una carreggiata a senso unico di marcia;Asciutto;Asfaltata;Verticale ed orizzontale;Sereno;Scarso;Sufficiente;;1;0;0;1;12.5682;41.8563;-1;1;Autovettura privata;In marcia / fermata / arresto;Conducente;F;Illeso;0;;Non accertato;Inesploso
5744340;10;15/12/2021 21:00:00;Strada Urbana;PIAZZA QUINTO CURZIO;all'intersezione con;VIA STATILIO OTTATO;VIA STATILIO OTTATO;;;Scontro frontale/laterale DX fra veicoli in marcia;Incrocio;Una carreggiata a senso unico di marcia;Asciutto;Asfaltata;Verticale ed orizzontale;Sereno;Scarso;Sufficiente;;1;0;0;1;12.5682;41.8563;-1;2;Motociclo a solo;In marcia / fermata / arresto;Conducente;M;Ricoverato;0;NON DECEDUTO;Non accertato;
5744343;20;15/12/2021 19:20:00;Strada Urbana;VIA FRASSINETO;all'intersezione con;VIA CORTE FRANCA;VIA CORTE FRANCA;;;Veicolo in marcia che urta buche nella carreggiata;Incrocio;Una carreggiata a doppio senso;Asciutto;Asfaltata;Orizzontale;Sereno;Scarso;Buona;;0;0;0;1;12.4865;42;-1;1;Autovettura privata;In marcia / fermata / arresto;Conducente;M;Illeso;0;;Non accertato;Inesploso
5744344;1;15/12/2021 15:30:00;Strada Urbana;VIA DELLE TERME DI TITO;in prossimità;;del civico n.;97;;Veicolo in marcia contro veicolo in sosta;Rettilineo;Una carreggiata a senso unico di marcia;Asciutto;Asfaltata;Verticale;Sereno;Normale;Buona;;0;0;0;1;12.4934;41.8922;0;1;Autovettura privata;Sosta;;;;;;;
5744344;1;15/12/2021 15:30:00;Strada Urbana;VIA DELLE TERME DI TITO;in prossimità;;del civico n.;97;;Veicolo in marcia contro veicolo in sosta;Rettilineo;Una carreggiata a senso unico di marcia;Asciutto;Asfaltata;Verticale;Sereno;Normale;Buona;;0;0;0;1;12.4934;41.8922;0;2;Autovettura privata;In marcia / fermata / arresto;Conducente;M;Illeso;0;;Non accertato;Inesploso
5744347;4;15/12/2021 09:05:00;Strada Urbana;VIA DELLE VIGNE NUOVE;da specificare;;;;prossimità via Conti;Scontro laterale fra veicoli in marcia;Rettilineo;Una carreggiata a senso unico di marcia;Asciutto;Asfaltata;Verticale ed orizzontale;Sereno;Normale;Buona;;0;0;0;1;12.5358;41.9554;-1;1;Autovettura privata;In marcia / fermata / arresto;Conducente;M;Illeso;0;;;
5744347;4;15/12/2021 09:05:00;Strada Urbana;VIA DELLE VIGNE NUOVE;da specificare;;;;prossimità via Conti;Scontro laterale fra veicoli in marcia;Rettilineo;Una carreggiata a senso unico di marcia;Asciutto;Asfaltata;Verticale ed orizzontale;Sereno;Normale;Buona;;0;0;0;1;12.5358;41.9554;-1;2;Autovettura privata;Allontanatosi;;;;;;;
5744350;13;15/12/2021 09:40:00;Strada Urbana;VIALE DEI ROMAGNOLI;all'intersezione con;VIA GIUSEPPE FIORELLI;VIA GIUSEPPE FIORELLI;;;Scontro frontale/laterale SX fra veicoli in marcia;Incrocio;Una carreggiata a doppio senso;Asciutto;Asfaltata;Verticale ed orizzontale;Sereno;Normale;Buona;;1;0;0;1;12.3574;41.7826;-1;1;Autovettura privata;In marcia / fermata / arresto;Conducente;F;Illeso;0;;;
5744350;13;15/12/2021 09:40:00;Strada Urbana;VIALE DEI ROMAGNOLI;all'intersezione con;VIA GIUSEPPE FIORELLI;VIA GIUSEPPE FIORELLI;;;Scontro frontale/laterale SX fra veicoli in marcia;Incrocio;Una carreggiata a doppio senso;Asciutto;Asfaltata;Verticale ed orizzontale;Sereno;Normale;Buona;;1;0;0;1;12.3574;41.7826;-1;2;Motociclo a solo;In marcia / fermata / arresto;Conducente;M;Rimandato;0;NON DECEDUTO;;
5744351;20;15/12/2021 17:15:00;Strada Urbana;VIA FORNACI DI TOR DI QUINTO;all'intersezione con;VIALE DI TOR DI QUINTO;VIALE DI TOR DI QUINTO;;;Veicolo in marcia contro veicolo arresto;Incrocio;Una carreggiata a doppio senso;Asciutto;Asfaltata;Assente;Sereno;Normale;Buona;;0;0;0;5;12.4841;41.9389;-1;1;Autovettura privata;In marcia / fermata / arresto;Conducente;M;Illeso;0;;Non accertato;
5744351;20;15/12/2021 17:15:00;Strada Urbana;VIA FORNACI DI TOR DI QUINTO;all'intersezione con;VIALE DI TOR DI QUINTO;VIALE DI TOR DI QUINTO;;;Veicolo in marcia contro veicolo arresto;Incrocio;Una carreggiata a doppio senso;Asciutto;Asfaltata;Assente;Sereno;Normale;Buona;;0;0;0;5;12.4841;41.9389;-1;1;Autovettura privata;In marcia / fermata / arresto;Passeggero;M;Illeso;0;;Non accertato;
5744351;20;15/12/2021 17:15:00;Strada Urbana;VIA FORNACI DI TOR DI QUINTO;all'intersezione con;VIALE DI TOR DI QUINTO;VIALE DI TOR DI QUINTO;;;Veicolo in marcia contro veicolo arresto;Incrocio;Una carreggiata a doppio senso;Asciutto;Asfaltata;Assente;Sereno;Normale;Buona;;0;0;0;5;12.4841;41.9389;-1;1;Autovettura privata;In marcia / fermata / arresto;Passeggero;M;Illeso;0;;Non accertato;
5744351;20;15/12/2021 17:15:00;Strada Urbana;VIA FORNACI DI TOR DI QUINTO;all'intersezione con;VIALE DI TOR DI QUINTO;VIALE DI TOR DI QUINTO;;;Veicolo in marcia contro veicolo arresto;Incrocio;Una carreggiata a doppio senso;Asciutto;Asfaltata;Assente;Sereno;Normale;Buona;;0;0;0;5;12.4841;41.9389;-1;2;Autovettura privata;In marcia / fermata / arresto;Conducente;M;Illeso;0;;Non accertato;
5744351;20;15/12/2021 17:15:00;Strada Urbana;VIA FORNACI DI TOR DI QUINTO;all'intersezione con;VIALE DI TOR DI QUINTO;VIALE DI TOR DI QUINTO;;;Veicolo in marcia contro veicolo arresto;Incrocio;Una carreggiata a doppio senso;Asciutto;Asfaltata;Assente;Sereno;Normale;Buona;;0;0;0;5;12.4841;41.9389;-1;2;Autovettura privata;In marcia / fermata / arresto;Passeggero;M;Illeso;0;;Non accertato;
5744354;10;16/12/2021 03:30:00;Strada Urbana;CIRCONVALLAZIONE TUSCOLANA;all'intersezione con;VIA QUINTILIO VARO;VIA QUINTILIO VARO;;;Scontro frontale/laterale DX fra veicoli in marcia;Incrocio;Una carreggiata a senso unico di marcia;Asciutto;Asfaltata;Verticale ed orizzontale;Sereno;Scarso;Sufficiente;;0;0;0;2;12.5686;41.8515;-1;1;Autovettura privata;In marcia / fermata / arresto;Conducente;M;Illeso;0;;Non accertato;Inesploso
5744354;10;16/12/2021 03:30:00;Strada Urbana;CIRCONVALLAZIONE TUSCOLANA;all'intersezione con;VIA QUINTILIO VARO;VIA QUINTILIO VARO;;;Scontro frontale/laterale DX fra veicoli in marcia;Incrocio;Una carreggiata a senso unico di marcia;Asciutto;Asfaltata;Verticale ed orizzontale;Sereno;Scarso;Sufficiente;;0;0;0;2;12.5686;41.8515;-1;2;Autovettura privata;In marcia / fermata / arresto;Conducente;M;Illeso;0;;Non accertato;Inesploso
5744356;2;15/12/2021 14:40:00;Strada Urbana;VIA DEL FORO ITALICO;da specificare;;;;100 metri dopo uscita moschea dir. S. Giovanni;Tamponamento;Rettilineo;Più di due carreggiate;Asciutto;Asfaltata;Verticale ed orizzontale;Sereno;Normale;Buona;;2;0;0;3;12.4982;41.9405;-1;1;Autocarro inferiore 35 q.;In marcia / fermata / arresto;Conducente;M;Illeso;0;;;
5744356;2;15/12/2021 14:40:00;Strada Urbana;VIA DEL FORO ITALICO;da specificare;;;;100 metri dopo uscita moschea dir. S. Giovanni;Tamponamento;Rettilineo;Più di due carreggiate;Asciutto;Asfaltata;Verticale ed orizzontale;Sereno;Normale;Buona;;2;0;0;3;12.4982;41.9405;-1;1;Autocarro inferiore 35 q.;In marcia / fermata / arresto;Passeggero;F;Illeso;0;;;
5744356;2;15/12/2021 14:40:00;Strada Urbana;VIA DEL FORO ITALICO;da specificare;;;;100 metri dopo uscita moschea dir. S. Giovanni;Tamponamento;Rettilineo;Più di due carreggiate;Asciutto;Asfaltata;Verticale ed orizzontale;Sereno;Normale;Buona;;2;0;0;3;12.4982;41.9405;-1;1;Autocarro inferiore 35 q.;In marcia / fermata / arresto;Passeggero;F;Illeso;0;;;
5744356;2;15/12/2021 14:40:00;Strada Urbana;VIA DEL FORO ITALICO;da specificare;;;;100 metri dopo uscita moschea dir. S. Giovanni;Tamponamento;Rettilineo;Più di due carreggiate;Asciutto;Asfaltata;Verticale ed orizzontale;Sereno;Normale;Buona;;2;0;0;3;12.4982;41.9405;-1;2;Autovettura privata;In marcia / fermata / arresto;Conducente;M;Rimandato;0;NON DECEDUTO;;
5744356;2;15/12/2021 14:40:00;Strada Urbana;VIA DEL FORO ITALICO;da specificare;;;;100 metri dopo uscita moschea dir. S. Giovanni;Tamponamento;Rettilineo;Più di due carreggiate;Asciutto;Asfaltata;Verticale ed orizzontale;Sereno;Normale;Buona;;2;0;0;3;12.4982;41.9405;-1;2;Autovettura privata;In marcia / fermata / arresto;Passeggero;F;Rimandato;0;NON DECEDUTO;;
5744357;2;15/12/2021 12:40:00;Strada Urbana;PIAZZA DIGIONE;da specificare;;;;fr civ. 1;Veicolo in marcia contro veicolo fermo;Rotatoria;Una carreggiata a senso unico di marcia;Asciutto;Asfaltata;Verticale ed orizzontale;Sereno;Normale;Buona;;0;0;0;2;12.4906;41.9279;-1;1;Autovettura privata;In marcia / fermata / arresto;Conducente;M;Illeso;0;;Non accertato;Inesploso
5744357;2;15/12/2021 12:40:00;Strada Urbana;PIAZZA DIGIONE;da specificare;;;;fr civ. 1;Veicolo in marcia contro veicolo fermo;Rotatoria;Una carreggiata a senso unico di marcia;Asciutto;Asfaltata;Verticale ed orizzontale;Sereno;Normale;Buona;;0;0;0;2;12.4906;41.9279;-1;2;Autocarro inferiore 35 q.;In marcia / fermata / arresto;Conducente;M;Illeso;0;;Non accertato;Inesploso
5744359;4;15/12/2021 10:50:00;Statale entro l'abitato;VIA SALARIA;all'intersezione semaforizzata con;VIA DI CASTEL GIUBILEO;VIA DI CASTEL GIUBILEO;;;Scontro laterale fra veicoli in marcia;Intersezione semaforizzata;Due carreggiate;Asciutto;Asfaltata;Verticale;Sereno;Normale;Buona;;0;0;0;3;12.5115;41.9873;-1;1;Autovettura privata;In marcia / fermata / arresto;Conducente;M;Illeso;0;;;
5744359;4;15/12/2021 10:50:00;Statale entro l'abitato;VIA SALARIA;all'intersezione semaforizzata con;VIA DI CASTEL GIUBILEO;VIA DI CASTEL GIUBILEO;;;Scontro laterale fra veicoli in marcia;Intersezione semaforizzata;Due carreggiate;Asciutto;Asfaltata;Verticale;Sereno;Normale;Buona;;0;0;0;3;12.5115;41.9873;-1;2;Autovettura privata;In marcia / fermata / arresto;Conducente;M;Illeso;0;;;
5744359;4;15/12/2021 10:50:00;Statale entro l'abitato;VIA SALARIA;all'intersezione semaforizzata con;VIA DI CASTEL GIUBILEO;VIA DI CASTEL GIUBILEO;;;Scontro laterale fra veicoli in marcia;Intersezione semaforizzata;Due carreggiate;Asciutto;Asfaltata;Verticale;Sereno;Normale;Buona;;0;0;0;3;12.5115;41.9873;-1;3;Autovettura privata;In marcia / fermata / arresto;Conducente;M;Illeso;0;;;
5744360;17;15/12/2021 09:30:00;Strada Urbana;VIA VITTOR PISANI;in corrispondenza;;del civico n.;28;;Infortunio per sola frenata improvvisa;Rettilineo;Una carreggiata a doppio senso;Asciutto;Asfaltata;Verticale ed orizzontale;Sereno;Normale;Buona;;1;0;0;0;12.449;41.9085;-1;1;Motociclo a solo;In marcia / fermata / arresto;Conducente;M;Rimandato;0;NON DECEDUTO;;
5744362;7;16/12/2021 05:40:00;Strada Urbana;VIALE PALMIRO TOGLIATTI;in prossimità;;del civico n.;600;;Scontro frontale/laterale DX fra veicoli in marcia;Rettilineo;Una carreggiata a senso unico di marcia;Asciutto;Asfaltata;Verticale ed orizzontale;Sereno;Scarso;Buona;;0;0;0;3;12.5714;41.8768;-1;1;Autocarro inferiore 35 q.;In marcia / fermata / arresto;Conducente;M;Illeso;0;;Non accertato;Inesploso
5744362;7;16/12/2021 05:40:00;Strada Urbana;VIALE PALMIRO TOGLIATTI;in prossimità;;del civico n.;600;;Scontro frontale/laterale DX fra veicoli in marcia;Rettilineo;Una carreggiata a senso unico di marcia;Asciutto;Asfaltata;Verticale ed orizzontale;Sereno;Scarso;Buona;;0;0;0;3;12.5714;41.8768;-1;1;Autocarro inferiore 35 q.;In marcia / fermata / arresto;Passeggero;M;Illeso;0;;Non accertato;Inesploso
5744362;7;16/12/2021 05:40:00;Strada Urbana;VIALE PALMIRO TOGLIATTI;in prossimità;;del civico n.;600;;Scontro frontale/laterale DX fra veicoli in marcia;Rettilineo;Una carreggiata a senso unico di marcia;Asciutto;Asfaltata;Verticale ed orizzontale;Sereno;Scarso;Buona;;0;0;0;3;12.5714;41.8768;-1;2;Autovettura privata;In marcia / fermata / arresto;Conducente;M;Illeso;0;;Non accertato;Inesploso
5744366;15;15/12/2021 12:20:00;Strada Urbana;VIA ANTONINO LO SURDO;in corrispondenza;;del civico n.;14;;Scontro frontale/laterale SX fra veicoli in marcia;Rettilineo;Una carreggiata a senso unico di marcia;Asciutto;Asfaltata;Assente;Sereno;Normale;Buona;;1;0;0;2;12.4711;41.8633;-1;1;Motociclo a solo;In marcia / fermata / arresto;Conducente;M;Illeso;0;;Non accertato;
5744366;15;15/12/2021 12:20:00;Strada Urbana;VIA ANTONINO LO SURDO;in corrispondenza;;del civico n.;14;;Scontro frontale/laterale SX fra veicoli in marcia;Rettilineo;Una carreggiata a senso unico di marcia;Asciutto;Asfaltata;Assente;Sereno;Normale;Buona;;1;0;0;2;12.4711;41.8633;-1;1;Motociclo a solo;In marcia / fermata / arresto;Passeggero;M;Rimandato;0;NON DECEDUTO;Non accertato;
5744366;15;15/12/2021 12:20:00;Strada Urbana;VIA ANTONINO LO SURDO;in corrispondenza;;del civico n.;14;;Scontro frontale/laterale SX fra veicoli in marcia;Rettilineo;Una carreggiata a senso unico di marcia;Asciutto;Asfaltata;Assente;Sereno;Normale;Buona;;1;0;0;2;12.4711;41.8633;-1;2;Autovettura privata;In marcia / fermata / arresto;Conducente;M;Illeso;0;;Non accertato;Inesploso
5744368;1;15/12/2021 16:50:00;Strada Urbana;VIA CAVOUR;all'intersezione semaforizzata con;VIA GIOVANNI AMENDOLA;VIA GIOVANNI AMENDOLA;;;Scontro laterale fra veicoli in marcia;Intersezione semaforizzata;Una carreggiata a senso unico alternato;Asciutto;Asfaltata;Verticale ed orizzontale;Sereno;Normale;Buona;;0;0;0;1;12.4982;41.8991;-1;1;Autovettura privata;In marcia / fermata / arresto;Conducente;M;Illeso;0;;Non accertato;Inesploso
5744368;1;15/12/2021 16:50:00;Strada Urbana;VIA CAVOUR;all'intersezione semaforizzata con;VIA GIOVANNI AMENDOLA;VIA GIOVANNI AMENDOLA;;;Scontro laterale fra veicoli in marcia;Intersezione semaforizzata;Una carreggiata a senso unico alternato;Asciutto;Asfaltata;Verticale ed orizzontale;Sereno;Normale;Buona;;0;0;0;1;12.4982;41.8991;-1;2;Autobus turistico;Allontanatosi;;;;;;;
5744376;2;15/12/2021 16:30:00;Strada Urbana;VIA PANAMA;in corrispondenza;;del civico n.;13;;Tamponamento;Rettilineo;Una carreggiata a senso unico di marcia;Asciutto;Asfaltata;Verticale ed orizzontale;Sereno;Intenso;Buona;;0;0;0;2;12.4935;41.9231;-1;1;Autovettura privata;In marcia / fermata / arresto;Conducente;F;Illeso;0;;;
5744376;2;15/12/2021 16:30:00;Strada Urbana;VIA PANAMA;in corrispondenza;;del civico n.;13;;Tamponamento;Rettilineo;Una carreggiata a senso unico di marcia;Asciutto;Asfaltata;Verticale ed orizzontale;Sereno;Intenso;Buona;;0;0;0;2;12.4935;41.9231;-1;2;Autovettura privata;In marcia / fermata / arresto;Conducente;M;Illeso;0;;;
5744380;13;15/12/2021 07:45:00;;VIA CARLO ALBIZZATI;all'intersezione con;VIA BIGARELLO;VIA BIGARELLO;;;Ribaltamento senza urto contro ostacolo fisso;;;;;;;;;;0;0;0;1;;;0;1;Autovettura privata;In marcia / fermata / arresto;Conducente;M;Illeso;0;;;
5744405;15;15/12/2021 09:00:00;Strada Urbana;VIA FRANCESCO PALLAVICINI;in corrispondenza;;del civico n.;66;;Scontro frontale/laterale SX fra veicoli in marcia;Rettilineo;Una carreggiata a doppio senso;Asciutto;Asfaltata;Verticale ed orizzontale;Sereno;Normale;Sufficiente;;0;0;0;4;12.4548;41.8582;-1;1;Autovettura privata;In marcia / fermata / arresto;Conducente;M;Illeso;0;;Non accertato;Inesploso
5744405;15;15/12/2021 09:00:00;Strada Urbana;VIA FRANCESCO PALLAVICINI;in corrispondenza;;del civico n.;66;;Scontro frontale/laterale SX fra veicoli in marcia;Rettilineo;Una carreggiata a doppio senso;Asciutto;Asfaltata;Verticale ed orizzontale;Sereno;Normale;Sufficiente;;0;0;0;4;12.4548;41.8582;-1;2;Autovettura privata;In marcia / fermata / arresto;Conducente;F;Illeso;0;;Non accertato;Inesploso
5744405;15;15/12/2021 09:00:00;Strada Urbana;VIA FRANCESCO PALLAVICINI;in corrispondenza;;del civico n.;66;;Scontro frontale/laterale SX fra veicoli in marcia;Rettilineo;Una carreggiata a doppio senso;Asciutto;Asfaltata;Verticale ed orizzontale;Sereno;Normale;Sufficiente;;0;0;0;4;12.4548;41.8582;-1;2;Autovettura privata;In marcia / fermata / arresto;Passeggero;F;Illeso;0;;Non accertato;Inesploso
5744405;15;15/12/2021 09:00:00;Strada Urbana;VIA FRANCESCO PALLAVICINI;in corrispondenza;;del civico n.;66;;Scontro frontale/laterale SX fra veicoli in marcia;Rettilineo;Una carreggiata a doppio senso;Asciutto;Asfaltata;Verticale ed orizzontale;Sereno;Normale;Sufficiente;;0;0;0;4;12.4548;41.8582;-1;3;Autovettura privata;In marcia / fermata / arresto;Conducente;M;Illeso;0;;Non accertato;Inesploso
5744416;1;16/12/2021 00:20:00;Strada Urbana;VIA DEL CIRCO MASSIMO;in corrispondenza;;del civico n.;29;;Infortunio per sola frenata improvvisa;Rettilineo;Una carreggiata a doppio senso;Asciutto;Asfaltata;Verticale ed orizzontale;Sereno;Scarso;Sufficiente;;1;0;0;2;12.4863;41.8845;0;1;Autovettura privata;In marcia / fermata / arresto;Conducente;M;Illeso;0;;Non accertato;Inesploso
5744416;1;16/12/2021 00:20:00;Strada Urbana;VIA DEL CIRCO MASSIMO;in corrispondenza;;del civico n.;29;;Infortunio per sola frenata improvvisa;Rettilineo;Una carreggiata a doppio senso;Asciutto;Asfaltata;Verticale ed orizzontale;Sereno;Scarso;Sufficiente;;1;0;0;2;12.4863;41.8845;0;1;Autovettura privata;In marcia / fermata / arresto;Passeggero;M;Illeso;0;;Non accertato;Inesploso
5744416;1;16/12/2021 00:20:00;Strada Urbana;VIA DEL CIRCO MASSIMO;in corrispondenza;;del civico n.;29;;Infortunio per sola frenata improvvisa;Rettilineo;Una carreggiata a doppio senso;Asciutto;Asfaltata;Verticale ed orizzontale;Sereno;Scarso;Sufficiente;;1;0;0;2;12.4863;41.8845;0;2;Ciclomotore;In marcia / fermata / arresto;Conducente;M;Rimandato;0;NON DECEDUTO;;
5744420;13;15/12/2021 12:10:00;Strada Urbana;VIA CRISTOFORO COLOMBO;da specificare;;;;via demostene;Tamponamento;Rettilineo;Più di due carreggiate;Asciutto;Asfaltata;Verticale ed orizzontale;Sereno;Normale;Buona;;1;0;0;2;12.4115;41.7858;-1;1;Autovettura privata;In marcia / fermata / arresto;Conducente;M;Illeso;0;;Non accertato;Inesploso
5744420;13;15/12/2021 12:10:00;Strada Urbana;VIA CRISTOFORO COLOMBO;da specificare;;;;via demostene;Tamponamento;Rettilineo;Più di due carreggiate;Asciutto;Asfaltata;Verticale ed orizzontale;Sereno;Normale;Buona;;1;0;0;2;12.4115;41.7858;-1;2;Autovettura privata;In marcia / fermata / arresto;Conducente;F;Rimandato;0;NON DECEDUTO;Non accertato;Inesploso
5744420;13;15/12/2021 12:10:00;Strada Urbana;VIA CRISTOFORO COLOMBO;da specificare;;;;via demostene;Tamponamento;Rettilineo;Più di due carreggiate;Asciutto;Asfaltata;Verticale ed orizzontale;Sereno;Normale;Buona;;1;0;0;2;12.4115;41.7858;-1;2;Autovettura privata;In marcia / fermata / arresto;Passeggero;F;Illeso;0;;Non accertato;Inesploso
5744437;7;15/12/2021 07:45:00;Strada Urbana;VIA CASILINA;da specificare;;;;FRONTE CIV. 979;Scontro laterale fra veicoli in marcia;Rettilineo;Una carreggiata a doppio senso;Asciutto;Asfaltata;Verticale ed orizzontale;Sereno;Intenso;Buona;;2;0;0;2;12.6212;41.8626;-1;1;Autocarro inferiore 35 q.;In marcia / fermata / arresto;Conducente;M;Illeso;0;;Non accertato;Inesploso
5744437;7;15/12/2021 07:45:00;Strada Urbana;VIA CASILINA;da specificare;;;;FRONTE CIV. 979;Scontro laterale fra veicoli in marcia;Rettilineo;Una carreggiata a doppio senso;Asciutto;Asfaltata;Verticale ed orizzontale;Sereno;Intenso;Buona;;2;0;0;2;12.6212;41.8626;-1;2;Motociclo a solo;In marcia / fermata / arresto;Conducente;M;Ricoverato;0;NON DECEDUTO;Non accertato;
5744437;7;15/12/2021 07:45:00;Strada Urbana;VIA CASILINA;da specificare;;;;FRONTE CIV. 979;Scontro laterale fra veicoli in marcia;Rettilineo;Una carreggiata a doppio senso;Asciutto;Asfaltata;Verticale ed orizzontale;Sereno;Intenso;Buona;;2;0;0;2;12.6212;41.8626;-1;3;Autovettura privata;In marcia / fermata / arresto;Conducente;F;Rimandato;0;NON DECEDUTO;Non accertato;Inesploso
5744437;7;15/12/2021 07:45:00;Strada Urbana;VIA CASILINA;da specificare;;;;FRONTE CIV. 979;Scontro laterale fra veicoli in marcia;Rettilineo;Una carreggiata a doppio senso;Asciutto;Asfaltata;Verticale ed orizzontale;Sereno;Intenso;Buona;;2;0;0;2;12.6212;41.8626;-1;4;Autovettura privata;In marcia / fermata / arresto;Conducente;M;Illeso;0;;Non accertato;Inesploso
5744444;4;15/12/2021 17:00:00;Strada Urbana;VIA DELLE ISOLE CURZOLANE;all'intersezione con;VIA MONTE PETROSO;VIA MONTE PETROSO;;;Scontro laterale fra veicoli in marcia;Incrocio;Due carreggiate;Asciutto;Asfaltata;Verticale ed orizzontale;Sereno;Normale;Buona;;1;0;0;2;12.532;41.9488;-1;1;Autovettura privata;In marcia / fermata / arresto;Conducente;F;Illeso;0;;;
5744444;4;15/12/2021 17:00:00;Strada Urbana;VIA DELLE ISOLE CURZOLANE;all'intersezione con;VIA MONTE PETROSO;VIA MONTE PETROSO;;;Scontro laterale fra veicoli in marcia;Incrocio;Due carreggiate;Asciutto;Asfaltata;Verticale ed orizzontale;Sereno;Normale;Buona;;1;0;0;2;12.532;41.9488;-1;2;Monopattino elettrico;In marcia / fermata / arresto;Conducente;F;Illeso;0;;;
5744444;4;15/12/2021 17:00:00;Strada Urbana;VIA DELLE ISOLE CURZOLANE;all'intersezione con;VIA MONTE PETROSO;VIA MONTE PETROSO;;;Scontro laterale fra veicoli in marcia;Incrocio;Due carreggiate;Asciutto;Asfaltata;Verticale ed orizzontale;Sereno;Normale;Buona;;1;0;0;2;12.532;41.9488;-1;2;Monopattino elettrico;In marcia / fermata / arresto;Passeggero;M;Rimandato;0;NON DECEDUTO;;