Protocollo;Gruppo;DataOraIncidente;Localizzazione1;STRADA1;Localizzazione2;STRADA2;Strada02;Chilometrica;DaSpecificare;NaturaIncidente;particolaritastrade;TipoStrada;FondoStradale;Pavimentazione;Segnaletica;CondizioneAtmosferica;Traffico;Visibilita;Illuminazione;NUM_FERITI;NUM_RISERVATA;NUM_MORTI;NUM_ILLESI;Longitude;Latitude;Confermato;Progressivo;TipoVeicolo;StatoVeicolo;TipoPersona;Sesso;Tipolesione;Deceduto;DecedutoDopo;CinturaCascoUtilizzato;Airbag;
5745815;13;16/12/2021 10:15:00;Strada Urbana;VIA DI MACCHIA PALOCCO;all'intersezione con;VIA PIETRO AUDISIO;VIA PIETRO AUDISIO;;;Tamponamento;Incrocio;Una carreggiata a doppio senso;Asciutto;Asfaltata;Verticale;Sereno;Normale;Buona;;1;0;0;1;12.3416;41.7656;-1;2;Autovettura privata;In marcia / fermata / arresto;Conducente;M;Illeso;0;;;
5745826;5;16/12/2021 08:15:00;Strada Urbana;VIA TIBURTINA;da specificare;;;;prossimità via Morolo;Scontro laterale fra veicoli in marcia;Rettilineo;Due carreggiate;Asciutto;Asfaltata;Verticale ed orizzontale;Sereno;Normale;Buona;;0;0;0;2;12.6189;41.9374;-1;1;Autovettura privata;In marcia / fermata / arresto;Conducente;M;Illeso;0;;Non accertato;
5745826;5;16/12/2021 08:15:00;Strada Urbana;VIA TIBURTINA;da specificare;;;;prossimità via Morolo;Scontro laterale fra veicoli in marcia;Rettilineo;Due carreggiate;Asciutto;Asfaltata;Verticale ed orizzontale;Sereno;Normale;Buona;;0;0;0;2;12.6189;41.9374;-1;1;Autovettura privata;In marcia / fermata / arresto;Passeggero;M;Illeso;0;;Non accertato;
5745826;5;16/12/2021 08:15:00;Strada Urbana;VIA TIBURTINA;da specificare;;;;prossimità via Morolo;Scontro laterale fra veicoli in marcia;Rettilineo;Due carreggiate;Asciutto;Asfaltata;Verticale ed orizzontale;Sereno;Normale;Buona;;0;0;0;2;12.6189;41.9374;-1;2;Autocarro inferiore 35 q.;Allontanatosi;;;;;;;
5745830;9;16/12/2021 22:00:00;Strada Urbana;VIA TUSCOLANA;all'intersezione con;VIA ROCCA DI PAPA;VIA ROCCA DI PAPA;;;Scontro frontale/laterale DX fra veicoli in marcia;Intersezione stradale segnalata;Due carreggiate;Asciutto;Asfaltata;Verticale ed orizzontale;Sereno;Scarso;Buona;;1;0;0;1;12.536;41.8703;-1;1;Autovettura privata;In marcia / fermata / arresto;Conducente;M;Ricoverato;0;NON DECEDUTO;Non accertato;Esploso
5745830;9;16/12/2021 22:00:00;Strada Urbana;VIA TUSCOLANA;all'intersezione con;VIA ROCCA DI PAPA;VIA ROCCA DI PAPA;;;Scontro frontale/laterale DX fra veicoli in marcia;Intersezione stradale segnalata;Due carreggiate;Asciutto;Asfaltata;Verticale ed orizzontale;Sereno;Scarso;Buona;;1;0;0;1;12.536;41.8703;-1;2;Autovettura privata;In marcia / fermata / arresto;Conducente;M;Illeso;0;;Non accertato;Esploso
5745832;13;16/12/2021 12:15:00;Strada Urbana;VIA ERMANNO WOLF FERRARI;all'intersezione con;VIA ALBERTO FRANCHETTI;VIA ALBERTO FRANCHETTI;;;Scontro frontale/laterale SX fra veicoli in marcia;Incrocio;Una carreggiata a doppio senso;Asciutto;Asfaltata;Assente;Sereno;Intenso;Sufficiente;;1;0;0;1;12.371;41.754;-1;1;Motociclo a solo;In marcia / fermata / arresto;Conducente;M;Rimandato;0;NON DECEDUTO;;
5745832;13;16/12/2021 12:15:00;Strada Urbana;VIA ERMANNO WOLF FERRARI;all'intersezione con;VIA ALBERTO FRANCHETTI;VIA ALBERTO FRANCHETTI;;;Scontro frontale/laterale SX fra veicoli in marcia;Incrocio;Una carreggiata a doppio senso;Asciutto;Asfaltata;Assente;Sereno;Intenso;Sufficiente;;1;0;0;1;12.371;41.754;-1;2;Autovettura privata;In marcia / fermata / arresto;Conducente;F;Illeso;0;;;
5745833;17;16/12/2021 07:30:00;Strada Urbana;VIALE DELLE MEDAGLIE D'ORO;all'intersezione semaforizzata con;VIA LUIGI RIZZO;VIA LUIGI RIZZO;;;Investimento di pedone;Intersezione semaforizzata;Una carreggiata a doppio senso;Asciutto;Asfaltata;Verticale ed orizzontale;Sereno;Normale;Buona;;1;0;0;1;12.4474;41.9101;-1;;;;Pedone;F;Rimandato;0;NON DECEDUTO;;
5745833;17;16/12/2021 07:30:00;Strada Urbana;VIALE DELLE MEDAGLIE D'ORO;all'intersezione semaforizzata con;VIA LUIGI RIZZO;VIA LUIGI RIZZO;;;Investimento di pedone;Intersezione semaforizzata;Una carreggiata a doppio senso;Asciutto;Asfaltata;Verticale ed orizzontale;Sereno;Normale;Buona;;1;0;0;1;12.4474;41.9101;-1;1;Autovettura privata;In marcia / fermata / arresto;Conducente;M;Illeso;0;;;
5745836;5;16/12/2021 16:15:00;Strada Urbana;LARGO DOMENICO DE DOMINICIS;in prossimità;;del civico n.;8;;Veicolo in marcia che urta buche nella carreggiata;Rettilineo;Una carreggiata a senso unico di marcia;Asciutto;Asfaltata;Orizzontale;Sereno;Normale;Buona;;0;0;0;1;12.536;41.903;-1;1;Motociclo a solo;In marcia / fermata / arresto;Conducente;M;Illeso;0;;Non accertato;
5745847;13;16/12/2021 14:10:00;Strada Urbana;VIA BRENTONICO;all'intersezione con;VIA VANDOIES;VIA VANDOIES;;;Scontro frontale/laterale DX fra veicoli in marcia;Incrocio;Una carreggiata a doppio senso;Asciutto;Asfaltata;Orizzontale;Sereno;Normale;Buona;;0;0;0;5;12.3826;41.7329;-1;1;Autovettura privata;In marcia / fermata / arresto;Conducente;M;Illeso;0;;;
5745847;13;16/12/2021 14:10:00;Strada Urbana;VIA BRENTONICO;all'intersezione con;VIA VANDOIES;VIA VANDOIES;;;Scontro frontale/laterale DX fra veicoli in marcia;Incrocio;Una carreggiata a doppio senso;Asciutto;Asfaltata;Orizzontale;Sereno;Normale;Buona;;0;0;0;5;12.3826;41.7329;-1;1;Autovettura privata;In marcia / fermata / arresto;Passeggero;M;Illeso;0;;;
5745847;13;16/12/2021 14:10:00;Strada Urbana;VIA BRENTONICO;all'intersezione con;VIA VANDOIES;VIA VANDOIES;;;Scontro frontale/laterale DX fra veicoli in marcia;Incrocio;Una carreggiata a doppio senso;Asciutto;Asfaltata;Orizzontale;Sereno;Normale;Buona;;0;0;0;5;12.3826;41.7329;-1;2;Autovettura privata;In marcia / fermata / arresto;Conducente;M;Illeso;0;;;
5745847;13;16/12/2021 14:10:00;Strada Urbana;VIA BRENTONICO;all'intersezione con;VIA VANDOIES;VIA VANDOIES;;;Scontro frontale/laterale DX fra veicoli in marcia;Incrocio;Una carreggiata a doppio senso;Asciutto;Asfaltata;Orizzontale;Sereno;Normale;Buona;;0;0;0;5;12.3826;41.7329;-1;2;Autovettura privata;In marcia / fermata / arresto;Passeggero;M;Illeso;0;;;
5745855;5;16/12/2021 17:50:00;Strada Urbana;VIA CORINALDO;all'intersezione con;VIA CAGLI;VIA CAGLI;;;Scontro frontale/laterale DX fra veicoli in marcia;Incrocio;Una carreggiata a senso unico di marcia;Asciutto;Asfaltata;Verticale;Sereno;Scarso;Buona;;1;0;0;1;12.5846;41.937;-1;1;Autovettura privata;In marcia / fermata / arresto;Conducente;F;Rimandato;0;NON DECEDUTO;Non accertato;Esploso
5745855;5;16/12/2021 17:50:00;Strada Urbana;VIA CORINALDO;all'intersezione con;VIA CAGLI;VIA CAGLI;;;Scontro frontale/laterale DX fra veicoli in marcia;Incrocio;Una carreggiata a senso unico di marcia;Asciutto;Asfaltata;Verticale;Sereno;Scarso;Buona;;1;0;0;1;12.5846;41.937;-1;2;Autovettura privata;In marcia / fermata / arresto;Conducente;F;Illeso;0;;Non accertato;Esploso
5745856;4;16/12/2021 08:15:00;Strada Urbana;VIA CAVRIGLIA;da specificare;;;;prossimità via Prati Fiscali;Scontro laterale fra veicoli in marcia;Rettilineo;Una carreggiata a doppio senso;Asciutto;Asfaltata;Verticale ed orizzontale;Sereno;Intenso;Buona;;0;0;0;2;12.5155;41.9476;-1;1;Autovettura privata;In marcia / fermata / arresto;Conducente;F;Illeso;0;;;
5745856;4;16/12/2021 08:15:00;Strada Urbana;VIA CAVRIGLIA;da specificare;;;;prossimità via Prati Fiscali;Scontro laterale fra veicoli in marcia;Rettilineo;Una carreggiata a doppio senso;Asciutto;Asfaltata;Verticale ed orizzontale;Sereno;Intenso;Buona;;0;0;0;2;12.5155;41.9476;-1;2;Autocarro inferiore 35 q.;In marcia / fermata / arresto;Conducente;F;Illeso;0;;;
5745857;1;16/12/2021 20:30:00;Strada Urbana;VIALE MANZONI;all'intersezione semaforizzata con;VIA DI S. CROCE IN GERUSALEMME;VIA DI S. CROCE IN GERUSALEMME;;;Scontro laterale fra veicoli in marcia;Intersezione semaforizzata;Una carreggiata a doppio senso;Asciutto;Asfaltata;Verticale ed orizzontale;Sereno;Scarso;Buona;;0;0;0;3;12.5079;41.8913;-1;1;Autovettura privata;In marcia / fermata / arresto;Conducente;M;Illeso;0;;;
5745857;1;16/12/2021 20:30:00;Strada Urbana;VIALE MANZONI;all'intersezione semaforizzata con;VIA DI S. CROCE IN GERUSALEMME;VIA DI S. CROCE IN GERUSALEMME;;;Scontro laterale fra veicoli in marcia;Intersezione semaforizzata;Una carreggiata a doppio senso;Asciutto;Asfaltata;Verticale ed orizzontale;Sereno;Scarso;Buona;;0;0;0;3;12.5079;41.8913;-1;1;Autovettura privata;In marcia / fermata / arresto;Passeggero;M;Illeso;0;;;
5745857;1;16/12/2021 20:30:00;Strada Urbana;VIALE MANZONI;all'intersezione semaforizzata con;VIA DI S. CROCE IN GERUSALEMME;VIA DI S. CROCE IN GERUSALEMME;;;Scontro laterale fra veicoli in marcia;Intersezione semaforizzata;Una carreggiata a doppio senso;Asciutto;Asfaltata;Verticale ed orizzontale;Sereno;Scarso;Buona;;0;0;0;3;12.5079;41.8913;-1;2;Autovettura privata;In marcia / fermata / arresto;Conducente;M;Illeso;0;;;
5745862;13;16/12/2021 14:30:00;Strada Urbana;PIAZZA ALBERTO ALESSIO;all'intersezione con;VIA GIUSEPPE ANDRE';VIA GIUSEPPE ANDRE';;;Scontro frontale/laterale DX fra veicoli in marcia;Incrocio;Una carreggiata a doppio senso;Asciutto;Asfaltata;Verticale ed orizzontale;Sereno;Normale;Buona;;0;0;0;3;12.2942;41.7296;-1;1;Autovettura privata;In marcia / fermata / arresto;Conducente;F;Illeso;0;;;
5745862;13;16/12/2021 14:30:00;Strada Urbana;PIAZZA ALBERTO ALESSIO;all'intersezione con;VIA GIUSEPPE ANDRE';VIA GIUSEPPE ANDRE';;;Scontro frontale/laterale DX fra veicoli in marcia;Incrocio;Una carreggiata a doppio senso;Asciutto;Asfaltata;Verticale ed orizzontale;Sereno;Normale;Buona;;0;0;0;3;12.2942;41.7296;-1;2;Autovettura privata;In marcia / fermata / arresto;Conducente;M;Illeso;0;;;
5745862;13;16/12/2021 14:30:00;Strada Urbana;PIAZZA ALBERTO ALESSIO;all'intersezione con;VIA GIUSEPPE ANDRE';VIA GIUSEPPE ANDRE';;;Scontro frontale/laterale DX fra veicoli in marcia;Incrocio;Una carreggiata a doppio senso;Asciutto;Asfaltata;Verticale ed orizzontale;Sereno;Normale;Buona;;0;0;0;3;12.2942;41.7296;-1;2;Autovettura privata;In marcia / fermata / arresto;Passeggero;F;Illeso;0;;;
5745865;9;16/12/2021 20:35:00;Strada Urbana;VIA MUZIO SCEVOLA;all'intersezione con;VIA CAMILLA;VIA CAMILLA;;;Infortunio per sola frenata improvvisa;Incrocio;Una carreggiata a senso unico di marcia;Asciutto;Asfaltata;Verticale ed orizzontale;Sereno;Normale;Buona;;1;0;0;1;12.5268;41.8748;-1;1;Motociclo a solo;In marcia / fermata / arresto;Conducente;M;Rimandato;0;NON DECEDUTO;Non accertato;
5745865;9;16/12/2021 20:35:00;Strada Urbana;VIA MUZIO SCEVOLA;all'intersezione con;VIA CAMILLA;VIA CAMILLA;;;Infortunio per sola frenata improvvisa;Incrocio;Una carreggiata a senso unico di marcia;Asciutto;Asfaltata;Verticale ed orizzontale;Sereno;Normale;Buona;;1;0;0;1;12.5268;41.8748;-1;2;Velocipede;In marcia / fermata / arresto;Conducente;M;Illeso;0;;Esente;
5745867;13;16/12/2021 16:50:00;Strada Urbana;VIA DELLE GONDOLE;all'intersezione con;VIALE DEI ROMAGNOLI;VIALE DEI ROMAGNOLI;;;Scontro laterale fra veicoli in marcia;Incrocio;Due carreggiate;Asciutto;Asfaltata;Verticale ed orizzontale;Sereno;Normale;Buona;;0;0;0;2;12.2796;41.7344;-1;1;Autovettura privata;In marcia / fermata / arresto;Conducente;M;Illeso;0;;;
5745867;13;16/12/2021 16:50:00;Strada Urbana;VIA DELLE GONDOLE;all'intersezione con;VIALE DEI ROMAGNOLI;VIALE DEI ROMAGNOLI;;;Scontro laterale fra veicoli in marcia;Incrocio;Due carreggiate;Asciutto;Asfaltata;Verticale ed orizzontale;Sereno;Normale;Buona;;0;0;0;2;12.2796;41.7344;-1;3;Autovettura privata;In marcia / fermata / arresto;Conducente;M;Illeso;0;;;
5745878;13;16/12/2021 17:30:00;;VIA MAR ROSSO;in corrispondenza;;del civico n.;63;;Veicolo in marcia contro veicolo fermo;;;;;;;;;;0;0;0;3;;;0;;;;Pedone;M;Illeso;0;;;
5745878;13;16/12/2021 17:30:00;;VIA MAR ROSSO;in corrispondenza;;del civico n.;63;;Veicolo in marcia contro veicolo fermo;;;;;;;;;;0;0;0;3;;;0;1;Autovettura privata;In marcia / fermata / arresto;Conducente;M;Illeso;0;;;
5745878;13;16/12/2021 17:30:00;;VIA MAR ROSSO;in corrispondenza;;del civico n.;63;;Veicolo in marcia contro veicolo fermo;;;;;;;;;;0;0;0;3;;;0;1;Autovettura privata;In marcia / fermata / arresto;Passeggero;F;Illeso;0;;;
5745880;5;16/12/2021 17:40:00;Strada Urbana;VIA DI PIETRALATA;in prossimità;;del civico n.;509;;Investimento di pedone;Rettilineo;Una carreggiata a doppio senso;Asciutto;Asfaltata;Verticale ed orizzontale;Sereno;Normale;Buona;;4;0;0;0;12.5555;41.9167;-1;;;;Pedone;M;Rimandato;0;NON DECEDUTO;;
5745880;5;16/12/2021 17:40:00;Strada Urbana;VIA DI PIETRALATA;in prossimità;;del civico n.;509;;Investimento di pedone;Rettilineo;Una carreggiata a doppio senso;Asciutto;Asfaltata;Verticale ed orizzontale;Sereno;Normale;Buona;;4;0;0;0;12.5555;41.9167;-1;;;;Pedone;F;Rimandato;0;NON DECEDUTO;;
5745880;5;16/12/2021 17:40:00;Strada Urbana;VIA DI PIETRALATA;in prossimità;;del civico n.;509;;Investimento di pedone;Rettilineo;Una carreggiata a doppio senso;Asciutto;Asfaltata;Verticale ed orizzontale;Sereno;Normale;Buona;;4;0;0;0;12.5555;41.9167;-1;;;;Pedone;F;Rimandato;0;NON DECEDUTO;;
5745880;5;16/12/2021 17:40:00;Strada Urbana;VIA DI PIETRALATA;in prossimità;;del civico n.;509;;Investimento di pedone;Rettilineo;Una carreggiata a doppio senso;Asciutto;Asfaltata;Verticale ed orizzontale;Sereno;Normale;Buona;;4;0;0;0;12.5555;41.9167;-1;1;Motociclo a solo;In marcia / fermata / arresto;Conducente;M;Rimandato;0;NON DECEDUTO;Non accertato;
5745881;13;16/12/2021 18:40:00;Strada Urbana;LARGO CESIDIO DA FOSSA;all'intersezione con;VIA SABATINO DE URSIS;VIA SABATINO DE URSIS;;;Scontro laterale fra veicoli in marcia;Incrocio;Una carreggiata a doppio senso;Asciutto;Asfaltata;Orizzontale;Sereno;Scarso;Buona;;0;0;0;2;12.3532;41.7819;-1;1;Autovettura privata;In marcia / fermata / arresto;Conducente;M;Illeso;0;;;
5745881;13;16/12/2021 18:40:00;Strada Urbana;LARGO CESIDIO DA FOSSA;all'intersezione con;VIA SABATINO DE URSIS;VIA SABATINO DE URSIS;;;Scontro laterale fra veicoli in marcia;Incrocio;Una carreggiata a doppio senso;Asciutto;Asfaltata;Orizzontale;Sereno;Scarso;Buona;;0;0;0;2;12.3532;41.7819;-1;2;Autovettura privata;In marcia / fermata / arresto;Conducente;M;Illeso;0;;;
5745886;13;16/12/2021 20:00:00;Provinciale entro l'abitato;VIA DEL MARE;in corrispondenza;;della chilometrica;23.8;;Tamponamento Multiplo;Rettilineo;Una carreggiata a doppio senso;Asciutto;Asfaltata;Orizzontale;Sereno;Normale;Sufficiente;;0;0;0;7;12.2869;41.7441;-1;1;Autovettura privata;In marcia / fermata / arresto;Conducente;M;Illeso;0;;Non accertato;Inesploso
5745886;13;16/12/2021 20:00:00;Provinciale entro l'abitato;VIA DEL MARE;in corrispondenza;;della chilometrica;23.8;;Tamponamento Multiplo;Rettilineo;Una carreggiata a doppio senso;Asciutto;Asfaltata;Orizzontale;Sereno;Normale;Sufficiente;;0;0;0;7;12.2869;41.7441;-1;1;Autovettura privata;In marcia / fermata / arresto;Passeggero;F;Illeso;0;;Non accertato;Inesploso
5745886;13;16/12/2021 20:00:00;Provinciale entro l'abitato;VIA DEL MARE;in corrispondenza;;della chilometrica;23.8;;Tamponamento Multiplo;Rettilineo;Una carreggiata a doppio senso;Asciutto;Asfaltata;Orizzontale;Sereno;Normale;Sufficiente;;0;0;0;7;12.2869;41.7441;-1;1;Autovettura privata;In marcia / fermata / arresto;Passeggero;M;Illeso;0;;Non accertato;Inesploso
5745886;13;16/12/2021 20:00:00;Provinciale entro l'abitato;VIA DEL MARE;in corrispondenza;;della chilometrica;23.8;;Tamponamento Multiplo;Rettilineo;Una carreggiata a doppio senso;Asciutto;Asfaltata;Orizzontale;Sereno;Normale;Sufficiente;;0;0;0;7;12.2869;41.7441;-1;2;Autovettura privata;In marcia / fermata / arresto;Conducente;M;Illeso;0;;Non accertato;Inesploso
5745886;13;16/12/2021 20:00:00;Provinciale entro l'abitato;VIA DEL MARE;in corrispondenza;;della chilometrica;23.8;;Tamponamento Multiplo;Rettilineo;Una carreggiata a doppio senso;Asciutto;Asfaltata;Orizzontale;Sereno;Normale;Sufficiente;;0;0;0;7;12.2869;41.7441;-1;3;Autovettura privata;In marcia / fermata / arresto;Conducente;F;Illeso;0;;;
5745886;13;16/12/2021 20:00:00;Provinciale entro l'abitato;VIA DEL MARE;in corrispondenza;;della chilometrica;23.8;;Tamponamento Multiplo;Rettilineo;Una carreggiata a doppio senso;Asciutto;Asfaltata;Orizzontale;Sereno;Normale;Sufficiente;;0;0;0;7;12.2869;41.7441;-1;3;Autovettura privata;In marcia / fermata / arresto;Passeggero;F;Illeso;0;;Non accertato;Inesploso
5745886;13;16/12/2021 20:00:00;Provinciale entro l'abitato;VIA DEL MARE;in corrispondenza;;della chilometrica;23.8;;Tamponamento Multiplo;Rettilineo;Una carreggiata a doppio senso;Asciutto;Asfaltata;Orizzontale;Sereno;Normale;Sufficiente;;0;0;0;7;12.2869;41.7441;-1;3;Autovettura privata;In marcia / fermata / arresto;Passeggero;F;Illeso;0;;;Inesploso
5745890;6;16/12/2021 19:45:00;Strada Urbana;PIAZZALE PRENESTINO;in prossimità;;del civico n.;46;;Tamponamento;Rettilineo;Più di due carreggiate;Asciutto;Asfaltata;Verticale ed orizzontale;Sereno;Intenso;Buona;;0;0;0;3;12.526;41.8907;-1;1;Autovettura privata;In marcia / fermata / arresto;Conducente;M;Illeso;0;;Non accertato;Inesploso
5745890;6;16/12/2021 19:45:00;Strada Urbana;PIAZZALE PRENESTINO;in prossimità;;del civico n.;46;;Tamponamento;Rettilineo;Più di due carreggiate;Asciutto;Asfaltata;Verticale ed orizzontale;Sereno;Intenso;Buona;;0;0;0;3;12.526;41.8907;-1;2;Autovettura privata;In marcia / fermata / arresto;Conducente;M;Illeso;0;;;
5745890;6;16/12/2021 19:45:00;Strada Urbana;PIAZZALE PRENESTINO;in prossimità;;del civico n.;46;;Tamponamento;Rettilineo;Più di due carreggiate;Asciutto;Asfaltata;Verticale ed orizzontale;Sereno;Intenso;Buona;;0;0;0;3;12.526;41.8907;-1;2;Autovettura privata;In marcia / fermata / arresto;Passeggero;F;Illeso;0;;;
5745891;5;16/12/2021 19:54:00;Strada Urbana;VIA UMBERTO PARTINI;in corrispondenza;;del civico n.;22;;Veicolo in marcia contro veicolo in sosta;Rettilineo;Una carreggiata a doppio senso;Asciutto;Asfaltata;Assente;Sereno;Scarso;Sufficiente;;0;0;0;0;12.5346;41.904;-1;1;Autovettura privata;Allontanatosi;;;;;;;
5745891;5;16/12/2021 19:54:00;Strada Urbana;VIA UMBERTO PARTINI;in corrispondenza;;del civico n.;22;;Veicolo in marcia contro veicolo in sosta;Rettilineo;Una carreggiata a doppio senso;Asciutto;Asfaltata;Assente;Sereno;Scarso;Sufficiente;;0;0;0;0;12.5346;41.904;-1;2;Autovettura privata;Sosta;;;;;;;
5745892;13;16/12/2021 21:00:00;Strada Urbana;VIA DI ACILIA;all'intersezione con;PIAZZA S. LEONARDO DA PORTO MAURIZIO;PIAZZA S. LEONARDO DA PORTO MAURIZIO;;;Scontro laterale fra veicoli in marcia;Incrocio;Una carreggiata a doppio senso;Asciutto;Asfaltata;Verticale ed orizzontale;Sereno;Normale;Sufficiente;;1;0;0;1;12.3714;41.7737;-1;1;Autovettura privata;In marcia / fermata / arresto;Conducente;M;Illeso;0;;;
5745892;13;16/12/2021 21:00:00;Strada Urbana;VIA DI ACILIA;all'intersezione con;PIAZZA S. LEONARDO DA PORTO MAURIZIO;PIAZZA S. LEONARDO DA PORTO MAURIZIO;;;Scontro laterale fra veicoli in marcia;Incrocio;Una carreggiata a doppio senso;Asciutto;Asfaltata;Verticale ed orizzontale;Sereno;Normale;Sufficiente;;1;0;0;1;12.3714;41.7737;-1;2;Motociclo a solo;In marcia / fermata / arresto;Conducente;M;Rimandato;0;NON DECEDUTO;Non accertato;
5745895;19;15/12/2021 16:45:00;Strada Urbana;VIA VINCENZO AMBROSIO;in prossimità;;del civico n.;11;;Veicolo in marcia contro veicoli in sosta;Rettilineo;Una carreggiata a senso unico di marcia;Asciutto;Asfaltata;Assente;Sereno;Scarso;Buona;;0;0;0;0;12.4407;41.9254;-1;1;Autovettura privata;Sosta;;;;;;;
5745895;19;15/12/2021 16:45:00;Strada Urbana;VIA VINCENZO AMBROSIO;in prossimità;;del civico n.;11;;Veicolo in marcia contro veicoli in sosta;Rettilineo;Una carreggiata a senso unico di marcia;Asciutto;Asfaltata;Assente;Sereno;Scarso;Buona;;0;0;0;0;12.4407;41.9254;-1;2;Autovettura privata;Sosta;;;;;;;
5745896;12;16/12/2021 07:30:00;Provinciale;VIA LAURENTINA;in prossimità;;della chilometrica;17;;Veicolo in marcia contro animale;Rettilineo;Una carreggiata a doppio senso;Asciutto;Asfaltata;Verticale ed orizzontale;Sereno;Normale;Buona;;0;0;0;1;12.4856;41.8103;-1;1;Autovettura privata;In marcia / fermata / arresto;Conducente;M;Illeso;0;;;Inesploso
5745897;8;16/12/2021 15:20:00;Strada Urbana;VIA DELLA FONTANA DEL FINOCCHIO;all'intersezione con;VIA DEL CORVIO;VIA DEL CORVIO;;;Scontro frontale/laterale SX fra veicoli in marcia;Incrocio;Una carreggiata a doppio senso;Asciutto;Asfaltata;Verticale;Sereno;Normale;Buona;;1;0;0;1;12.6893;41.8554;-1;1;Autovettura privata;In marcia / fermata / arresto;Conducente;M;Illeso;0;;Non accertato;Inesploso
5745897;8;16/12/2021 15:20:00;Strada Urbana;VIA DELLA FONTANA DEL FINOCCHIO;all'intersezione con;VIA DEL CORVIO;VIA DEL CORVIO;;;Scontro frontale/laterale SX fra veicoli in marcia;Incrocio;Una carreggiata a doppio senso;Asciutto;Asfaltata;Verticale;Sereno;Normale;Buona;;1;0;0;1;12.6893;41.8554;-1;2;Autovettura privata;In marcia / fermata / arresto;Conducente;M;Rifiuta cure immediate;0;NON DECEDUTO;Non accertato;Inesploso
5745902;8;16/12/2021 07:50:00;Strada Urbana;VIA TAURANO;in prossimità;;del civico n.;6;;Veicolo in marcia contro veicolo arresto;Rettilineo;Una carreggiata a senso unico di marcia;Asciutto;Asfaltata;Assente;Sereno;Scarso;Buona;;0;0;0;2;12.6341;41.8923;-1;1;Autovettura privata;In marcia / fermata / arresto;Conducente;M;Illeso;0;;;
5745902;8;16/12/2021 07:50:00;Strada Urbana;VIA TAURANO;in prossimità;;del civico n.;6;;Veicolo in marcia contro veicolo arresto;Rettilineo;Una carreggiata a senso unico di marcia;Asciutto;Asfaltata;Assente;Sereno;Scarso;Buona;;0;0;0;2;12.6341;41.8923;-1;2;Autovettura privata;In marcia / fermata / arresto;Conducente;M;Illeso;0;;;
5745910;8;16/12/2021 10:00:00;Strada Urbana;VIA DI TOR VERGATA;all'intersezione semaforizzata con;VIA MARCELLO ALESSIO;VIA MARCELLO ALESSIO;;;Veicolo in marcia contro ostacolo fisso;Incrocio;Due carreggiate;Asciutto;Asfaltata;Verticale ed orizzontale;Sereno;Normale;Buona;;0;0;0;1;12.6226;41.8468;-1;1;Autovettura privata;In marcia / fermata / arresto;Conducente;M;Illeso;0;;;
5745916;8;16/12/2021 09:30:00;Strada Urbana;VIA DI PRATOLUNGO CASILINO;in prossimità;;del civico n.;53;;Tamponamento;Rettilineo;Una carreggiata a doppio senso;Asciutto;Asfaltata;Assente;Sereno;Scarso;Buona;;0;0;0;1;12.6623;41.8887;-1;1;Autovettura privata;In marcia / fermata / arresto;Conducente;F;Illeso;0;;Non accertato;Inesploso
5745916;8;16/12/2021 09:30:00;Strada Urbana;VIA DI PRATOLUNGO CASILINO;in prossimità;;del civico n.;53;;Tamponamento;Rettilineo;Una carreggiata a doppio senso;Asciutto;Asfaltata;Assente;Sereno;Scarso;Buona;;0;0;0;1;12.6623;41.8887;-1;2;Autovettura privata;In marcia / fermata / arresto;;;;;;;
5745919;8;16/12/2021 14:50:00;Strada Urbana;VIA PRENESTINA;in prossimità;;del civico n.;1188;;Tamponamento;Rettilineo;Una carreggiata a doppio senso;Asciutto;Asfaltata;Orizzontale;Sereno;Normale;Buona;;1;0;0;1;12.6269;41.8926;-1;1;Autovettura privata;In marcia / fermata / arresto;Conducente;M;Rifiuta cure immediate;0;NON DECEDUTO;;
5745919;8;16/12/2021 14:50:00;Strada Urbana;VIA PRENESTINA;in prossimità;;del civico n.;1188;;Tamponamento;Rettilineo;Una carreggiata a doppio senso;Asciutto;Asfaltata;Orizzontale;Sereno;Normale;Buona;;1;0;0;1;12.6269;41.8926;-1;2;Autovettura privata;In marcia / fermata / arresto;Conducente;M;Illeso;0;;;
5745922;8;16/12/2021 13:15:00;Strada Urbana;VIA CAMPOFIORITO;all'intersezione con;VIA SERRADIFALCO;VIA SERRADIFALCO;;;Scontro frontale/laterale SX fra veicoli in marcia;Intersezione stradale segnalata;Una carreggiata a senso unico di marcia;Asciutto;Asfaltata;Verticale ed orizzontale;Sereno;Normale;Buona;;2;0;0;0;12.6938;41.8646;-1;1;Autovettura privata;In marcia / fermata / arresto;Conducente;M;Ricoverato;0;NON DECEDUTO;Non accertato;Inesploso
5745922;8;16/12/2021 13:15:00;Strada Urbana;VIA CAMPOFIORITO;all'intersezione con;VIA SERRADIFALCO;VIA SERRADIFALCO;;;Scontro frontale/laterale SX fra veicoli in marcia;Intersezione stradale segnalata;Una carreggiata a senso unico di marcia;Asciutto;Asfaltata;Verticale ed orizzontale;Sereno;Normale;Buona;;2;0;0;0;12.6938;41.8646;-1;2;Autovettura privata;In marcia / fermata / arresto;Conducente;M;Rifiuta cure immediate;0;NON DECEDUTO;Non accertato;Inesploso
5745928;8;16/12/2021 16:15:00;Strada Urbana;VIA CASILINA;in prossimità;;del civico n.;1200;;Scontro laterale fra veicoli in marcia;Rettilineo;Una carreggiata a doppio senso;Asciutto;Asfaltata;Verticale;Sereno;Normale;Sufficiente;;0;0;0;2;12.6031;41.8649;-1;1;Autovettura privata;In marcia / fermata / arresto;Conducente;M;Illeso;0;;;
5745928;8;16/12/2021 16:15:00;Strada Urbana;VIA CASILINA;in prossimità;;del civico n.;1200;;Scontro laterale fra veicoli in marcia;Rettilineo;Una carreggiata a doppio senso;Asciutto;Asfaltata;Verticale;Sereno;Normale;Sufficiente;;0;0;0;2;12.6031;41.8649;-1;2;Autovettura privata;In marcia / fermata / arresto;Conducente;M;Illeso;0;;;