Protocollo;Gruppo;DataOraIncidente;Localizzazione1;STRADA1;Localizzazione2;STRADA2;Strada02;Chilometrica;DaSpecificare;NaturaIncidente;particolaritastrade;TipoStrada;FondoStradale;Pavimentazione;Segnaletica;CondizioneAtmosferica;Traffico;Visibilita;Illuminazione;NUM_FERITI;NUM_RISERVATA;NUM_MORTI;NUM_ILLESI;Longitude;Latitude;Confermato;Progressivo;TipoVeicolo;StatoVeicolo;TipoPersona;Sesso;Tipolesione;Deceduto;DecedutoDopo;CinturaCascoUtilizzato;Airbag;
5756421;11;23/12/2021 13:00:00;Strada Urbana;VIALE ERMINIO SPALLA;all'intersezione con;VIA DI GROTTA PERFETTA;VIA DI GROTTA PERFETTA;;;Scontro laterale fra veicoli in marcia;Intersezione stradale segnalata;Due carreggiate;Asciutto;Asfaltata;Verticale ed orizzontale;Nuvoloso;Normale;Buona;;0;0;0;3;12.515;41.8324;-1;2;Autovettura di polizia;In marcia / fermata / arresto;Passeggero;F;Illeso;0;;;
5756427;8;23/12/2021 20:42:00;Strada Urbana;VIA DEI RUDERI DI CASA CALDA;in prossimità;;del palo luce n.;11;;Tamponamento;Rettilineo;Una carreggiata a doppio senso;Asciutto;Asfaltata;Orizzontale;Nuvoloso;Scarso;Buona;;0;0;0;2;12.5964;41.8749;-1;1;Autovettura privata;In marcia / fermata / arresto;Conducente;M;Illeso;0;;Non accertato;Inesploso
5756427;8;23/12/2021 20:42:00;Strada Urbana;VIA DEI RUDERI DI CASA CALDA;in prossimità;;del palo luce n.;11;;Tamponamento;Rettilineo;Una carreggiata a doppio senso;Asciutto;Asfaltata;Orizzontale;Nuvoloso;Scarso;Buona;;0;0;0;2;12.5964;41.8749;-1;2;Autovettura privata;In marcia / fermata / arresto;Conducente;M;Illeso;0;;Non accertato;Inesploso
5756431;8;23/12/2021 15:10:00;;VIA ATLANTE;in prossimità;;del civico n.;49;;Scontro laterale fra veicoli in marcia;;;;;;;;;;0;0;0;1;;;0;1;Autovettura privata;In marcia / fermata / arresto;Conducente;M;Illeso;0;;;
5756431;8;23/12/2021 15:10:00;;VIA ATLANTE;in prossimità;;del civico n.;49;;Scontro laterale fra veicoli in marcia;;;;;;;;;;0;0;0;1;;;0;2;Velocipede;In marcia / fermata / arresto;;;;;;;
5756431;8;23/12/2021 15:10:00;;VIA ATLANTE;in prossimità;;del civico n.;49;;Scontro laterale fra veicoli in marcia;;;;;;;;;;0;0;0;1;;;0;3;Velocipede;In marcia / fermata / arresto;;;;;;;
5756432;8;23/12/2021 11:45:00;Strada Urbana;VIA DI TORRENOVA;in prossimità;;del civico n.;435;;Tamponamento;Rettilineo;Una carreggiata a doppio senso;Asciutto;Asfaltata;Assente;Sereno;Scarso;Buona;;0;0;0;2;12.6194;41.8854;-1;1;Autovettura privata;In marcia / fermata / arresto;Conducente;M;Illeso;0;;Non accertato;Inesploso
5756432;8;23/12/2021 11:45:00;Strada Urbana;VIA DI TORRENOVA;in prossimità;;del civico n.;435;;Tamponamento;Rettilineo;Una carreggiata a doppio senso;Asciutto;Asfaltata;Assente;Sereno;Scarso;Buona;;0;0;0;2;12.6194;41.8854;-1;2;Autovettura privata;In marcia / fermata / arresto;Conducente;M;Illeso;0;;Non accertato;Inesploso
5756436;17;20/12/2021 19:35:00;Strada Urbana;VIALE DEI CAVALIERI DI VITTORIO VENETO;in prossimità;;del palo luce n.;17;;Veicolo in marcia contro veicoli fermi;Rettilineo;Una carreggiata a senso unico di marcia;Asciutto;Asfaltata;Orizzontale;Sereno;Normale;Sufficiente;;0;0;0;5;12.4503;41.9207;-1;1;Autovettura privata;In marcia / fermata / arresto;Conducente;M;Illeso;0;;;
5756436;17;20/12/2021 19:35:00;Strada Urbana;VIALE DEI CAVALIERI DI VITTORIO VENETO;in prossimità;;del palo luce n.;17;;Veicolo in marcia contro veicoli fermi;Rettilineo;Una carreggiata a senso unico di marcia;Asciutto;Asfaltata;Orizzontale;Sereno;Normale;Sufficiente;;0;0;0;5;12.4503;41.9207;-1;2;Autovettura privata;In marcia / fermata / arresto;Conducente;M;Illeso;0;;;
5756436;17;20/12/2021 19:35:00;Strada Urbana;VIALE DEI CAVALIERI DI VITTORIO VENETO;in prossimità;;del palo luce n.;17;;Veicolo in marcia contro veicoli fermi;Rettilineo;Una carreggiata a senso unico di marcia;Asciutto;Asfaltata;Orizzontale;Sereno;Normale;Sufficiente;;0;0;0;5;12.4503;41.9207;-1;3;Autovettura privata;In marcia / fermata / arresto;Conducente;M;Illeso;0;;;
5756436;17;20/12/2021 19:35:00;Strada Urbana;VIALE DEI CAVALIERI DI VITTORIO VENETO;in prossimità;;del palo luce n.;17;;Veicolo in marcia contro veicoli fermi;Rettilineo;Una carreggiata a senso unico di marcia;Asciutto;Asfaltata;Orizzontale;Sereno;Normale;Sufficiente;;0;0;0;5;12.4503;41.9207;-1;3;Autovettura privata;In marcia / fermata / arresto;Passeggero;F;Illeso;0;;;
5756436;17;20/12/2021 19:35:00;Strada Urbana;VIALE DEI CAVALIERI DI VITTORIO VENETO;in prossimità;;del palo luce n.;17;;Veicolo in marcia contro veicoli fermi;Rettilineo;Una carreggiata a senso unico di marcia;Asciutto;Asfaltata;Orizzontale;Sereno;Normale;Sufficiente;;0;0;0;5;12.4503;41.9207;-1;4;Autovettura privata;In marcia / fermata / arresto;Conducente;M;Illeso;0;;;
5756437;8;23/12/2021 14:00:00;Strada Urbana;VIA DELLA RISERVA NUOVA;in prossimità;;del civico n.;32;;Scontro frontale/laterale DX fra veicoli in marcia;Rettilineo;Una carreggiata a doppio senso;Bagnato (umidità in atto);Asfaltata;Assente;Pioggia in atto;Normale;Buona;;0;0;0;2;12.6803;41.892;-1;1;Autovettura privata;In marcia / fermata / arresto;Conducente;F;Illeso;0;;Non accertato;Inesploso
5756437;8;23/12/2021 14:00:00;Strada Urbana;VIA DELLA RISERVA NUOVA;in prossimità;;del civico n.;32;;Scontro frontale/laterale DX fra veicoli in marcia;Rettilineo;Una carreggiata a doppio senso;Bagnato (umidità in atto);Asfaltata;Assente;Pioggia in atto;Normale;Buona;;0;0;0;2;12.6803;41.892;-1;2;Autovettura privata;In marcia / fermata / arresto;Conducente;F;Illeso;0;;Non accertato;Inesploso
5756440;8;23/12/2021 15:50:00;Strada Urbana;VIA PRENESTINA;in corrispondenza;;del civico n.;1530;;Scontro frontale/laterale SX fra veicoli in marcia;Rettilineo;Una carreggiata a doppio senso;Asciutto;Asfaltata;Verticale ed orizzontale;Nuvoloso;Intenso;Sufficiente;;0;0;0;3;12.6657;41.8907;-1;1;Motociclo a solo;In marcia / fermata / arresto;Conducente;M;Illeso;0;;Non accertato;
5756440;8;23/12/2021 15:50:00;Strada Urbana;VIA PRENESTINA;in corrispondenza;;del civico n.;1530;;Scontro frontale/laterale SX fra veicoli in marcia;Rettilineo;Una carreggiata a doppio senso;Asciutto;Asfaltata;Verticale ed orizzontale;Nuvoloso;Intenso;Sufficiente;;0;0;0;3;12.6657;41.8907;-1;2;Autovettura privata;In marcia / fermata / arresto;Conducente;F;Illeso;0;;Non accertato;Inesploso
5756440;8;23/12/2021 15:50:00;Strada Urbana;VIA PRENESTINA;in corrispondenza;;del civico n.;1530;;Scontro frontale/laterale SX fra veicoli in marcia;Rettilineo;Una carreggiata a doppio senso;Asciutto;Asfaltata;Verticale ed orizzontale;Nuvoloso;Intenso;Sufficiente;;0;0;0;3;12.6657;41.8907;-1;2;Autovettura privata;In marcia / fermata / arresto;Passeggero;F;Illeso;0;;Non accertato;Inesploso
5756442;8;23/12/2021 17:05:00;Strada Urbana;VIA DI TOR BELLA MONACA;da specificare;;;;svincolo GRA DIR TIBURTINA;Tamponamento;Rettilineo;Una carreggiata a senso unico di marcia;Bagnato (pioggia);Asfaltata;Orizzontale;Pioggia in atto;Intenso;Sufficiente;;0;0;0;4;12.6281;41.8764;-1;1;Autovettura privata;In marcia / fermata / arresto;Conducente;M;Illeso;0;;Non accertato;Inesploso
5756442;8;23/12/2021 17:05:00;Strada Urbana;VIA DI TOR BELLA MONACA;da specificare;;;;svincolo GRA DIR TIBURTINA;Tamponamento;Rettilineo;Una carreggiata a senso unico di marcia;Bagnato (pioggia);Asfaltata;Orizzontale;Pioggia in atto;Intenso;Sufficiente;;0;0;0;4;12.6281;41.8764;-1;1;Autovettura privata;In marcia / fermata / arresto;Passeggero;F;Illeso;0;;Non accertato;Inesploso
5756442;8;23/12/2021 17:05:00;Strada Urbana;VIA DI TOR BELLA MONACA;da specificare;;;;svincolo GRA DIR TIBURTINA;Tamponamento;Rettilineo;Una carreggiata a senso unico di marcia;Bagnato (pioggia);Asfaltata;Orizzontale;Pioggia in atto;Intenso;Sufficiente;;0;0;0;4;12.6281;41.8764;-1;1;Autovettura privata;In marcia / fermata / arresto;Passeggero;F;Illeso;0;;Non accertato;Inesploso
5756442;8;23/12/2021 17:05:00;Strada Urbana;VIA DI TOR BELLA MONACA;da specificare;;;;svincolo GRA DIR TIBURTINA;Tamponamento;Rettilineo;Una carreggiata a senso unico di marcia;Bagnato (pioggia);Asfaltata;Orizzontale;Pioggia in atto;Intenso;Sufficiente;;0;0;0;4;12.6281;41.8764;-1;2;Autovettura privata;In marcia / fermata / arresto;Conducente;M;Illeso;0;;Non accertato;Inesploso
5756449;11;23/12/2021 18:40:00;Strada Urbana;VIA DEL PORTO FLUVIALE;in prossimità;;del civico n.;35;;Fuoriuscita dalla sede stradale;Rettilineo;Una carreggiata a doppio senso;Bagnato (pioggia);Asfaltata;Verticale ed orizzontale;Pioggia in atto;Normale;Sufficiente;;1;0;0;0;12.4769;41.8723;-1;1;Motociclo a solo;In marcia / fermata / arresto;Conducente;F;Rimandato;0;NON DECEDUTO;Non accertato;
5756455;1;23/12/2021 19:30:00;Strada Urbana;VIA LABICANA;da specificare;;;;altezza VIA DEL PARCO OPPIOI ;Scontro frontale/laterale SX fra veicoli in marcia;Rettilineo;Una carreggiata a senso unico di marcia;Bagnato (pioggia);Asfaltata;Verticale ed orizzontale;Sereno;Normale;Sufficiente;;1;0;0;1;12.4979;41.89;-1;1;Motociclo a solo;In marcia / fermata / arresto;Conducente;F;Rimandato;0;NON DECEDUTO;Non accertato;
5756455;1;23/12/2021 19:30:00;Strada Urbana;VIA LABICANA;da specificare;;;;altezza VIA DEL PARCO OPPIOI ;Scontro frontale/laterale SX fra veicoli in marcia;Rettilineo;Una carreggiata a senso unico di marcia;Bagnato (pioggia);Asfaltata;Verticale ed orizzontale;Sereno;Normale;Sufficiente;;1;0;0;1;12.4979;41.89;-1;2;Autovettura privata;In marcia / fermata / arresto;Conducente;F;Illeso;0;;Non accertato;Inesploso
5756466;11;23/12/2021 19:45:00;Strada Urbana;VIA OSTIENSE;all'intersezione semaforizzata con;VIA FRANCESCO NEGRI;VIA FRANCESCO NEGRI;;;Scontro frontale/laterale DX fra veicoli in marcia;Intersezione semaforizzata;Più di due carreggiate;Asciutto;Asfaltata;Verticale ed orizzontale;Sereno;Normale;Buona;;0;0;0;2;12.48;41.8706;-1;1;Autobus urbano;In marcia / fermata / arresto;Conducente;M;Illeso;0;;;
5756466;11;23/12/2021 19:45:00;Strada Urbana;VIA OSTIENSE;all'intersezione semaforizzata con;VIA FRANCESCO NEGRI;VIA FRANCESCO NEGRI;;;Scontro frontale/laterale DX fra veicoli in marcia;Intersezione semaforizzata;Più di due carreggiate;Asciutto;Asfaltata;Verticale ed orizzontale;Sereno;Normale;Buona;;0;0;0;2;12.48;41.8706;-1;2;Autovettura privata;In marcia / fermata / arresto;Conducente;M;Illeso;0;;;
5756471;1;23/12/2021 18:20:00;Strada Urbana;VIA MERULANA;in prossimità;;del civico n.;90;;Scontro laterale fra veicoli in marcia;Rettilineo;Una carreggiata a doppio senso;Bagnato (umidità in atto);Asfaltata;Verticale ed orizzontale;Nuvoloso;Intenso;Buona;;0;0;0;1;12.5022;41.8914;-1;1;Autovettura privata;In marcia / fermata / arresto;Conducente;M;Illeso;0;;Non accertato;Inesploso
5756471;1;23/12/2021 18:20:00;Strada Urbana;VIA MERULANA;in prossimità;;del civico n.;90;;Scontro laterale fra veicoli in marcia;Rettilineo;Una carreggiata a doppio senso;Bagnato (umidità in atto);Asfaltata;Verticale ed orizzontale;Nuvoloso;Intenso;Buona;;0;0;0;1;12.5022;41.8914;-1;2;Autovettura privata;In marcia / fermata / arresto;;;;;;;
5756482;11;24/12/2021 05:00:00;Strada Urbana;VIA CRISTOFORO COLOMBO;all'intersezione con;PIAZZALE DELLE NAZIONI UNITE;PIAZZALE DELLE NAZIONI UNITE;;;Tamponamento;Intersezione semaforizzata;Più di due carreggiate;Asciutto;Asfaltata;Verticale ed orizzontale;Sereno;Scarso;Buona;;0;0;0;3;12.4721;41.8358;-1;1;Autovettura privata;In marcia / fermata / arresto;Conducente;F;Illeso;0;;;
5756482;11;24/12/2021 05:00:00;Strada Urbana;VIA CRISTOFORO COLOMBO;all'intersezione con;PIAZZALE DELLE NAZIONI UNITE;PIAZZALE DELLE NAZIONI UNITE;;;Tamponamento;Intersezione semaforizzata;Più di due carreggiate;Asciutto;Asfaltata;Verticale ed orizzontale;Sereno;Scarso;Buona;;0;0;0;3;12.4721;41.8358;-1;1;Autovettura privata;In marcia / fermata / arresto;Passeggero;M;Illeso;0;;;
5756482;11;24/12/2021 05:00:00;Strada Urbana;VIA CRISTOFORO COLOMBO;all'intersezione con;PIAZZALE DELLE NAZIONI UNITE;PIAZZALE DELLE NAZIONI UNITE;;;Tamponamento;Intersezione semaforizzata;Più di due carreggiate;Asciutto;Asfaltata;Verticale ed orizzontale;Sereno;Scarso;Buona;;0;0;0;3;12.4721;41.8358;-1;2;Autovettura privata;In marcia / fermata / arresto;Conducente;M;Illeso;0;;;
5756486;1;24/12/2021 02:15:00;Strada Urbana;VIA PANISPERNA;all'intersezione con;VIA MILANO;VIA MILANO;;;Veicolo in marcia contro ostacolo fisso;Intersezione non regolata/non segnalata;Una carreggiata a senso unico di marcia;Bagnato (pioggia);In cubetti di porfido;Verticale ed orizzontale;Nuvoloso;Scarso;Buona;;1;0;0;0;12.4927;41.8968;0;1;Ciclomotore;In marcia / fermata / arresto;Conducente;M;Rimandato;0;NON DECEDUTO;;
5756490;1;23/12/2021 18:35:00;;VIALE MANZONI;all'intersezione semaforizzata con;VIA MERULANA;VIA MERULANA;;;Fuoriuscita dalla sede stradale;;;;;;;;;;0;0;0;1;12.5034;41.8895;0;1;Motociclo a solo;In marcia / fermata / arresto;Conducente;M;Illeso;0;;Non accertato;
5756496;17;20/12/2021 11:10:00;Strada Urbana;VIA LEONE IV;all'intersezione con;VIALE GIULIO CESARE;VIALE GIULIO CESARE;;;Scontro laterale fra veicoli in marcia;Incrocio;Una carreggiata a senso unico di marcia;Asciutto;Asfaltata;Verticale ed orizzontale;Nuvoloso;Normale;Buona;;0;0;0;2;12.4553;41.9087;-1;1;Autovettura privata;In marcia / fermata / arresto;Conducente;F;Illeso;0;;;
5756496;17;20/12/2021 11:10:00;Strada Urbana;VIA LEONE IV;all'intersezione con;VIALE GIULIO CESARE;VIALE GIULIO CESARE;;;Scontro laterale fra veicoli in marcia;Incrocio;Una carreggiata a senso unico di marcia;Asciutto;Asfaltata;Verticale ed orizzontale;Nuvoloso;Normale;Buona;;0;0;0;2;12.4553;41.9087;-1;2;Motociclo a solo;In marcia / fermata / arresto;Conducente;M;Illeso;0;;;
5756524;7;23/12/2021 14:55:00;Strada Urbana;VIA DELLE GIUNCHIGLIE;in corrispondenza;;del civico n.;14;;Tamponamento;Rettilineo;Una carreggiata a doppio senso;Bagnato (pioggia);Asfaltata;Verticale ed orizzontale;Nuvoloso;Normale;Buona;;1;0;0;3;12.5651;41.8803;-1;1;Autovettura privata;In marcia / fermata / arresto;Conducente;F;Rifiuta cure immediate;0;NON DECEDUTO;Non accertato;Inesploso
5756524;7;23/12/2021 14:55:00;Strada Urbana;VIA DELLE GIUNCHIGLIE;in corrispondenza;;del civico n.;14;;Tamponamento;Rettilineo;Una carreggiata a doppio senso;Bagnato (pioggia);Asfaltata;Verticale ed orizzontale;Nuvoloso;Normale;Buona;;1;0;0;3;12.5651;41.8803;-1;1;Autovettura privata;In marcia / fermata / arresto;Passeggero;F;Illeso;0;;Non accertato;Inesploso
5756524;7;23/12/2021 14:55:00;Strada Urbana;VIA DELLE GIUNCHIGLIE;in corrispondenza;;del civico n.;14;;Tamponamento;Rettilineo;Una carreggiata a doppio senso;Bagnato (pioggia);Asfaltata;Verticale ed orizzontale;Nuvoloso;Normale;Buona;;1;0;0;3;12.5651;41.8803;-1;2;Autocarro inferiore 35 q.;In marcia / fermata / arresto;Conducente;M;Illeso;0;;Non accertato;Inesploso
5756524;7;23/12/2021 14:55:00;Strada Urbana;VIA DELLE GIUNCHIGLIE;in corrispondenza;;del civico n.;14;;Tamponamento;Rettilineo;Una carreggiata a doppio senso;Bagnato (pioggia);Asfaltata;Verticale ed orizzontale;Nuvoloso;Normale;Buona;;1;0;0;3;12.5651;41.8803;-1;2;Autocarro inferiore 35 q.;In marcia / fermata / arresto;Passeggero;M;Illeso;0;;Non accertato;Inesploso
5756538;17;20/12/2021 07:05:00;Strada Urbana;VIA FABIO MASSIMO;all'intersezione con;VIA GERMANICO;VIA GERMANICO;;;Scontro frontale/laterale SX fra veicoli in marcia;Incrocio;Una carreggiata a senso unico di marcia;Asciutto;Asfaltata;Verticale ed orizzontale;Sereno;Scarso;Buona;;0;0;0;2;12.4622;41.9088;-1;1;Autovettura privata;In marcia / fermata / arresto;Conducente;M;Illeso;0;;;
5756538;17;20/12/2021 07:05:00;Strada Urbana;VIA FABIO MASSIMO;all'intersezione con;VIA GERMANICO;VIA GERMANICO;;;Scontro frontale/laterale SX fra veicoli in marcia;Incrocio;Una carreggiata a senso unico di marcia;Asciutto;Asfaltata;Verticale ed orizzontale;Sereno;Scarso;Buona;;0;0;0;2;12.4622;41.9088;-1;2;Autovettura privata;In marcia / fermata / arresto;Conducente;F;Illeso;0;;;
5756542;2;23/12/2021 11:40:00;Strada Urbana;VIA FLAMINIA;in corrispondenza;;del civico n.;318 B;;Investimento di pedone;Rettilineo;Una carreggiata a senso unico di marcia;Asciutto;Asfaltata;Verticale ed orizzontale;Sereno;Normale;Buona;;0;0;0;1;12.4702;41.9256;-1;;;;Pedone;F;Illeso;0;;;
5756542;2;23/12/2021 11:40:00;Strada Urbana;VIA FLAMINIA;in corrispondenza;;del civico n.;318 B;;Investimento di pedone;Rettilineo;Una carreggiata a senso unico di marcia;Asciutto;Asfaltata;Verticale ed orizzontale;Sereno;Normale;Buona;;0;0;0;1;12.4702;41.9256;-1;1;Autovettura privata;Allontanatosi;;;;;;;
5756550;7;24/12/2021 05:15:00;Strada Urbana;VIALE ENZO FERRARI;all'intersezione con;VIA DI TOR TRE TESTE;VIA DI TOR TRE TESTE;;;Veicolo in marcia contro ostacolo fisso;Rotatoria;Più di due carreggiate;Bagnato (pioggia);Asfaltata;Verticale ed orizzontale;Pioggia in atto;Scarso;Sufficiente;;0;0;0;1;12.5912;41.8907;-1;1;Autovettura privata;In marcia / fermata / arresto;Conducente;M;Illeso;0;;Non accertato;Inesploso
5756574;2;23/12/2021 13:50:00;Strada Urbana;VIA DEL SACRO CUORE DI MARIA;all'intersezione con;VIALE MARESCIALLO PILSUDSKI;VIALE MARESCIALLO PILSUDSKI;;;Scontro frontale/laterale DX fra veicoli in marcia;Intersezione stradale segnalata;Una carreggiata a senso unico di marcia;Asciutto;Asfaltata;Verticale ed orizzontale;Sereno;Normale;Buona;;1;0;0;1;12.4818;41.9275;-1;1;Motociclo a solo;In marcia / fermata / arresto;Conducente;M;Rimandato;0;NON DECEDUTO;Non accertato;
5756574;2;23/12/2021 13:50:00;Strada Urbana;VIA DEL SACRO CUORE DI MARIA;all'intersezione con;VIALE MARESCIALLO PILSUDSKI;VIALE MARESCIALLO PILSUDSKI;;;Scontro frontale/laterale DX fra veicoli in marcia;Intersezione stradale segnalata;Una carreggiata a senso unico di marcia;Asciutto;Asfaltata;Verticale ed orizzontale;Sereno;Normale;Buona;;1;0;0;1;12.4818;41.9275;-1;2;Autovettura privata;In marcia / fermata / arresto;Conducente;M;Illeso;0;;Non accertato;
5756581;17;22/12/2021 09:15:00;Strada Urbana;VIA DELLA CAMILLUCCIA;in corrispondenza;;del civico n.;11;;Scontro frontale fra veicoli in marcia;Rettilineo;Una carreggiata a senso unico di marcia;Bagnato (pioggia);Asfaltata;Verticale ed orizzontale;Nuvoloso;Normale;Buona;;0;0;0;3;12.446;41.9289;-1;1;Autovettura privata;In marcia / fermata / arresto;Conducente;M;Illeso;0;;;
5756581;17;22/12/2021 09:15:00;Strada Urbana;VIA DELLA CAMILLUCCIA;in corrispondenza;;del civico n.;11;;Scontro frontale fra veicoli in marcia;Rettilineo;Una carreggiata a senso unico di marcia;Bagnato (pioggia);Asfaltata;Verticale ed orizzontale;Nuvoloso;Normale;Buona;;0;0;0;3;12.446;41.9289;-1;1;Autovettura privata;In marcia / fermata / arresto;Passeggero;F;Illeso;0;;;
5756581;17;22/12/2021 09:15:00;Strada Urbana;VIA DELLA CAMILLUCCIA;in corrispondenza;;del civico n.;11;;Scontro frontale fra veicoli in marcia;Rettilineo;Una carreggiata a senso unico di marcia;Bagnato (pioggia);Asfaltata;Verticale ed orizzontale;Nuvoloso;Normale;Buona;;0;0;0;3;12.446;41.9289;-1;2;Motociclo a solo;In marcia / fermata / arresto;Conducente;M;Illeso;0;;;
5756590;10;24/12/2021 11:15:00;Strada Urbana;VIA MONASTERACE;in corrispondenza;;del civico n.;6;;Veicolo in marcia contro veicolo in sosta;Rettilineo;Una carreggiata a doppio senso;Bagnato (pioggia);Asfaltata;Verticale ed orizzontale;Pioggia in atto;Intenso;Buona;;0;0;0;1;12.6162;41.8124;-1;1;Autovettura privata;In marcia / fermata / arresto;Conducente;M;Illeso;0;;Non accertato;Inesploso
5756590;10;24/12/2021 11:15:00;Strada Urbana;VIA MONASTERACE;in corrispondenza;;del civico n.;6;;Veicolo in marcia contro veicolo in sosta;Rettilineo;Una carreggiata a doppio senso;Bagnato (pioggia);Asfaltata;Verticale ed orizzontale;Pioggia in atto;Intenso;Buona;;0;0;0;1;12.6162;41.8124;-1;2;Autovettura privata;Sosta;;;;;;;
5756599;2;23/12/2021 18:00:00;Strada Urbana;PIAZZALE CARDINAL CONSALVI;all'intersezione semaforizzata con;VIALE TIZIANO;VIALE TIZIANO;;;Scontro frontale/laterale DX fra veicoli in marcia;Intersezione semaforizzata;Una carreggiata a doppio senso;Bagnato (umidità in atto);Asfaltata;Verticale ed orizzontale;Pioggia in atto;Normale;Buona;;1;0;0;1;12.4674;41.9338;0;1;Velocipede;In marcia / fermata / arresto;Conducente;F;Rimandato;0;NON DECEDUTO;Esente;
5756599;2;23/12/2021 18:00:00;Strada Urbana;PIAZZALE CARDINAL CONSALVI;all'intersezione semaforizzata con;VIALE TIZIANO;VIALE TIZIANO;;;Scontro frontale/laterale DX fra veicoli in marcia;Intersezione semaforizzata;Una carreggiata a doppio senso;Bagnato (umidità in atto);Asfaltata;Verticale ed orizzontale;Pioggia in atto;Normale;Buona;;1;0;0;1;12.4674;41.9338;0;2;Motociclo a solo;In marcia / fermata / arresto;Conducente;M;Illeso;0;;;
5756604;12;24/12/2021 10:15:00;Strada Urbana;VIALE OCEANO ATLANTICO ;all'intersezione con;VIA THAILANDIA;VIA THAILANDIA;;;Scontro frontale/laterale SX fra veicoli in marcia;Intersezione stradale segnalata;Una carreggiata a doppio senso;Bagnato (pioggia);Asfaltata;Verticale ed orizzontale;Pioggia in atto;Normale;Buona;;1;0;0;1;12.4576;41.8239;-1;1;Autovettura privata;In marcia / fermata / arresto;Conducente;M;Illeso;0;;Non accertato;Inesploso
5756604;12;24/12/2021 10:15:00;Strada Urbana;VIALE OCEANO ATLANTICO ;all'intersezione con;VIA THAILANDIA;VIA THAILANDIA;;;Scontro frontale/laterale SX fra veicoli in marcia;Intersezione stradale segnalata;Una carreggiata a doppio senso;Bagnato (pioggia);Asfaltata;Verticale ed orizzontale;Pioggia in atto;Normale;Buona;;1;0;0;1;12.4576;41.8239;-1;2;Velocipede;In marcia / fermata / arresto;Conducente;M;Rimandato;0;NON DECEDUTO;Esente;
5756606;9;24/12/2021 09:40:00;Strada Urbana;VIA TARANTO;in prossimità;;del civico n.;148;;Tamponamento;Rettilineo;Una carreggiata a doppio senso;Asciutto;Asfaltata;Verticale ed orizzontale;Sereno;Normale;Buona;;0;0;0;1;12.52;41.8834;0;1;Autovettura privata;Allontanatosi;;;;;;;
5756606;9;24/12/2021 09:40:00;Strada Urbana;VIA TARANTO;in prossimità;;del civico n.;148;;Tamponamento;Rettilineo;Una carreggiata a doppio senso;Asciutto;Asfaltata;Verticale ed orizzontale;Sereno;Normale;Buona;;0;0;0;1;12.52;41.8834;0;2;Autovettura privata;In marcia / fermata / arresto;Conducente;F;Illeso;0;;;
5756611;12;24/12/2021 08:05:00;Strada Urbana;VIALE OCEANIA;all'intersezione con;VIALE DELL'ESPERANTO;VIALE DELL'ESPERANTO;;;Scontro frontale/laterale DX fra veicoli in marcia;Intersezione non regolata/non segnalata;Una carreggiata a doppio senso;Bagnato (pioggia);Asfaltata;Assente;Nuvoloso;Scarso;Buona;;0;0;0;2;12.4634;41.8285;-1;1;Autovettura privata;In marcia / fermata / arresto;Conducente;M;Illeso;0;;Utilizzato;Inesploso
5756611;12;24/12/2021 08:05:00;Strada Urbana;VIALE OCEANIA;all'intersezione con;VIALE DELL'ESPERANTO;VIALE DELL'ESPERANTO;;;Scontro frontale/laterale DX fra veicoli in marcia;Intersezione non regolata/non segnalata;Una carreggiata a doppio senso;Bagnato (pioggia);Asfaltata;Assente;Nuvoloso;Scarso;Buona;;0;0;0;2;12.4634;41.8285;-1;2;Autovettura privata;In marcia / fermata / arresto;Conducente;F;Illeso;0;;Utilizzato;Inesploso
5756614;17;22/12/2021 13:15:00;Strada Urbana;VIA FULCIERI PAULUCCI DE CALBOLI;in corrispondenza;;del civico n.;36;;Veicolo in marcia contro veicolo in sosta;Rettilineo;Una carreggiata a doppio senso;Asciutto;Asfaltata;Verticale ed orizzontale;Sereno;Normale;Buona;;0;0;0;2;12.4612;41.9163;-1;1;Autovettura privata;Sosta;Passeggero;M;Illeso;0;;;
5756614;17;22/12/2021 13:15:00;Strada Urbana;VIA FULCIERI PAULUCCI DE CALBOLI;in corrispondenza;;del civico n.;36;;Veicolo in marcia contro veicolo in sosta;Rettilineo;Una carreggiata a doppio senso;Asciutto;Asfaltata;Verticale ed orizzontale;Sereno;Normale;Buona;;0;0;0;2;12.4612;41.9163;-1;2;Autovettura privata;In marcia / fermata / arresto;Conducente;F;Illeso;0;;;
5756615;2;23/12/2021 17:45:00;Strada Urbana;VIA DEL FORO ITALICO;da specificare;;;;altezza via della Moschea;Tamponamento Multiplo;Rettilineo;Due carreggiate;Bagnato (umidità in atto);Asfaltata;Verticale ed orizzontale;Nuvoloso;Intenso;Sufficiente;;0;0;0;7;12.4813;41.9402;-1;1;Autovettura privata;In marcia / fermata / arresto;Conducente;M;Illeso;0;;;
5756615;2;23/12/2021 17:45:00;Strada Urbana;VIA DEL FORO ITALICO;da specificare;;;;altezza via della Moschea;Tamponamento Multiplo;Rettilineo;Due carreggiate;Bagnato (umidità in atto);Asfaltata;Verticale ed orizzontale;Nuvoloso;Intenso;Sufficiente;;0;0;0;7;12.4813;41.9402;-1;2;Autovettura privata;In marcia / fermata / arresto;Conducente;M;Illeso;0;;;
5756615;2;23/12/2021 17:45:00;Strada Urbana;VIA DEL FORO ITALICO;da specificare;;;;altezza via della Moschea;Tamponamento Multiplo;Rettilineo;Due carreggiate;Bagnato (umidità in atto);Asfaltata;Verticale ed orizzontale;Nuvoloso;Intenso;Sufficiente;;0;0;0;7;12.4813;41.9402;-1;2;Autovettura privata;In marcia / fermata / arresto;Passeggero;M;Illeso;0;;Non accertato;Inesploso