Protocollo;Gruppo;DataOraIncidente;Localizzazione1;STRADA1;Localizzazione2;STRADA2;Strada02;Chilometrica;DaSpecificare;NaturaIncidente;particolaritastrade;TipoStrada;FondoStradale;Pavimentazione;Segnaletica;CondizioneAtmosferica;Traffico;Visibilita;Illuminazione;NUM_FERITI;NUM_RISERVATA;NUM_MORTI;NUM_ILLESI;Longitude;Latitude;Confermato;Progressivo;TipoVeicolo;StatoVeicolo;TipoPersona;Sesso;Tipolesione;Deceduto;DecedutoDopo;CinturaCascoUtilizzato;Airbag;
5758791;18;26/12/2021 18:32:00;Strada Urbana;VIA DELLA MAGLIANELLA;in prossimità;;del civico n.;303/305;;Veicolo in marcia che urta buche nella carreggiata;Rettilineo;Una carreggiata a doppio senso;Bagnato (pioggia);Asfaltata;Verticale ed orizzontale;Pioggia in atto;Scarso;Insufficiente;;0;0;0;2;12.3839;41.9117;-1;1;Autovettura privata;In marcia / fermata / arresto;Passeggero;F;Illeso;0;;Non accertato;Inesploso
5758795;13;25/12/2021 21:30:00;Comunale extraurbana;VIA OSTIENSE;da specificare;;;;pressi via di malafede;Veicolo in marcia contro ostacolo accidentale;Rettilineo;Una carreggiata a doppio senso;Bagnato (pioggia);Asfaltata;Verticale ed orizzontale;Pioggia in atto;Scarso;Sufficiente;;0;0;0;2;12.4229;41.8109;0;1;Autovettura privata;In marcia / fermata / arresto;Conducente;M;Illeso;0;;;
5758795;13;25/12/2021 21:30:00;Comunale extraurbana;VIA OSTIENSE;da specificare;;;;pressi via di malafede;Veicolo in marcia contro ostacolo accidentale;Rettilineo;Una carreggiata a doppio senso;Bagnato (pioggia);Asfaltata;Verticale ed orizzontale;Pioggia in atto;Scarso;Sufficiente;;0;0;0;2;12.4229;41.8109;0;1;Autovettura privata;In marcia / fermata / arresto;Passeggero;M;Illeso;0;;;
5758813;18;26/12/2021 18:55:00;;VIA DELLA MAGLIANELLA;in prossimità;;del civico n.;303/305;;Veicolo in marcia che urta buche nella carreggiata;;;;;;;;;;0;0;0;1;12.3839;41.9117;0;1;Autovettura privata;In marcia / fermata / arresto;Conducente;;Illeso;0;;;
5758818;7;24/12/2021 18:10:00;Strada Urbana;VIALE ALESSANDRINO;da specificare;;;;prossimità  area di servizio via della bellavilla;Scontro laterale fra veicoli in marcia;Rettilineo;Una carreggiata a senso unico di marcia;Asciutto;Asfaltata;Assente;Sereno;Scarso;Buona;;0;0;0;2;12.5796;41.8732;-1;1;Autovettura privata;In marcia / fermata / arresto;Conducente;M;Illeso;0;;Non accertato;Inesploso
5758818;7;24/12/2021 18:10:00;Strada Urbana;VIALE ALESSANDRINO;da specificare;;;;prossimità  area di servizio via della bellavilla;Scontro laterale fra veicoli in marcia;Rettilineo;Una carreggiata a senso unico di marcia;Asciutto;Asfaltata;Assente;Sereno;Scarso;Buona;;0;0;0;2;12.5796;41.8732;-1;2;Autovettura privata;In marcia / fermata / arresto;Conducente;M;Illeso;0;;Non accertato;Inesploso
5758826;17;26/12/2021 11:30:00;Strada Urbana;VIALE VATICANO;in prossimità;;del civico n.;68;;Veicolo in marcia contro veicoli in sosta;Rettilineo;Una carreggiata a doppio senso;Bagnato (pioggia);Asfaltata;Verticale ed orizzontale;Pioggia in atto;Scarso;Buona;;0;0;0;2;12.4491;41.9054;-1;1;Autovettura privata;In marcia / fermata / arresto;Conducente;M;Illeso;0;;;
5758826;17;26/12/2021 11:30:00;Strada Urbana;VIALE VATICANO;in prossimità;;del civico n.;68;;Veicolo in marcia contro veicoli in sosta;Rettilineo;Una carreggiata a doppio senso;Bagnato (pioggia);Asfaltata;Verticale ed orizzontale;Pioggia in atto;Scarso;Buona;;0;0;0;2;12.4491;41.9054;-1;1;Autovettura privata;In marcia / fermata / arresto;Passeggero;F;Illeso;0;;;
5758826;17;26/12/2021 11:30:00;Strada Urbana;VIALE VATICANO;in prossimità;;del civico n.;68;;Veicolo in marcia contro veicoli in sosta;Rettilineo;Una carreggiata a doppio senso;Bagnato (pioggia);Asfaltata;Verticale ed orizzontale;Pioggia in atto;Scarso;Buona;;0;0;0;2;12.4491;41.9054;-1;2;Motociclo a solo;Sosta;;;;;;;
5758826;17;26/12/2021 11:30:00;Strada Urbana;VIALE VATICANO;in prossimità;;del civico n.;68;;Veicolo in marcia contro veicoli in sosta;Rettilineo;Una carreggiata a doppio senso;Bagnato (pioggia);Asfaltata;Verticale ed orizzontale;Pioggia in atto;Scarso;Buona;;0;0;0;2;12.4491;41.9054;-1;3;Motociclo con passeggero;Sosta;;;;;;;
5758826;17;26/12/2021 11:30:00;Strada Urbana;VIALE VATICANO;in prossimità;;del civico n.;68;;Veicolo in marcia contro veicoli in sosta;Rettilineo;Una carreggiata a doppio senso;Bagnato (pioggia);Asfaltata;Verticale ed orizzontale;Pioggia in atto;Scarso;Buona;;0;0;0;2;12.4491;41.9054;-1;4;Motociclo con passeggero;Sosta;;;;;;;
5758826;17;26/12/2021 11:30:00;Strada Urbana;VIALE VATICANO;in prossimità;;del civico n.;68;;Veicolo in marcia contro veicoli in sosta;Rettilineo;Una carreggiata a doppio senso;Bagnato (pioggia);Asfaltata;Verticale ed orizzontale;Pioggia in atto;Scarso;Buona;;0;0;0;2;12.4491;41.9054;-1;5;Motociclo con passeggero;Sosta;;;;;;;
5758826;17;26/12/2021 11:30:00;Strada Urbana;VIALE VATICANO;in prossimità;;del civico n.;68;;Veicolo in marcia contro veicoli in sosta;Rettilineo;Una carreggiata a doppio senso;Bagnato (pioggia);Asfaltata;Verticale ed orizzontale;Pioggia in atto;Scarso;Buona;;0;0;0;2;12.4491;41.9054;-1;6;Motociclo con passeggero;Sosta;;;;;;;
5758826;17;26/12/2021 11:30:00;Strada Urbana;VIALE VATICANO;in prossimità;;del civico n.;68;;Veicolo in marcia contro veicoli in sosta;Rettilineo;Una carreggiata a doppio senso;Bagnato (pioggia);Asfaltata;Verticale ed orizzontale;Pioggia in atto;Scarso;Buona;;0;0;0;2;12.4491;41.9054;-1;7;Motociclo con passeggero;Sosta;;;;;;;
5758826;17;26/12/2021 11:30:00;Strada Urbana;VIALE VATICANO;in prossimità;;del civico n.;68;;Veicolo in marcia contro veicoli in sosta;Rettilineo;Una carreggiata a doppio senso;Bagnato (pioggia);Asfaltata;Verticale ed orizzontale;Pioggia in atto;Scarso;Buona;;0;0;0;2;12.4491;41.9054;-1;8;Motociclo con passeggero;Sosta;;;;;;;
5758827;10;24/12/2021 11:41:00;Strada Urbana;VIALE ANTONIO CIAMARRA;in prossimità;;del civico n.;120;;Investimento di pedone;Rettilineo;Una carreggiata a senso unico di marcia;Bagnato (pioggia);Asfaltata;Verticale ed orizzontale;Pioggia in atto;Normale;Buona;;0;0;0;3;12.5908;41.8505;-1;;;;Pedone;M;Illeso;0;;;
5758827;10;24/12/2021 11:41:00;Strada Urbana;VIALE ANTONIO CIAMARRA;in prossimità;;del civico n.;120;;Investimento di pedone;Rettilineo;Una carreggiata a senso unico di marcia;Bagnato (pioggia);Asfaltata;Verticale ed orizzontale;Pioggia in atto;Normale;Buona;;0;0;0;3;12.5908;41.8505;-1;1;Autovettura privata;In marcia / fermata / arresto;Conducente;F;Illeso;0;;Non accertato;Inesploso
5758827;10;24/12/2021 11:41:00;Strada Urbana;VIALE ANTONIO CIAMARRA;in prossimità;;del civico n.;120;;Investimento di pedone;Rettilineo;Una carreggiata a senso unico di marcia;Bagnato (pioggia);Asfaltata;Verticale ed orizzontale;Pioggia in atto;Normale;Buona;;0;0;0;3;12.5908;41.8505;-1;1;Autovettura privata;In marcia / fermata / arresto;Passeggero;M;Illeso;0;;Non accertato;Inesploso
5758829;18;26/12/2021 18:30:00;Strada Urbana;VIA S. DAMASO;in prossimità;;del civico n.;40;;Veicolo in marcia contro veicolo in sosta;Rettilineo;Una carreggiata a doppio senso;Bagnato (pioggia);Asfaltata;Verticale ed orizzontale;Pioggia in atto;Normale;Sufficiente;;0;0;0;3;12.4436;41.8937;-1;1;Autovettura privata;In marcia / fermata / arresto;Conducente;M;Illeso;0;;Non accertato;Inesploso
5758829;18;26/12/2021 18:30:00;Strada Urbana;VIA S. DAMASO;in prossimità;;del civico n.;40;;Veicolo in marcia contro veicolo in sosta;Rettilineo;Una carreggiata a doppio senso;Bagnato (pioggia);Asfaltata;Verticale ed orizzontale;Pioggia in atto;Normale;Sufficiente;;0;0;0;3;12.4436;41.8937;-1;1;Autovettura privata;In marcia / fermata / arresto;Passeggero;F;Illeso;0;;Non accertato;Inesploso
5758829;18;26/12/2021 18:30:00;Strada Urbana;VIA S. DAMASO;in prossimità;;del civico n.;40;;Veicolo in marcia contro veicolo in sosta;Rettilineo;Una carreggiata a doppio senso;Bagnato (pioggia);Asfaltata;Verticale ed orizzontale;Pioggia in atto;Normale;Sufficiente;;0;0;0;3;12.4436;41.8937;-1;2;Autovettura privata;Sosta;Passeggero;F;Illeso;0;;Non accertato;Inesploso
5758830;13;26/12/2021 00:20:00;Strada Urbana;VIA DEL FOSSO DI DRAGONCELLO;da specificare;;;;300 M PRIMA DI VIA CASTEL FUSANO;Veicolo in marcia contro ostacolo accidentale;Rettilineo;Una carreggiata a senso unico di marcia;Bagnato (umidità in atto);Asfaltata;Verticale;Nuvoloso;Scarso;Sufficiente;;0;0;0;2;12.3299;41.7577;0;1;Autovettura privata;In marcia / fermata / arresto;Conducente;M;Illeso;0;;;
5758830;13;26/12/2021 00:20:00;Strada Urbana;VIA DEL FOSSO DI DRAGONCELLO;da specificare;;;;300 M PRIMA DI VIA CASTEL FUSANO;Veicolo in marcia contro ostacolo accidentale;Rettilineo;Una carreggiata a senso unico di marcia;Bagnato (umidità in atto);Asfaltata;Verticale;Nuvoloso;Scarso;Sufficiente;;0;0;0;2;12.3299;41.7577;0;1;Autovettura privata;In marcia / fermata / arresto;Passeggero;F;Illeso;0;;;
5758834;13;26/12/2021 20:10:00;Strada Urbana;VIA ANGELO ZOTTOLI;all'intersezione con;VIA DI ACILIA;VIA DI ACILIA;;;Scontro frontale/laterale SX fra veicoli in marcia;Incrocio;Più di due carreggiate;Bagnato (pioggia);Asfaltata;Orizzontale;Pioggia in atto;Normale;Sufficiente;;0;0;0;7;12.3633;41.7839;-1;1;Autovettura privata;In marcia / fermata / arresto;Conducente;M;Illeso;0;;;
5758834;13;26/12/2021 20:10:00;Strada Urbana;VIA ANGELO ZOTTOLI;all'intersezione con;VIA DI ACILIA;VIA DI ACILIA;;;Scontro frontale/laterale SX fra veicoli in marcia;Incrocio;Più di due carreggiate;Bagnato (pioggia);Asfaltata;Orizzontale;Pioggia in atto;Normale;Sufficiente;;0;0;0;7;12.3633;41.7839;-1;1;Autovettura privata;In marcia / fermata / arresto;Passeggero;F;Illeso;0;;;
5758834;13;26/12/2021 20:10:00;Strada Urbana;VIA ANGELO ZOTTOLI;all'intersezione con;VIA DI ACILIA;VIA DI ACILIA;;;Scontro frontale/laterale SX fra veicoli in marcia;Incrocio;Più di due carreggiate;Bagnato (pioggia);Asfaltata;Orizzontale;Pioggia in atto;Normale;Sufficiente;;0;0;0;7;12.3633;41.7839;-1;1;Autovettura privata;In marcia / fermata / arresto;Passeggero;M;Illeso;0;;;
5758834;13;26/12/2021 20:10:00;Strada Urbana;VIA ANGELO ZOTTOLI;all'intersezione con;VIA DI ACILIA;VIA DI ACILIA;;;Scontro frontale/laterale SX fra veicoli in marcia;Incrocio;Più di due carreggiate;Bagnato (pioggia);Asfaltata;Orizzontale;Pioggia in atto;Normale;Sufficiente;;0;0;0;7;12.3633;41.7839;-1;1;Autovettura privata;In marcia / fermata / arresto;Passeggero;F;Illeso;0;;;
5758834;13;26/12/2021 20:10:00;Strada Urbana;VIA ANGELO ZOTTOLI;all'intersezione con;VIA DI ACILIA;VIA DI ACILIA;;;Scontro frontale/laterale SX fra veicoli in marcia;Incrocio;Più di due carreggiate;Bagnato (pioggia);Asfaltata;Orizzontale;Pioggia in atto;Normale;Sufficiente;;0;0;0;7;12.3633;41.7839;-1;2;Autovettura privata;In marcia / fermata / arresto;Conducente;M;Illeso;0;;;
5758834;13;26/12/2021 20:10:00;Strada Urbana;VIA ANGELO ZOTTOLI;all'intersezione con;VIA DI ACILIA;VIA DI ACILIA;;;Scontro frontale/laterale SX fra veicoli in marcia;Incrocio;Più di due carreggiate;Bagnato (pioggia);Asfaltata;Orizzontale;Pioggia in atto;Normale;Sufficiente;;0;0;0;7;12.3633;41.7839;-1;2;Autovettura privata;In marcia / fermata / arresto;Passeggero;F;Illeso;0;;;
5758834;13;26/12/2021 20:10:00;Strada Urbana;VIA ANGELO ZOTTOLI;all'intersezione con;VIA DI ACILIA;VIA DI ACILIA;;;Scontro frontale/laterale SX fra veicoli in marcia;Incrocio;Più di due carreggiate;Bagnato (pioggia);Asfaltata;Orizzontale;Pioggia in atto;Normale;Sufficiente;;0;0;0;7;12.3633;41.7839;-1;2;Autovettura privata;In marcia / fermata / arresto;Passeggero;M;Illeso;0;;;
5758841;7;26/12/2021 12:15:00;Strada Urbana;VIA PRENESTINA;in corrispondenza;;del palo luce n.;304;;Scontro laterale fra veicoli in marcia;Rettilineo;Una carreggiata a senso unico di marcia;Bagnato (pioggia);Asfaltata;Verticale ed orizzontale;Nuvoloso;Normale;Buona;;0;0;0;5;12.5651;41.8949;-1;1;Autovettura privata;In marcia / fermata / arresto;Conducente;M;Illeso;0;;Non accertato;Inesploso
5758841;7;26/12/2021 12:15:00;Strada Urbana;VIA PRENESTINA;in corrispondenza;;del palo luce n.;304;;Scontro laterale fra veicoli in marcia;Rettilineo;Una carreggiata a senso unico di marcia;Bagnato (pioggia);Asfaltata;Verticale ed orizzontale;Nuvoloso;Normale;Buona;;0;0;0;5;12.5651;41.8949;-1;1;Autovettura privata;In marcia / fermata / arresto;Passeggero;M;Illeso;0;;;
5758841;7;26/12/2021 12:15:00;Strada Urbana;VIA PRENESTINA;in corrispondenza;;del palo luce n.;304;;Scontro laterale fra veicoli in marcia;Rettilineo;Una carreggiata a senso unico di marcia;Bagnato (pioggia);Asfaltata;Verticale ed orizzontale;Nuvoloso;Normale;Buona;;0;0;0;5;12.5651;41.8949;-1;2;Autovettura privata;In marcia / fermata / arresto;Conducente;M;Illeso;0;;Non accertato;Inesploso
5758841;7;26/12/2021 12:15:00;Strada Urbana;VIA PRENESTINA;in corrispondenza;;del palo luce n.;304;;Scontro laterale fra veicoli in marcia;Rettilineo;Una carreggiata a senso unico di marcia;Bagnato (pioggia);Asfaltata;Verticale ed orizzontale;Nuvoloso;Normale;Buona;;0;0;0;5;12.5651;41.8949;-1;2;Autovettura privata;In marcia / fermata / arresto;Passeggero;F;Illeso;0;;;
5758841;7;26/12/2021 12:15:00;Strada Urbana;VIA PRENESTINA;in corrispondenza;;del palo luce n.;304;;Scontro laterale fra veicoli in marcia;Rettilineo;Una carreggiata a senso unico di marcia;Bagnato (pioggia);Asfaltata;Verticale ed orizzontale;Nuvoloso;Normale;Buona;;0;0;0;5;12.5651;41.8949;-1;2;Autovettura privata;In marcia / fermata / arresto;Passeggero;F;Illeso;0;;;
5758891;13;25/12/2021 22:50:00;Strada Urbana;VIA DEI REMI;in prossimità;;del civico n.;26;;Veicolo in marcia contro veicolo in sosta;Rettilineo;Una carreggiata a senso unico di marcia;Bagnato (umidità in atto);Asfaltata;Verticale;Nuvoloso;Scarso;Sufficiente;;0;0;0;0;;;0;1;Autovettura privata;Sosta;;;;;;;
5758891;13;25/12/2021 22:50:00;Strada Urbana;VIA DEI REMI;in prossimità;;del civico n.;26;;Veicolo in marcia contro veicolo in sosta;Rettilineo;Una carreggiata a senso unico di marcia;Bagnato (umidità in atto);Asfaltata;Verticale;Nuvoloso;Scarso;Sufficiente;;0;0;0;0;;;0;2;Autovettura privata;In marcia / fermata / arresto;;;;;;;
5758904;10;27/12/2021 11:30:00;Strada Urbana;VIA TUSCOLANA;in corrispondenza;;del civico n.;1021;;Infortunio per caduta del veicolo;Rettilineo;Più di due carreggiate;Bagnato (umidità in atto);Asfaltata;Verticale ed orizzontale;Nuvoloso;Normale;Buona;;1;0;0;0;12.5676;41.8542;-1;1;Velocipede;In marcia / fermata / arresto;Conducente;F;Rimandato;0;NON DECEDUTO;Esente;
5758959;1;27/12/2021 10:40:00;Strada Urbana;VIA CONTE VERDE;in prossimità;;del civico n.;38;;Tamponamento;Rettilineo;Una carreggiata a doppio senso;Asciutto;Asfaltata;Verticale ed orizzontale;Sereno;Normale;Buona;;1;0;0;1;;;0;1;Ciclomotore;In marcia / fermata / arresto;Conducente;F;Rimandato;0;NON DECEDUTO;;
5758959;1;27/12/2021 10:40:00;Strada Urbana;VIA CONTE VERDE;in prossimità;;del civico n.;38;;Tamponamento;Rettilineo;Una carreggiata a doppio senso;Asciutto;Asfaltata;Verticale ed orizzontale;Sereno;Normale;Buona;;1;0;0;1;;;0;2;Motociclo a solo;In marcia / fermata / arresto;Conducente;M;Illeso;0;;;
5758975;7;25/12/2021 18:30:00;Strada Urbana;VIALE PALMIRO TOGLIATTI;all'intersezione con;VIA PRENESTINA;VIA PRENESTINA;;;Investimento di pedone;Intersezione semaforizzata;Due carreggiate;Bagnato (pioggia);Asfaltata;Verticale ed orizzontale;Nuvoloso;Normale;Buona;;1;0;0;1;12.5733;41.8872;-1;;;;Pedone;M;Rifiuta cure immediate;0;NON DECEDUTO;;
5758975;7;25/12/2021 18:30:00;Strada Urbana;VIALE PALMIRO TOGLIATTI;all'intersezione con;VIA PRENESTINA;VIA PRENESTINA;;;Investimento di pedone;Intersezione semaforizzata;Due carreggiate;Bagnato (pioggia);Asfaltata;Verticale ed orizzontale;Nuvoloso;Normale;Buona;;1;0;0;1;12.5733;41.8872;-1;1;Autovettura privata;In marcia / fermata / arresto;Conducente;M;Illeso;0;;Non accertato;Inesploso
5759017;17;25/12/2021 21:40:00;Strada Urbana;PIAZZA DELLA ROVERE;da specificare;;;;fronte civico 112;Scontro laterale fra veicoli in marcia;Rettilineo;Una carreggiata a doppio senso;Bagnato (pioggia);Asfaltata;Verticale ed orizzontale;Pioggia in atto;Scarso;Sufficiente;;0;0;0;8;12.4627;41.8991;-1;1;Autovettura privata;In marcia / fermata / arresto;Conducente;M;Illeso;0;;;
5759017;17;25/12/2021 21:40:00;Strada Urbana;PIAZZA DELLA ROVERE;da specificare;;;;fronte civico 112;Scontro laterale fra veicoli in marcia;Rettilineo;Una carreggiata a doppio senso;Bagnato (pioggia);Asfaltata;Verticale ed orizzontale;Pioggia in atto;Scarso;Sufficiente;;0;0;0;8;12.4627;41.8991;-1;1;Autovettura privata;In marcia / fermata / arresto;Passeggero;M;Illeso;0;;;
5759017;17;25/12/2021 21:40:00;Strada Urbana;PIAZZA DELLA ROVERE;da specificare;;;;fronte civico 112;Scontro laterale fra veicoli in marcia;Rettilineo;Una carreggiata a doppio senso;Bagnato (pioggia);Asfaltata;Verticale ed orizzontale;Pioggia in atto;Scarso;Sufficiente;;0;0;0;8;12.4627;41.8991;-1;1;Autovettura privata;In marcia / fermata / arresto;Passeggero;M;Illeso;0;;;
5759017;17;25/12/2021 21:40:00;Strada Urbana;PIAZZA DELLA ROVERE;da specificare;;;;fronte civico 112;Scontro laterale fra veicoli in marcia;Rettilineo;Una carreggiata a doppio senso;Bagnato (pioggia);Asfaltata;Verticale ed orizzontale;Pioggia in atto;Scarso;Sufficiente;;0;0;0;8;12.4627;41.8991;-1;1;Autovettura privata;In marcia / fermata / arresto;Passeggero;M;Illeso;0;;;
5759017;17;25/12/2021 21:40:00;Strada Urbana;PIAZZA DELLA ROVERE;da specificare;;;;fronte civico 112;Scontro laterale fra veicoli in marcia;Rettilineo;Una carreggiata a doppio senso;Bagnato (pioggia);Asfaltata;Verticale ed orizzontale;Pioggia in atto;Scarso;Sufficiente;;0;0;0;8;12.4627;41.8991;-1;2;Autovettura privata;In marcia / fermata / arresto;Conducente;M;Illeso;0;;;
5759017;17;25/12/2021 21:40:00;Strada Urbana;PIAZZA DELLA ROVERE;da specificare;;;;fronte civico 112;Scontro laterale fra veicoli in marcia;Rettilineo;Una carreggiata a doppio senso;Bagnato (pioggia);Asfaltata;Verticale ed orizzontale;Pioggia in atto;Scarso;Sufficiente;;0;0;0;8;12.4627;41.8991;-1;2;Autovettura privata;In marcia / fermata / arresto;Passeggero;F;Illeso;0;;;
5759017;17;25/12/2021 21:40:00;Strada Urbana;PIAZZA DELLA ROVERE;da specificare;;;;fronte civico 112;Scontro laterale fra veicoli in marcia;Rettilineo;Una carreggiata a doppio senso;Bagnato (pioggia);Asfaltata;Verticale ed orizzontale;Pioggia in atto;Scarso;Sufficiente;;0;0;0;8;12.4627;41.8991;-1;2;Autovettura privata;In marcia / fermata / arresto;Passeggero;F;Illeso;0;;;
5759017;17;25/12/2021 21:40:00;Strada Urbana;PIAZZA DELLA ROVERE;da specificare;;;;fronte civico 112;Scontro laterale fra veicoli in marcia;Rettilineo;Una carreggiata a doppio senso;Bagnato (pioggia);Asfaltata;Verticale ed orizzontale;Pioggia in atto;Scarso;Sufficiente;;0;0;0;8;12.4627;41.8991;-1;2;Autovettura privata;In marcia / fermata / arresto;Passeggero;M;Illeso;0;;;
5759065;7;27/12/2021 12:45:00;Strada Urbana;VIA FEDERICO DELPINO;in prossimità;;del civico n.;13;;Veicolo in marcia contro veicolo in sosta;Rettilineo;Due carreggiate;Asciutto;Asfaltata;Orizzontale;Nuvoloso;Normale;Buona;;0;0;0;0;12.5613;41.8907;-1;1;Autovettura privata;Sosta;;;;;;;
5759065;7;27/12/2021 12:45:00;Strada Urbana;VIA FEDERICO DELPINO;in prossimità;;del civico n.;13;;Veicolo in marcia contro veicolo in sosta;Rettilineo;Due carreggiate;Asciutto;Asfaltata;Orizzontale;Nuvoloso;Normale;Buona;;0;0;0;0;12.5613;41.8907;-1;2;Autovettura privata;In marcia / fermata / arresto;;;;;;;
5759092;18;26/12/2021 18:30:00;Strada Urbana;VIA DELLA MAGLIANELLA;in prossimità;;del civico n.;303;;Veicolo in marcia contro ostacolo accidentale;Rettilineo;Una carreggiata a doppio senso;Bagnato (pioggia);Asfaltata;Verticale ed orizzontale;Pioggia in atto;Normale;Insufficiente;;0;0;0;3;12.3839;41.9117;0;1;Autovettura privata;In marcia / fermata / arresto;Conducente;M;Illeso;0;;Non accertato;Inesploso
5759092;18;26/12/2021 18:30:00;Strada Urbana;VIA DELLA MAGLIANELLA;in prossimità;;del civico n.;303;;Veicolo in marcia contro ostacolo accidentale;Rettilineo;Una carreggiata a doppio senso;Bagnato (pioggia);Asfaltata;Verticale ed orizzontale;Pioggia in atto;Normale;Insufficiente;;0;0;0;3;12.3839;41.9117;0;1;Autovettura privata;In marcia / fermata / arresto;Passeggero;F;Illeso;0;;Non accertato;Inesploso
5759092;18;26/12/2021 18:30:00;Strada Urbana;VIA DELLA MAGLIANELLA;in prossimità;;del civico n.;303;;Veicolo in marcia contro ostacolo accidentale;Rettilineo;Una carreggiata a doppio senso;Bagnato (pioggia);Asfaltata;Verticale ed orizzontale;Pioggia in atto;Normale;Insufficiente;;0;0;0;3;12.3839;41.9117;0;1;Autovettura privata;In marcia / fermata / arresto;Passeggero;F;Illeso;0;;Non accertato;Inesploso
5759131;9;27/12/2021 00:01:00;Strada Urbana;VIA MONTEFALCO;in corrispondenza;;del civico n.;65;;Veicolo in marcia contro veicolo in sosta;Rettilineo;Una carreggiata a senso unico di marcia;Asciutto;Asfaltata;Verticale ed orizzontale;Sereno;Normale;Buona;;0;0;0;0;12.5301;41.8793;-1;2;Autovettura privata;Sosta;;;;;;;
5759131;9;27/12/2021 00:01:00;Strada Urbana;VIA MONTEFALCO;in corrispondenza;;del civico n.;65;;Veicolo in marcia contro veicolo in sosta;Rettilineo;Una carreggiata a senso unico di marcia;Asciutto;Asfaltata;Verticale ed orizzontale;Sereno;Normale;Buona;;0;0;0;0;12.5301;41.8793;-1;3;Autovettura privata;Sosta;;;;;;;
5759131;9;27/12/2021 00:01:00;Strada Urbana;VIA MONTEFALCO;in corrispondenza;;del civico n.;65;;Veicolo in marcia contro veicolo in sosta;Rettilineo;Una carreggiata a senso unico di marcia;Asciutto;Asfaltata;Verticale ed orizzontale;Sereno;Normale;Buona;;0;0;0;0;12.5301;41.8793;-1;4;Autovettura privata;Sosta;;;;;;;
5759180;13;27/12/2021 13:00:00;Strada Urbana;VIALE DEI ROMAGNOLI;all'intersezione con;VIA GUIDO CALZA;VIA GUIDO CALZA;;;Tamponamento;Incrocio;Una carreggiata a senso unico di marcia;Asciutto;Asfaltata;Verticale;Nuvoloso;Normale;Buona;;1;0;0;1;12.2916;41.7522;-1;1;Autovettura privata;In marcia / fermata / arresto;Conducente;F;Rimandato;0;NON DECEDUTO;Non accertato;Inesploso
5759180;13;27/12/2021 13:00:00;Strada Urbana;VIALE DEI ROMAGNOLI;all'intersezione con;VIA GUIDO CALZA;VIA GUIDO CALZA;;;Tamponamento;Incrocio;Una carreggiata a senso unico di marcia;Asciutto;Asfaltata;Verticale;Nuvoloso;Normale;Buona;;1;0;0;1;12.2916;41.7522;-1;2;Autovettura privata;In marcia / fermata / arresto;Conducente;M;Illeso;0;;Non accertato;Inesploso
5759245;7;27/12/2021 15:45:00;Strada Urbana;VIA COLLATINA;in corrispondenza;;del civico n.;293;;Veicolo in marcia contro veicolo in sosta;Rettilineo;Una carreggiata a doppio senso;Asciutto;Asfaltata;Orizzontale;Nuvoloso;Normale;Buona;;1;0;0;1;12.5927;41.9044;-1;1;Autovettura privata;In marcia / fermata / arresto;Conducente;M;Illeso;0;;Non accertato;Inesploso
5759245;7;27/12/2021 15:45:00;Strada Urbana;VIA COLLATINA;in corrispondenza;;del civico n.;293;;Veicolo in marcia contro veicolo in sosta;Rettilineo;Una carreggiata a doppio senso;Asciutto;Asfaltata;Orizzontale;Nuvoloso;Normale;Buona;;1;0;0;1;12.5927;41.9044;-1;1;Autovettura privata;In marcia / fermata / arresto;Passeggero;M;Rimandato;0;NON DECEDUTO;Non accertato;Esploso
5759245;7;27/12/2021 15:45:00;Strada Urbana;VIA COLLATINA;in corrispondenza;;del civico n.;293;;Veicolo in marcia contro veicolo in sosta;Rettilineo;Una carreggiata a doppio senso;Asciutto;Asfaltata;Orizzontale;Nuvoloso;Normale;Buona;;1;0;0;1;12.5927;41.9044;-1;2;Autovettura privata;Sosta;;;;;;;
5759283;12;27/12/2021 14:20:00;Provinciale entro l'abitato;VIA LAURENTINA;da specificare;;;;km 9.700 direzione Roma centro;Veicolo in marcia che urta buche nella carreggiata;Rettilineo;Due carreggiate;Asciutto;Asfaltata;Verticale ed orizzontale;Nuvoloso;Normale;Buona;;0;0;0;1;12.4856;41.8103;-1;1;Autovettura privata;In marcia / fermata / arresto;Conducente;F;Illeso;0;;Utilizzato;Inesploso
5759296;17;26/12/2021 18:00:00;Strada Urbana;VIA TERENZIO;in corrispondenza;;del civico n.;29;;Scontro laterale fra veicoli in marcia;Rettilineo;Una carreggiata a senso unico di marcia;Bagnato (pioggia);Asfaltata;Verticale ed orizzontale;Pioggia in atto;Normale;Buona;;1;0;0;1;12.4633;41.9062;-1;1;Autovettura privata;In marcia / fermata / arresto;Conducente;F;Illeso;0;;;
5759296;17;26/12/2021 18:00:00;Strada Urbana;VIA TERENZIO;in corrispondenza;;del civico n.;29;;Scontro laterale fra veicoli in marcia;Rettilineo;Una carreggiata a senso unico di marcia;Bagnato (pioggia);Asfaltata;Verticale ed orizzontale;Pioggia in atto;Normale;Buona;;1;0;0;1;12.4633;41.9062;-1;2;Motociclo con passeggero;In marcia / fermata / arresto;Conducente;M;Rimandato;0;NON DECEDUTO;;
5759358;5;27/12/2021 11:10:00;Strada Urbana;NUOVA CIRCONVALLAZIONE INTERNA;da specificare;;;;direzione S. Giovanni alt. uscita Staz. Tiburtina;Scontro laterale fra veicoli in marcia;Galleria illuminata;Una carreggiata a senso unico di marcia;Asciutto;Asfaltata;Verticale ed orizzontale;Sereno;Intenso;Buona;;2;0;0;1;12.534;41.9083;-1;1;Autovettura privata;In marcia / fermata / arresto;Conducente;F;Rimandato;0;NON DECEDUTO;Non accertato;