Protocollo;Gruppo;DataOraIncidente;Localizzazione1;STRADA1;Localizzazione2;STRADA2;Strada02;Chilometrica;DaSpecificare;NaturaIncidente;particolaritastrade;TipoStrada;FondoStradale;Pavimentazione;Segnaletica;CondizioneAtmosferica;Traffico;Visibilita;Illuminazione;NUM_FERITI;NUM_RISERVATA;NUM_MORTI;NUM_ILLESI;Longitude;Latitude;Confermato;Progressivo;TipoVeicolo;StatoVeicolo;TipoPersona;Sesso;Tipolesione;Deceduto;DecedutoDopo;CinturaCascoUtilizzato;Airbag;
5759358;5;27/12/2021 11:10:00;Strada Urbana;NUOVA CIRCONVALLAZIONE INTERNA;da specificare;;;;direzione S. Giovanni alt. uscita Staz. Tiburtina;Scontro laterale fra veicoli in marcia;Galleria illuminata;Una carreggiata a senso unico di marcia;Asciutto;Asfaltata;Verticale ed orizzontale;Sereno;Intenso;Buona;;2;0;0;1;12.534;41.9083;-1;2;Autovettura privata;In marcia / fermata / arresto;Conducente;F;Rimandato;0;NON DECEDUTO;Non accertato;Inesploso
5759358;5;27/12/2021 11:10:00;Strada Urbana;NUOVA CIRCONVALLAZIONE INTERNA;da specificare;;;;direzione S. Giovanni alt. uscita Staz. Tiburtina;Scontro laterale fra veicoli in marcia;Galleria illuminata;Una carreggiata a senso unico di marcia;Asciutto;Asfaltata;Verticale ed orizzontale;Sereno;Intenso;Buona;;2;0;0;1;12.534;41.9083;-1;3;Autovettura privata;In marcia / fermata / arresto;Conducente;F;Illeso;0;;Non accertato;
5759365;5;27/12/2021 13:00:00;Strada Urbana;VIA EUGENIO CHECCHI;in corrispondenza;;del civico n.;60;;Scontro frontale/laterale DX fra veicoli in marcia;Pendenza;Una carreggiata a doppio senso;Bagnato (pioggia);Asfaltata;Assente;Nuvoloso;Normale;Buona;;0;0;0;2;12.5446;41.9102;-1;1;Motociclo a solo;In marcia / fermata / arresto;Conducente;F;Illeso;0;;Non accertato;
5759365;5;27/12/2021 13:00:00;Strada Urbana;VIA EUGENIO CHECCHI;in corrispondenza;;del civico n.;60;;Scontro frontale/laterale DX fra veicoli in marcia;Pendenza;Una carreggiata a doppio senso;Bagnato (pioggia);Asfaltata;Assente;Nuvoloso;Normale;Buona;;0;0;0;2;12.5446;41.9102;-1;2;Autovettura privata;In marcia / fermata / arresto;Conducente;M;Illeso;0;;Non accertato;
5759376;5;27/12/2021 15:15:00;Strada Urbana;VIALE SACCO E VANZETTI;da specificare;;;;prossimità VIALE PALMIRO TOGLIATTI;Tamponamento;Rettilineo;Due carreggiate;Bagnato (umidità in atto);Asfaltata;Verticale;Nuvoloso;Normale;Buona;;1;0;0;1;12.5718;41.9101;-1;1;Autovettura privata;In marcia / fermata / arresto;Conducente;F;Illeso;0;;Non accertato;
5759376;5;27/12/2021 15:15:00;Strada Urbana;VIALE SACCO E VANZETTI;da specificare;;;;prossimità VIALE PALMIRO TOGLIATTI;Tamponamento;Rettilineo;Due carreggiate;Bagnato (umidità in atto);Asfaltata;Verticale;Nuvoloso;Normale;Buona;;1;0;0;1;12.5718;41.9101;-1;2;Autovettura privata;In marcia / fermata / arresto;Conducente;F;Rimandato;0;NON DECEDUTO;Non accertato;
5759435;19;27/12/2021 01:00:00;Strada Urbana;VIA DELLA LUCCHINA;in corrispondenza;;del civico n.;98;;Veicolo in marcia contro ostacolo fisso;Rettilineo;Una carreggiata a doppio senso;Bagnato (pioggia);Asfaltata;Verticale ed orizzontale;Nuvoloso;Scarso;Buona;;0;0;0;1;12.3993;41.9581;-1;1;Autovettura privata;In marcia / fermata / arresto;Conducente;F;Illeso;0;;;
5759445;12;27/12/2021 14:15:00;Provinciale entro l'abitato;VIA LAURENTINA;da specificare;;;;km 9.700 dir. Roma centro ;Veicolo in marcia che urta buche nella carreggiata;Rettilineo;Due carreggiate;Asciutto;Asfaltata;Verticale ed orizzontale;Nuvoloso;Normale;Buona;;0;0;0;1;12.4856;41.8103;-1;1;Autovettura privata;In marcia / fermata / arresto;Conducente;M;Illeso;0;;Utilizzato;Inesploso
5759461;10;27/12/2021 11:50:00;Strada Urbana;VIALE TITO LABIENO;all'intersezione con;VIALE ANICIO GALLO;VIALE ANICIO GALLO;;;Investimento di pedone;Incrocio;Due carreggiate;Asciutto;Asfaltata;Verticale ed orizzontale;Sereno;Normale;Buona;;1;0;0;1;12.5653;41.8516;-1;;;;Pedone;M;Rimandato;0;NON DECEDUTO;;
5759461;10;27/12/2021 11:50:00;Strada Urbana;VIALE TITO LABIENO;all'intersezione con;VIALE ANICIO GALLO;VIALE ANICIO GALLO;;;Investimento di pedone;Incrocio;Due carreggiate;Asciutto;Asfaltata;Verticale ed orizzontale;Sereno;Normale;Buona;;1;0;0;1;12.5653;41.8516;-1;1;Autovettura privata;In marcia / fermata / arresto;Conducente;M;Illeso;0;;Non accertato;Inesploso
5759603;12;28/12/2021 00:35:00;Provinciale;VIA ARDEATINA;da specificare;;;;dir. Pomezia 100 mt prima del distributore Eni;Veicolo in marcia contro ostacolo accidentale;Rettilineo;Una carreggiata a doppio senso;Bagnato (pioggia);Con buche;Verticale ed orizzontale;Pioggia in atto;Scarso;Buona;;0;0;0;3;12.5604;41.75;-1;1;Autovettura privata;In marcia / fermata / arresto;Conducente;M;Illeso;0;;Non accertato;Inesploso
5759603;12;28/12/2021 00:35:00;Provinciale;VIA ARDEATINA;da specificare;;;;dir. Pomezia 100 mt prima del distributore Eni;Veicolo in marcia contro ostacolo accidentale;Rettilineo;Una carreggiata a doppio senso;Bagnato (pioggia);Con buche;Verticale ed orizzontale;Pioggia in atto;Scarso;Buona;;0;0;0;3;12.5604;41.75;-1;1;Autovettura privata;In marcia / fermata / arresto;Passeggero;M;Illeso;0;;Non accertato;
5759603;12;28/12/2021 00:35:00;Provinciale;VIA ARDEATINA;da specificare;;;;dir. Pomezia 100 mt prima del distributore Eni;Veicolo in marcia contro ostacolo accidentale;Rettilineo;Una carreggiata a doppio senso;Bagnato (pioggia);Con buche;Verticale ed orizzontale;Pioggia in atto;Scarso;Buona;;0;0;0;3;12.5604;41.75;-1;1;Autovettura privata;In marcia / fermata / arresto;Passeggero;M;Illeso;0;;Non accertato;
5759676;12;27/12/2021 08:30:00;Provinciale entro l'abitato;VIA OSTIENSE;all'intersezione con;VIA DI DECIMA;VIA DI DECIMA;;;Scontro frontale/laterale DX fra veicoli in marcia;Intersezione stradale segnalata;Una carreggiata a doppio senso;Bagnato (umidità in atto);Asfaltata;Verticale ed orizzontale;Sereno;Normale;Buona;;2;0;0;1;12.4414;41.823;-1;1;Autovettura privata;In marcia / fermata / arresto;Conducente;M;Illeso;0;;Utilizzato;Inesploso
5759676;12;27/12/2021 08:30:00;Provinciale entro l'abitato;VIA OSTIENSE;all'intersezione con;VIA DI DECIMA;VIA DI DECIMA;;;Scontro frontale/laterale DX fra veicoli in marcia;Intersezione stradale segnalata;Una carreggiata a doppio senso;Bagnato (umidità in atto);Asfaltata;Verticale ed orizzontale;Sereno;Normale;Buona;;2;0;0;1;12.4414;41.823;-1;2;Motociclo con passeggero;In marcia / fermata / arresto;Conducente;M;Rimandato;0;NON DECEDUTO;;
5759676;12;27/12/2021 08:30:00;Provinciale entro l'abitato;VIA OSTIENSE;all'intersezione con;VIA DI DECIMA;VIA DI DECIMA;;;Scontro frontale/laterale DX fra veicoli in marcia;Intersezione stradale segnalata;Una carreggiata a doppio senso;Bagnato (umidità in atto);Asfaltata;Verticale ed orizzontale;Sereno;Normale;Buona;;2;0;0;1;12.4414;41.823;-1;2;Motociclo con passeggero;In marcia / fermata / arresto;Passeggero;F;Rimandato;0;NON DECEDUTO;Utilizzato;
5759677;11;27/12/2021 10:00:00;Strada Urbana;VIA SALVINO SERNESI;da specificare;;;;altezza VIA DEI COCCHIERI;Scontro laterale fra veicoli in marcia;Rotatoria;Due carreggiate;Bagnato (pioggia);Asfaltata;Verticale ed orizzontale;Nuvoloso;Normale;Buona;;0;0;0;4;12.4735;41.8473;-1;1;Autovettura privata;In marcia / fermata / arresto;Conducente;M;Illeso;0;;Non accertato;
5759677;11;27/12/2021 10:00:00;Strada Urbana;VIA SALVINO SERNESI;da specificare;;;;altezza VIA DEI COCCHIERI;Scontro laterale fra veicoli in marcia;Rotatoria;Due carreggiate;Bagnato (pioggia);Asfaltata;Verticale ed orizzontale;Nuvoloso;Normale;Buona;;0;0;0;4;12.4735;41.8473;-1;2;Autocarro inferiore 35 q.;In marcia / fermata / arresto;Conducente;M;Illeso;0;;Non accertato;
5759677;11;27/12/2021 10:00:00;Strada Urbana;VIA SALVINO SERNESI;da specificare;;;;altezza VIA DEI COCCHIERI;Scontro laterale fra veicoli in marcia;Rotatoria;Due carreggiate;Bagnato (pioggia);Asfaltata;Verticale ed orizzontale;Nuvoloso;Normale;Buona;;0;0;0;4;12.4735;41.8473;-1;2;Autocarro inferiore 35 q.;In marcia / fermata / arresto;Passeggero;M;Illeso;0;;Non accertato;
5759677;11;27/12/2021 10:00:00;Strada Urbana;VIA SALVINO SERNESI;da specificare;;;;altezza VIA DEI COCCHIERI;Scontro laterale fra veicoli in marcia;Rotatoria;Due carreggiate;Bagnato (pioggia);Asfaltata;Verticale ed orizzontale;Nuvoloso;Normale;Buona;;0;0;0;4;12.4735;41.8473;-1;2;Autocarro inferiore 35 q.;In marcia / fermata / arresto;Passeggero;M;Illeso;0;;Non accertato;
5759702;20;27/12/2021 06:35:00;Strada Urbana;VIA DEL FORO ITALICO;da specificare;;;;CORRISPONDENZA RAMPA DI CORSO DI FRANCIA;Tamponamento;Rettilineo;Una carreggiata a senso unico di marcia;Bagnato (umidità in atto);Asfaltata;Verticale ed orizzontale;Sereno;Normale;Buona;;0;0;0;3;12.4813;41.9402;-1;1;Autovettura privata;In marcia / fermata / arresto;Conducente;M;Illeso;0;;Non accertato;
5759702;20;27/12/2021 06:35:00;Strada Urbana;VIA DEL FORO ITALICO;da specificare;;;;CORRISPONDENZA RAMPA DI CORSO DI FRANCIA;Tamponamento;Rettilineo;Una carreggiata a senso unico di marcia;Bagnato (umidità in atto);Asfaltata;Verticale ed orizzontale;Sereno;Normale;Buona;;0;0;0;3;12.4813;41.9402;-1;2;Autovettura privata;In marcia / fermata / arresto;Conducente;M;Illeso;0;;Non accertato;Inesploso
5759702;20;27/12/2021 06:35:00;Strada Urbana;VIA DEL FORO ITALICO;da specificare;;;;CORRISPONDENZA RAMPA DI CORSO DI FRANCIA;Tamponamento;Rettilineo;Una carreggiata a senso unico di marcia;Bagnato (umidità in atto);Asfaltata;Verticale ed orizzontale;Sereno;Normale;Buona;;0;0;0;3;12.4813;41.9402;-1;2;Autovettura privata;In marcia / fermata / arresto;Passeggero;M;Illeso;0;;Non accertato;Inesploso
5759724;20;27/12/2021 14:30:00;Strada Urbana;VIA DEGLI ORTI DELLA FARNESINA;da specificare;;;;FRONTE CIVICO 138;Scontro frontale/laterale SX fra veicoli in marcia;Rettilineo;Una carreggiata a senso unico di marcia;Bagnato (umidità in atto);Asfaltata;Verticale ed orizzontale;Nuvoloso;Normale;Buona;;0;0;0;2;12.4622;41.9424;-1;1;Autovettura privata;In marcia / fermata / arresto;Conducente;M;Illeso;0;;Non accertato;
5759724;20;27/12/2021 14:30:00;Strada Urbana;VIA DEGLI ORTI DELLA FARNESINA;da specificare;;;;FRONTE CIVICO 138;Scontro frontale/laterale SX fra veicoli in marcia;Rettilineo;Una carreggiata a senso unico di marcia;Bagnato (umidità in atto);Asfaltata;Verticale ed orizzontale;Nuvoloso;Normale;Buona;;0;0;0;2;12.4622;41.9424;-1;2;Autovettura privata;In marcia / fermata / arresto;Conducente;M;Illeso;0;;Non accertato;Esploso
5759724;20;27/12/2021 14:30:00;Strada Urbana;VIA DEGLI ORTI DELLA FARNESINA;da specificare;;;;FRONTE CIVICO 138;Scontro frontale/laterale SX fra veicoli in marcia;Rettilineo;Una carreggiata a senso unico di marcia;Bagnato (umidità in atto);Asfaltata;Verticale ed orizzontale;Nuvoloso;Normale;Buona;;0;0;0;2;12.4622;41.9424;-1;3;Autovettura privata;Sosta;;;;;;;
5759724;20;27/12/2021 14:30:00;Strada Urbana;VIA DEGLI ORTI DELLA FARNESINA;da specificare;;;;FRONTE CIVICO 138;Scontro frontale/laterale SX fra veicoli in marcia;Rettilineo;Una carreggiata a senso unico di marcia;Bagnato (umidità in atto);Asfaltata;Verticale ed orizzontale;Nuvoloso;Normale;Buona;;0;0;0;2;12.4622;41.9424;-1;4;Autovettura privata;Sosta;;;;;;;
5759724;20;27/12/2021 14:30:00;Strada Urbana;VIA DEGLI ORTI DELLA FARNESINA;da specificare;;;;FRONTE CIVICO 138;Scontro frontale/laterale SX fra veicoli in marcia;Rettilineo;Una carreggiata a senso unico di marcia;Bagnato (umidità in atto);Asfaltata;Verticale ed orizzontale;Nuvoloso;Normale;Buona;;0;0;0;2;12.4622;41.9424;-1;5;Autovettura privata;Sosta;;;;;;;
5759727;16;22/12/2021 15:30:00;;VIA AURELIA;in corrispondenza;;del civico n.;1303;;Scontro frontale/laterale SX fra veicoli in marcia;;;;;;;;;;0;0;0;2;12.3551;41.8811;0;1;Autovettura privata;In marcia / fermata / arresto;Conducente;F;Illeso;0;;;
5759727;16;22/12/2021 15:30:00;;VIA AURELIA;in corrispondenza;;del civico n.;1303;;Scontro frontale/laterale SX fra veicoli in marcia;;;;;;;;;;0;0;0;2;12.3551;41.8811;0;2;Motociclo a solo;In marcia / fermata / arresto;Conducente;M;Illeso;0;;;
5759730;16;28/12/2021;Strada Urbana;VIA OSTIENSE;da specificare;;;;altezza STAZIONE LIDO NORD direzione ROMA;Investimento di pedone;Rettilineo;Una carreggiata a doppio senso;Bagnato (pioggia);Asfaltata;Orizzontale;Pioggia in atto;Scarso;Insufficiente;;0;0;1;1;;;0;;;;Pedone;M;Deceduto durante prime cure;-1;;;
5759730;16;28/12/2021;Strada Urbana;VIA OSTIENSE;da specificare;;;;altezza STAZIONE LIDO NORD direzione ROMA;Investimento di pedone;Rettilineo;Una carreggiata a doppio senso;Bagnato (pioggia);Asfaltata;Orizzontale;Pioggia in atto;Scarso;Insufficiente;;0;0;1;1;;;0;1;Autovettura privata;In marcia / fermata / arresto;Conducente;M;Illeso;0;;Non accertato;
5759733;8;27/12/2021 05:20:00;Provinciale;VIA ZAGAROLESE;da specificare;;;;in prossimità del KM 5,4 direzione ZAGAROLO;Fuoriuscita dalla sede stradale;Curva senza visuale libera;Una carreggiata a doppio senso;Bagnato (umidità in atto);Asfaltata;Verticale ed orizzontale;Sereno;Scarso;Sufficiente;;0;0;0;1;12.7621;41.9103;-1;1;Autovettura privata;In marcia / fermata / arresto;Conducente;M;Illeso;0;;Non accertato;Inesploso
5759735;15;27/12/2021 08:20:00;Strada Urbana;VIA DEL PONTE PISANO;da specificare;;;;fronte palo Telecom n. B00F-099-978;Scontro frontale fra veicoli in marcia;Rettilineo;Una carreggiata a doppio senso;Bagnato (pioggia);Asfaltata;Orizzontale;Sereno;Normale;Buona;;0;0;0;2;12.4046;41.8478;-1;1;Autovettura privata;In marcia / fermata / arresto;Conducente;F;Illeso;0;;Non accertato;Inesploso
5759735;15;27/12/2021 08:20:00;Strada Urbana;VIA DEL PONTE PISANO;da specificare;;;;fronte palo Telecom n. B00F-099-978;Scontro frontale fra veicoli in marcia;Rettilineo;Una carreggiata a doppio senso;Bagnato (pioggia);Asfaltata;Orizzontale;Sereno;Normale;Buona;;0;0;0;2;12.4046;41.8478;-1;2;Motociclo a solo;In marcia / fermata / arresto;Conducente;M;Illeso;0;;Non accertato;
5759737;10;27/12/2021 18:40:00;Strada Urbana;VIA EMANUELE CARNEVALE;in corrispondenza;;del civico n.;75;;Tamponamento;Rettilineo;Una carreggiata a doppio senso;Bagnato (pioggia);Asfaltata;Verticale ed orizzontale;Pioggia in atto;Normale;Buona;;0;0;0;3;12.6036;41.8498;-1;1;Autovettura privata;In marcia / fermata / arresto;Conducente;F;Illeso;0;;Non accertato;Inesploso
5759737;10;27/12/2021 18:40:00;Strada Urbana;VIA EMANUELE CARNEVALE;in corrispondenza;;del civico n.;75;;Tamponamento;Rettilineo;Una carreggiata a doppio senso;Bagnato (pioggia);Asfaltata;Verticale ed orizzontale;Pioggia in atto;Normale;Buona;;0;0;0;3;12.6036;41.8498;-1;2;Autovettura privata;In marcia / fermata / arresto;Conducente;M;Illeso;0;;Non accertato;Inesploso
5759737;10;27/12/2021 18:40:00;Strada Urbana;VIA EMANUELE CARNEVALE;in corrispondenza;;del civico n.;75;;Tamponamento;Rettilineo;Una carreggiata a doppio senso;Bagnato (pioggia);Asfaltata;Verticale ed orizzontale;Pioggia in atto;Normale;Buona;;0;0;0;3;12.6036;41.8498;-1;2;Autovettura privata;In marcia / fermata / arresto;Passeggero;F;Illeso;0;;Non accertato;Inesploso
5759738;8;27/12/2021 08:45:00;Strada Urbana;VIA BUSCEMI;in corrispondenza;;del civico n.;84;;Veicolo in marcia contro veicolo in sosta;Rettilineo;Una carreggiata a doppio senso;Bagnato (umidità in atto);Asfaltata;Assente;Sereno;Normale;Buona;;0;0;0;1;12.6574;41.8661;-1;1;Autovettura privata;In marcia / fermata / arresto;Conducente;M;Illeso;0;;Non accertato;Inesploso
5759738;8;27/12/2021 08:45:00;Strada Urbana;VIA BUSCEMI;in corrispondenza;;del civico n.;84;;Veicolo in marcia contro veicolo in sosta;Rettilineo;Una carreggiata a doppio senso;Bagnato (umidità in atto);Asfaltata;Assente;Sereno;Normale;Buona;;0;0;0;1;12.6574;41.8661;-1;2;Autocarro inferiore 35 q.;Sosta;;;;;;;
5759742;18;27/12/2021 19:15:00;Strada Urbana;VIA DELLA MAGLIANELLA;in prossimità;;del civico n.;256;;Veicolo in marcia che urta buche nella carreggiata;Rettilineo;Una carreggiata a doppio senso;Bagnato (pioggia);Asfaltata;Verticale ed orizzontale;Pioggia in atto;Normale;Insufficiente;;0;0;0;1;12.3824;41.9082;0;1;Autovettura privata;In marcia / fermata / arresto;Conducente;M;Illeso;0;;Non accertato;Inesploso
5759744;12;27/12/2021 07:40:00;Strada Urbana;VIA DEL MARE;da specificare;;;;pross. GRA direzione Roma;Veicolo in marcia che urta buche nella carreggiata;Rettilineo;Più di due carreggiate;Bagnato (umidità in atto);Con buche;Verticale ed orizzontale;Sereno;Normale;Buona;;0;0;0;1;12.42;41.8069;-1;1;Autovettura privata;In marcia / fermata / arresto;Conducente;M;Illeso;0;;Utilizzato;
5759745;1;27/12/2021 15:15:00;Strada Urbana;VIA GARIBALDI;in prossimità;;del palo luce n.;50;;Veicolo in marcia contro veicoli in sosta;Rettilineo;Una carreggiata a doppio senso;Asciutto;Asfaltata;Verticale ed orizzontale;Nuvoloso;Normale;Sufficiente;;0;0;0;1;12.4652;41.8886;-1;1;Autovettura privata;In marcia / fermata / arresto;Conducente;F;Illeso;0;;Non accertato;Inesploso
5759745;1;27/12/2021 15:15:00;Strada Urbana;VIA GARIBALDI;in prossimità;;del palo luce n.;50;;Veicolo in marcia contro veicoli in sosta;Rettilineo;Una carreggiata a doppio senso;Asciutto;Asfaltata;Verticale ed orizzontale;Nuvoloso;Normale;Sufficiente;;0;0;0;1;12.4652;41.8886;-1;2;Autovettura privata;Sosta;;;;;;;
5759745;1;27/12/2021 15:15:00;Strada Urbana;VIA GARIBALDI;in prossimità;;del palo luce n.;50;;Veicolo in marcia contro veicoli in sosta;Rettilineo;Una carreggiata a doppio senso;Asciutto;Asfaltata;Verticale ed orizzontale;Nuvoloso;Normale;Sufficiente;;0;0;0;1;12.4652;41.8886;-1;3;Autovettura privata;Sosta;;;;;;;
5759747;12;27/12/2021 08:10:00;Strada Urbana;VIA DEL MARE;da specificare;;;;altezza G.R.A. direzione Roma;Veicolo in marcia che urta buche nella carreggiata;Rettilineo;Più di due carreggiate;Asciutto;Con buche;Verticale ed orizzontale;Sereno;Normale;Buona;;0;0;0;1;12.4257;41.812;-1;1;Autovettura privata;In marcia / fermata / arresto;Conducente;M;Illeso;0;;Non accertato;Inesploso
5759748;8;27/12/2021 09:30:00;Strada Urbana;VIA ANTONIO CASTAGNARO;in corrispondenza;;del palo luce n.;4;;Scontro frontale/laterale DX fra veicoli in marcia;Curva a visuale libera;Una carreggiata a doppio senso;Asciutto;Asfaltata;Verticale ed orizzontale;Sereno;Scarso;Buona;;0;0;0;1;12.6695;41.9005;-1;1;Autobus di linea;In marcia / fermata / arresto;Conducente;M;Illeso;0;;Non accertato;Inesploso
5759748;8;27/12/2021 09:30:00;Strada Urbana;VIA ANTONIO CASTAGNARO;in corrispondenza;;del palo luce n.;4;;Scontro frontale/laterale DX fra veicoli in marcia;Curva a visuale libera;Una carreggiata a doppio senso;Asciutto;Asfaltata;Verticale ed orizzontale;Sereno;Scarso;Buona;;0;0;0;1;12.6695;41.9005;-1;2;Autovettura privata;Allontanatosi;;;;;;;
5759751;8;27/12/2021 15:30:00;Strada Urbana;VIA PIERO CORTI;in prossimità;;del palo luce n.;15;;Veicolo in marcia che urta buche nella carreggiata;Curva a visuale libera;Una carreggiata a doppio senso;Asciutto;Asfaltata;Verticale ed orizzontale;Nuvoloso;Normale;Buona;;0;0;0;1;12.6733;41.9024;-1;1;Autovettura privata;In marcia / fermata / arresto;Conducente;F;Illeso;0;;Non accertato;Inesploso
5759754;15;27/12/2021 12:20:00;Strada Urbana;VIA DELLA MAGLIANA;da specificare;;;;FRONTE CIVICO 368/A;Veicolo in marcia che urta buche nella carreggiata;Rettilineo;Due carreggiate;Bagnato (umidità in atto);Asfaltata;Orizzontale;Nuvoloso;Intenso;Buona;;0;0;0;2;12.4196;41.8317;-1;1;Autovettura privata;In marcia / fermata / arresto;Conducente;M;Illeso;0;;Non accertato;Inesploso
5759754;15;27/12/2021 12:20:00;Strada Urbana;VIA DELLA MAGLIANA;da specificare;;;;FRONTE CIVICO 368/A;Veicolo in marcia che urta buche nella carreggiata;Rettilineo;Due carreggiate;Bagnato (umidità in atto);Asfaltata;Orizzontale;Nuvoloso;Intenso;Buona;;0;0;0;2;12.4196;41.8317;-1;1;Autovettura privata;In marcia / fermata / arresto;Passeggero;F;Illeso;0;;Non accertato;Inesploso
5759756;8;27/12/2021 22:30:00;Strada Urbana;VIA DI PASSO LOMBARDO;in corrispondenza;;del civico n.;350;;Investimento di pedone;Rettilineo;Una carreggiata a doppio senso;Bagnato (pioggia);Asfaltata;Orizzontale;Pioggia in atto;Scarso;Sufficiente;;0;0;0;3;12.6285;41.8474;-1;;;;Pedone;M;Illeso;0;;;
5759756;8;27/12/2021 22:30:00;Strada Urbana;VIA DI PASSO LOMBARDO;in corrispondenza;;del civico n.;350;;Investimento di pedone;Rettilineo;Una carreggiata a doppio senso;Bagnato (pioggia);Asfaltata;Orizzontale;Pioggia in atto;Scarso;Sufficiente;;0;0;0;3;12.6285;41.8474;-1;1;Autovettura privata;In marcia / fermata / arresto;Conducente;F;Illeso;0;;Non accertato;Inesploso
5759756;8;27/12/2021 22:30:00;Strada Urbana;VIA DI PASSO LOMBARDO;in corrispondenza;;del civico n.;350;;Investimento di pedone;Rettilineo;Una carreggiata a doppio senso;Bagnato (pioggia);Asfaltata;Orizzontale;Pioggia in atto;Scarso;Sufficiente;;0;0;0;3;12.6285;41.8474;-1;1;Autovettura privata;In marcia / fermata / arresto;Passeggero;F;Illeso;0;;Non accertato;Inesploso
5759757;8;27/12/2021 16:20:00;Strada Urbana;VIA WALTER TOBAGI;in prossimità;;del civico n.;113;;Scontro frontale/laterale DX fra veicoli in marcia;Rettilineo;Una carreggiata a doppio senso;Bagnato (pioggia);Asfaltata;Verticale ed orizzontale;Pioggia in atto;Intenso;Buona;;1;0;0;3;12.5985;41.8727;-1;1;Motociclo a solo;In marcia / fermata / arresto;Conducente;M;Illeso;0;;Non accertato;
5759757;8;27/12/2021 16:20:00;Strada Urbana;VIA WALTER TOBAGI;in prossimità;;del civico n.;113;;Scontro frontale/laterale DX fra veicoli in marcia;Rettilineo;Una carreggiata a doppio senso;Bagnato (pioggia);Asfaltata;Verticale ed orizzontale;Pioggia in atto;Intenso;Buona;;1;0;0;3;12.5985;41.8727;-1;2;Autovettura privata;In marcia / fermata / arresto;Conducente;M;Illeso;0;;Non accertato;Inesploso
5759757;8;27/12/2021 16:20:00;Strada Urbana;VIA WALTER TOBAGI;in prossimità;;del civico n.;113;;Scontro frontale/laterale DX fra veicoli in marcia;Rettilineo;Una carreggiata a doppio senso;Bagnato (pioggia);Asfaltata;Verticale ed orizzontale;Pioggia in atto;Intenso;Buona;;1;0;0;3;12.5985;41.8727;-1;2;Autovettura privata;In marcia / fermata / arresto;Passeggero;F;Rimandato;0;NON DECEDUTO;Non accertato;Inesploso
5759757;8;27/12/2021 16:20:00;Strada Urbana;VIA WALTER TOBAGI;in prossimità;;del civico n.;113;;Scontro frontale/laterale DX fra veicoli in marcia;Rettilineo;Una carreggiata a doppio senso;Bagnato (pioggia);Asfaltata;Verticale ed orizzontale;Pioggia in atto;Intenso;Buona;;1;0;0;3;12.5985;41.8727;-1;2;Autovettura privata;In marcia / fermata / arresto;Passeggero;M;Illeso;0;;Non accertato;Inesploso
5759760;8;27/12/2021 17:00:00;Strada Urbana;VIA DI VERMICINO;da specificare;;;;altezza VIA DEL PADIGLIONE;Scontro laterale fra veicoli in marcia;Curva senza visuale libera;Una carreggiata a doppio senso;Bagnato (pioggia);Asfaltata;Verticale ed orizzontale;Pioggia in atto;Normale;Buona;;0;0;0;4;12.661;41.8422;-1;1;Autovettura privata;In marcia / fermata / arresto;Conducente;M;Illeso;0;;Non accertato;Inesploso
5759760;8;27/12/2021 17:00:00;Strada Urbana;VIA DI VERMICINO;da specificare;;;;altezza VIA DEL PADIGLIONE;Scontro laterale fra veicoli in marcia;Curva senza visuale libera;Una carreggiata a doppio senso;Bagnato (pioggia);Asfaltata;Verticale ed orizzontale;Pioggia in atto;Normale;Buona;;0;0;0;4;12.661;41.8422;-1;1;Autovettura privata;In marcia / fermata / arresto;Passeggero;M;Illeso;0;;Non accertato;Inesploso
5759760;8;27/12/2021 17:00:00;Strada Urbana;VIA DI VERMICINO;da specificare;;;;altezza VIA DEL PADIGLIONE;Scontro laterale fra veicoli in marcia;Curva senza visuale libera;Una carreggiata a doppio senso;Bagnato (pioggia);Asfaltata;Verticale ed orizzontale;Pioggia in atto;Normale;Buona;;0;0;0;4;12.661;41.8422;-1;2;Autovettura privata;In marcia / fermata / arresto;Conducente;M;Illeso;0;;Non accertato;Inesploso
5759760;8;27/12/2021 17:00:00;Strada Urbana;VIA DI VERMICINO;da specificare;;;;altezza VIA DEL PADIGLIONE;Scontro laterale fra veicoli in marcia;Curva senza visuale libera;Una carreggiata a doppio senso;Bagnato (pioggia);Asfaltata;Verticale ed orizzontale;Pioggia in atto;Normale;Buona;;0;0;0;4;12.661;41.8422;-1;2;Autovettura privata;In marcia / fermata / arresto;Passeggero;M;Illeso;0;;Non accertato;Inesploso
5759761;6;27/12/2021 17:00:00;Strada Urbana;PIAZZA DI S. MARIA AUSILIATRICE;all'intersezione con;VIA UMBERTIDE;VIA UMBERTIDE;;;Scontro frontale/laterale DX fra veicoli in marcia;Incrocio;Due carreggiate;Bagnato (pioggia);Asfaltata;Orizzontale;Nuvoloso;Normale;Buona;;1;0;0;2;12.5304;41.8738;-1;1;Autovettura di polizia;In marcia / fermata / arresto;Conducente;M;Illeso;0;;Non accertato;Inesploso