Protocollo;Gruppo;DataOraIncidente;Localizzazione1;STRADA1;Localizzazione2;STRADA2;Strada02;Chilometrica;DaSpecificare;NaturaIncidente;particolaritastrade;TipoStrada;FondoStradale;Pavimentazione;Segnaletica;CondizioneAtmosferica;Traffico;Visibilita;Illuminazione;NUM_FERITI;NUM_RISERVATA;NUM_MORTI;NUM_ILLESI;Longitude;Latitude;Confermato;Progressivo;TipoVeicolo;StatoVeicolo;TipoPersona;Sesso;Tipolesione;Deceduto;DecedutoDopo;CinturaCascoUtilizzato;Airbag;
5765857;18;30/12/2021 14:30:00;Strada Urbana;VIA LEONE XIII;all'intersezione con;VIA PIO IV;VIA PIO IV;;;Veicolo in marcia contro veicoli in sosta;Incrocio;Due carreggiate;Asciutto;Asfaltata;Verticale ed orizzontale;Sereno;Normale;Buona;;1;0;0;0;12.438;41.8923;-1;1;Autovettura privata;In marcia / fermata / arresto;Conducente;F;Rifiuta cure immediate;0;NON DECEDUTO;Non accertato;Esploso
5765857;18;30/12/2021 14:30:00;Strada Urbana;VIA LEONE XIII;all'intersezione con;VIA PIO IV;VIA PIO IV;;;Veicolo in marcia contro veicoli in sosta;Incrocio;Due carreggiate;Asciutto;Asfaltata;Verticale ed orizzontale;Sereno;Normale;Buona;;1;0;0;0;12.438;41.8923;-1;2;Autovettura privata;Sosta;;;;;;;
5765857;18;30/12/2021 14:30:00;Strada Urbana;VIA LEONE XIII;all'intersezione con;VIA PIO IV;VIA PIO IV;;;Veicolo in marcia contro veicoli in sosta;Incrocio;Due carreggiate;Asciutto;Asfaltata;Verticale ed orizzontale;Sereno;Normale;Buona;;1;0;0;0;12.438;41.8923;-1;3;Autovettura privata;Sosta;;;;;;;
5765861;15;31/12/2021 16:50:00;Strada Urbana;VIA PORTUENSE;in corrispondenza;;del civico n.;746;;Scontro frontale/laterale DX fra veicoli in marcia;Rettilineo;Due carreggiate;Asciutto;Asfaltata;Orizzontale;Sereno;Normale;Buona;;0;0;0;2;12.4279;41.8519;-1;1;Autovettura privata;In marcia / fermata / arresto;Conducente;M;Illeso;0;;Non accertato;Inesploso
5765861;15;31/12/2021 16:50:00;Strada Urbana;VIA PORTUENSE;in corrispondenza;;del civico n.;746;;Scontro frontale/laterale DX fra veicoli in marcia;Rettilineo;Due carreggiate;Asciutto;Asfaltata;Orizzontale;Sereno;Normale;Buona;;0;0;0;2;12.4279;41.8519;-1;2;Autovettura privata;In marcia / fermata / arresto;Conducente;F;Illeso;0;;Non accertato;Inesploso
5765875;17;31/12/2021 14:30:00;Strada Urbana;LUNGOTEVERE MICHELANGELO;da specificare;;;;SOTTOVIA ALTEZZA CIVICO N. 10;Scontro frontale fra veicoli in marcia;Rettilineo;Più di due carreggiate;Asciutto;Asfaltata;Verticale ed orizzontale;Sereno;Normale;Buona;;1;0;0;3;12.4704;41.9121;-1;1;Autovettura privata;In marcia / fermata / arresto;Conducente;M;Illeso;0;;Non accertato;Inesploso
5765875;17;31/12/2021 14:30:00;Strada Urbana;LUNGOTEVERE MICHELANGELO;da specificare;;;;SOTTOVIA ALTEZZA CIVICO N. 10;Scontro frontale fra veicoli in marcia;Rettilineo;Più di due carreggiate;Asciutto;Asfaltata;Verticale ed orizzontale;Sereno;Normale;Buona;;1;0;0;3;12.4704;41.9121;-1;1;Autovettura privata;In marcia / fermata / arresto;Passeggero;F;Illeso;0;;;
5765875;17;31/12/2021 14:30:00;Strada Urbana;LUNGOTEVERE MICHELANGELO;da specificare;;;;SOTTOVIA ALTEZZA CIVICO N. 10;Scontro frontale fra veicoli in marcia;Rettilineo;Più di due carreggiate;Asciutto;Asfaltata;Verticale ed orizzontale;Sereno;Normale;Buona;;1;0;0;3;12.4704;41.9121;-1;1;Autovettura privata;In marcia / fermata / arresto;Passeggero;F;Illeso;0;;;
5765875;17;31/12/2021 14:30:00;Strada Urbana;LUNGOTEVERE MICHELANGELO;da specificare;;;;SOTTOVIA ALTEZZA CIVICO N. 10;Scontro frontale fra veicoli in marcia;Rettilineo;Più di due carreggiate;Asciutto;Asfaltata;Verticale ed orizzontale;Sereno;Normale;Buona;;1;0;0;3;12.4704;41.9121;-1;2;Motociclo a solo;In marcia / fermata / arresto;Conducente;M;Rimandato;0;NON DECEDUTO;Non accertato;
5765876;18;30/12/2021 19:00:00;Strada Urbana;VIA ENNIO BONIFAZI;in corrispondenza;;del civico n.;54;;Tamponamento;Rettilineo;Una carreggiata a doppio senso;Asciutto;Asfaltata;Verticale ed orizzontale;Sereno;Normale;Sufficiente;;2;0;0;1;12.4165;41.9053;-1;1;Autovettura privata;In marcia / fermata / arresto;Conducente;F;Illeso;0;;Non accertato;Inesploso
5765876;18;30/12/2021 19:00:00;Strada Urbana;VIA ENNIO BONIFAZI;in corrispondenza;;del civico n.;54;;Tamponamento;Rettilineo;Una carreggiata a doppio senso;Asciutto;Asfaltata;Verticale ed orizzontale;Sereno;Normale;Sufficiente;;2;0;0;1;12.4165;41.9053;-1;2;Motociclo con passeggero;In marcia / fermata / arresto;Conducente;M;Rifiuta cure immediate;0;NON DECEDUTO;Non accertato;
5765876;18;30/12/2021 19:00:00;Strada Urbana;VIA ENNIO BONIFAZI;in corrispondenza;;del civico n.;54;;Tamponamento;Rettilineo;Una carreggiata a doppio senso;Asciutto;Asfaltata;Verticale ed orizzontale;Sereno;Normale;Sufficiente;;2;0;0;1;12.4165;41.9053;-1;2;Motociclo con passeggero;In marcia / fermata / arresto;Passeggero;M;Rifiuta cure immediate;0;NON DECEDUTO;Non accertato;
5765879;15;31/12/2021 18:02:00;Strada Urbana;VIADOTTO DELLA MAGLIANA;da specificare;;;;mt.200 dopo la rampa d'accesso - dir. Centro/EUR;Scontro frontale fra veicoli in marcia;Rettilineo;Due carreggiate;Asciutto;Asfaltata;Verticale ed orizzontale;Nebbia;Normale;Sufficiente;;3;0;0;2;12.4634;41.842;-1;1;Autovettura privata;In marcia / fermata / arresto;Conducente;M;Rimandato;0;NON DECEDUTO;Non accertato;Esploso
5765879;15;31/12/2021 18:02:00;Strada Urbana;VIADOTTO DELLA MAGLIANA;da specificare;;;;mt.200 dopo la rampa d'accesso - dir. Centro/EUR;Scontro frontale fra veicoli in marcia;Rettilineo;Due carreggiate;Asciutto;Asfaltata;Verticale ed orizzontale;Nebbia;Normale;Sufficiente;;3;0;0;2;12.4634;41.842;-1;2;Autovettura privata;In marcia / fermata / arresto;Conducente;F;Illeso;0;;Non accertato;Inesploso
5765879;15;31/12/2021 18:02:00;Strada Urbana;VIADOTTO DELLA MAGLIANA;da specificare;;;;mt.200 dopo la rampa d'accesso - dir. Centro/EUR;Scontro frontale fra veicoli in marcia;Rettilineo;Due carreggiate;Asciutto;Asfaltata;Verticale ed orizzontale;Nebbia;Normale;Sufficiente;;3;0;0;2;12.4634;41.842;-1;2;Autovettura privata;In marcia / fermata / arresto;Passeggero;F;Illeso;0;;Utilizzato;Inesploso
5765879;15;31/12/2021 18:02:00;Strada Urbana;VIADOTTO DELLA MAGLIANA;da specificare;;;;mt.200 dopo la rampa d'accesso - dir. Centro/EUR;Scontro frontale fra veicoli in marcia;Rettilineo;Due carreggiate;Asciutto;Asfaltata;Verticale ed orizzontale;Nebbia;Normale;Sufficiente;;3;0;0;2;12.4634;41.842;-1;3;Autovettura privata;In marcia / fermata / arresto;Conducente;M;Rifiuta cure immediate;0;NON DECEDUTO;Non accertato;Esploso
5765879;15;31/12/2021 18:02:00;Strada Urbana;VIADOTTO DELLA MAGLIANA;da specificare;;;;mt.200 dopo la rampa d'accesso - dir. Centro/EUR;Scontro frontale fra veicoli in marcia;Rettilineo;Due carreggiate;Asciutto;Asfaltata;Verticale ed orizzontale;Nebbia;Normale;Sufficiente;;3;0;0;2;12.4634;41.842;-1;3;Autovettura privata;In marcia / fermata / arresto;Passeggero;F;Rimandato;0;NON DECEDUTO;Non accertato;Esploso
5765891;18;30/12/2021 22:50:00;Strada Urbana;VIA DI SELVA CANDIDA;all'intersezione con;VIA OLDENICO;VIA OLDENICO;;;Scontro frontale/laterale SX fra veicoli in marcia;Intersezione stradale segnalata;Una carreggiata a doppio senso;Asciutto;Asfaltata;Verticale ed orizzontale;Sereno;Scarso;Sufficiente;;0;0;0;6;12.3773;41.9344;-1;1;Autovettura privata;In marcia / fermata / arresto;Conducente;F;Illeso;0;;Non accertato;Inesploso
5765891;18;30/12/2021 22:50:00;Strada Urbana;VIA DI SELVA CANDIDA;all'intersezione con;VIA OLDENICO;VIA OLDENICO;;;Scontro frontale/laterale SX fra veicoli in marcia;Intersezione stradale segnalata;Una carreggiata a doppio senso;Asciutto;Asfaltata;Verticale ed orizzontale;Sereno;Scarso;Sufficiente;;0;0;0;6;12.3773;41.9344;-1;1;Autovettura privata;In marcia / fermata / arresto;Passeggero;M;Illeso;0;;Non accertato;Inesploso
5765891;18;30/12/2021 22:50:00;Strada Urbana;VIA DI SELVA CANDIDA;all'intersezione con;VIA OLDENICO;VIA OLDENICO;;;Scontro frontale/laterale SX fra veicoli in marcia;Intersezione stradale segnalata;Una carreggiata a doppio senso;Asciutto;Asfaltata;Verticale ed orizzontale;Sereno;Scarso;Sufficiente;;0;0;0;6;12.3773;41.9344;-1;2;Autovettura privata;In marcia / fermata / arresto;Conducente;F;Illeso;0;;Non accertato;Inesploso
5765891;18;30/12/2021 22:50:00;Strada Urbana;VIA DI SELVA CANDIDA;all'intersezione con;VIA OLDENICO;VIA OLDENICO;;;Scontro frontale/laterale SX fra veicoli in marcia;Intersezione stradale segnalata;Una carreggiata a doppio senso;Asciutto;Asfaltata;Verticale ed orizzontale;Sereno;Scarso;Sufficiente;;0;0;0;6;12.3773;41.9344;-1;2;Autovettura privata;In marcia / fermata / arresto;Passeggero;F;Illeso;0;;Non accertato;Inesploso
5765891;18;30/12/2021 22:50:00;Strada Urbana;VIA DI SELVA CANDIDA;all'intersezione con;VIA OLDENICO;VIA OLDENICO;;;Scontro frontale/laterale SX fra veicoli in marcia;Intersezione stradale segnalata;Una carreggiata a doppio senso;Asciutto;Asfaltata;Verticale ed orizzontale;Sereno;Scarso;Sufficiente;;0;0;0;6;12.3773;41.9344;-1;2;Autovettura privata;In marcia / fermata / arresto;Passeggero;M;Illeso;0;;Non accertato;Inesploso
5765891;18;30/12/2021 22:50:00;Strada Urbana;VIA DI SELVA CANDIDA;all'intersezione con;VIA OLDENICO;VIA OLDENICO;;;Scontro frontale/laterale SX fra veicoli in marcia;Intersezione stradale segnalata;Una carreggiata a doppio senso;Asciutto;Asfaltata;Verticale ed orizzontale;Sereno;Scarso;Sufficiente;;0;0;0;6;12.3773;41.9344;-1;2;Autovettura privata;In marcia / fermata / arresto;Passeggero;F;Illeso;0;;Non accertato;Inesploso
5765893;4;31/12/2021 10:40:00;Strada Urbana;VIA DI CASAL BOCCONE;da specificare;;;;pross. f.c. 100;Scontro laterale fra veicoli in marcia;Rettilineo;Due carreggiate;Asciutto;Asfaltata;Verticale ed orizzontale;Sereno;Scarso;Buona;;0;0;0;2;12.5572;41.9577;-1;1;Autovettura privata;In marcia / fermata / arresto;Conducente;F;Illeso;0;;;
5765893;4;31/12/2021 10:40:00;Strada Urbana;VIA DI CASAL BOCCONE;da specificare;;;;pross. f.c. 100;Scontro laterale fra veicoli in marcia;Rettilineo;Due carreggiate;Asciutto;Asfaltata;Verticale ed orizzontale;Sereno;Scarso;Buona;;0;0;0;2;12.5572;41.9577;-1;2;Autovettura privata;In marcia / fermata / arresto;Conducente;M;Illeso;0;;;
5765903;4;31/12/2021 14:50:00;Strada Urbana;VIA VIRGILIO TALLI;da specificare;;;;prossimità via A. Bettini;Scontro laterale fra veicoli in marcia;Curva a visuale libera;Due carreggiate;Asciutto;Asfaltata;Verticale ed orizzontale;Sereno;Scarso;Buona;;0;0;0;2;12.5231;41.9646;-1;1;Autovettura privata;In marcia / fermata / arresto;Conducente;M;Illeso;0;;;
5765903;4;31/12/2021 14:50:00;Strada Urbana;VIA VIRGILIO TALLI;da specificare;;;;prossimità via A. Bettini;Scontro laterale fra veicoli in marcia;Curva a visuale libera;Due carreggiate;Asciutto;Asfaltata;Verticale ed orizzontale;Sereno;Scarso;Buona;;0;0;0;2;12.5231;41.9646;-1;2;Velocipede;In marcia / fermata / arresto;Conducente;M;Illeso;0;;Esente;
5765935;2;30/12/2021 19:10:00;Strada Urbana;VIA FLAMINIA NUOVA;all'intersezione semaforizzata con;VIA GIOVANNI FABBRONI;VIA GIOVANNI FABBRONI;;;Investimento di pedone;Incrocio;Una carreggiata a doppio senso;Asciutto;Asfaltata;Verticale ed orizzontale;Sereno;Normale;Sufficiente;;1;0;0;1;12.4792;41.9609;-1;;;;Pedone;M;Rimandato;0;NON DECEDUTO;;
5765935;2;30/12/2021 19:10:00;Strada Urbana;VIA FLAMINIA NUOVA;all'intersezione semaforizzata con;VIA GIOVANNI FABBRONI;VIA GIOVANNI FABBRONI;;;Investimento di pedone;Incrocio;Una carreggiata a doppio senso;Asciutto;Asfaltata;Verticale ed orizzontale;Sereno;Normale;Sufficiente;;1;0;0;1;12.4792;41.9609;-1;1;Autovettura privata;In marcia / fermata / arresto;Conducente;F;Illeso;0;;Non accertato;Inesploso
5765970;4;31/12/2021 17:50:00;Strada Urbana;CORSO TRIESTE;in corrispondenza;;del civico n.;186;;Tamponamento;Curva a visuale libera;Due carreggiate;Asciutto;Asfaltata;Verticale ed orizzontale;Sereno;Normale;Buona;;0;0;0;5;12.514;41.9232;-1;1;Autovettura privata;In marcia / fermata / arresto;Conducente;F;Illeso;0;;Non accertato;Inesploso
5765970;4;31/12/2021 17:50:00;Strada Urbana;CORSO TRIESTE;in corrispondenza;;del civico n.;186;;Tamponamento;Curva a visuale libera;Due carreggiate;Asciutto;Asfaltata;Verticale ed orizzontale;Sereno;Normale;Buona;;0;0;0;5;12.514;41.9232;-1;1;Autovettura privata;In marcia / fermata / arresto;Passeggero;F;Illeso;0;;Non accertato;Inesploso
5765970;4;31/12/2021 17:50:00;Strada Urbana;CORSO TRIESTE;in corrispondenza;;del civico n.;186;;Tamponamento;Curva a visuale libera;Due carreggiate;Asciutto;Asfaltata;Verticale ed orizzontale;Sereno;Normale;Buona;;0;0;0;5;12.514;41.9232;-1;1;Autovettura privata;In marcia / fermata / arresto;Passeggero;F;Illeso;0;;Non accertato;Inesploso
5765970;4;31/12/2021 17:50:00;Strada Urbana;CORSO TRIESTE;in corrispondenza;;del civico n.;186;;Tamponamento;Curva a visuale libera;Due carreggiate;Asciutto;Asfaltata;Verticale ed orizzontale;Sereno;Normale;Buona;;0;0;0;5;12.514;41.9232;-1;2;Autovettura di polizia;In marcia / fermata / arresto;Conducente;M;Illeso;0;;Non accertato;Inesploso
5765970;4;31/12/2021 17:50:00;Strada Urbana;CORSO TRIESTE;in corrispondenza;;del civico n.;186;;Tamponamento;Curva a visuale libera;Due carreggiate;Asciutto;Asfaltata;Verticale ed orizzontale;Sereno;Normale;Buona;;0;0;0;5;12.514;41.9232;-1;2;Autovettura di polizia;In marcia / fermata / arresto;Passeggero;M;Illeso;0;;Non accertato;Inesploso
5766030;2;30/12/2021 10:45:00;Strada Urbana;VIA FLAMINIA;in prossimità;;del civico n.;289;;Infortunio per caduta del veicolo;Rettilineo;Una carreggiata a senso unico di marcia;Asciutto;Asfaltata;Verticale ed orizzontale;Sereno;Normale;Buona;;1;0;0;0;12.4703;41.9254;-1;1;Motociclo a solo;In marcia / fermata / arresto;Conducente;F;Rimandato;0;NON DECEDUTO;;
5766050;5;31/12/2021 00:55:00;Strada Urbana;VIA DI PORTONACCIO;da specificare;;;;fronte civico 152;Veicolo in marcia contro veicolo in sosta;Rettilineo;Una carreggiata a senso unico di marcia;Asciutto;Asfaltata;Verticale ed orizzontale;Sereno;Scarso;Buona;;0;0;0;0;12.5384;41.8987;-1;1;Autovettura privata;Sosta;;;;;;;
5766050;5;31/12/2021 00:55:00;Strada Urbana;VIA DI PORTONACCIO;da specificare;;;;fronte civico 152;Veicolo in marcia contro veicolo in sosta;Rettilineo;Una carreggiata a senso unico di marcia;Asciutto;Asfaltata;Verticale ed orizzontale;Sereno;Scarso;Buona;;0;0;0;0;12.5384;41.8987;-1;2;Altro;Allontanatosi;;;;;;;
5766099;2;31/12/2021 15:50:00;Strada Urbana;VIA DEI CAMPI SPORTIVI;da specificare;;;;rampa accesso Foro  Italico dir. S. Giovanni;Fuoriuscita dalla sede stradale;Curva senza visuale libera;Una carreggiata a senso unico di marcia;Asciutto;Asfaltata;Verticale ed orizzontale;Sereno;Normale;Buona;;1;0;0;0;12.4908;41.9394;-1;1;Autocarro inferiore 35 q.;In marcia / fermata / arresto;Conducente;M;Rimandato;0;NON DECEDUTO;Non accertato;
5766102;19;31/12/2021 18:40:00;Strada Urbana;VIA DEL PODERE FIUME;da specificare;;;;rotatoria;Scontro laterale fra veicoli in marcia;Rotatoria;Una carreggiata a senso unico di marcia;Asciutto;Asfaltata;Verticale ed orizzontale;Nebbia;Scarso;Sufficiente;;0;0;0;3;12.4008;41.9251;-1;1;Autovettura privata;In marcia / fermata / arresto;Conducente;M;Illeso;0;;Non accertato;Inesploso
5766102;19;31/12/2021 18:40:00;Strada Urbana;VIA DEL PODERE FIUME;da specificare;;;;rotatoria;Scontro laterale fra veicoli in marcia;Rotatoria;Una carreggiata a senso unico di marcia;Asciutto;Asfaltata;Verticale ed orizzontale;Nebbia;Scarso;Sufficiente;;0;0;0;3;12.4008;41.9251;-1;1;Autovettura privata;In marcia / fermata / arresto;Passeggero;F;Illeso;0;;Non accertato;Inesploso
5766102;19;31/12/2021 18:40:00;Strada Urbana;VIA DEL PODERE FIUME;da specificare;;;;rotatoria;Scontro laterale fra veicoli in marcia;Rotatoria;Una carreggiata a senso unico di marcia;Asciutto;Asfaltata;Verticale ed orizzontale;Nebbia;Scarso;Sufficiente;;0;0;0;3;12.4008;41.9251;-1;1;Autovettura privata;In marcia / fermata / arresto;Passeggero;F;Illeso;0;;Non accertato;Inesploso
5766102;19;31/12/2021 18:40:00;Strada Urbana;VIA DEL PODERE FIUME;da specificare;;;;rotatoria;Scontro laterale fra veicoli in marcia;Rotatoria;Una carreggiata a senso unico di marcia;Asciutto;Asfaltata;Verticale ed orizzontale;Nebbia;Scarso;Sufficiente;;0;0;0;3;12.4008;41.9251;-1;2;Autovettura privata;Allontanatosi;;;;;;;
5766103;17;31/12/2021 15:40:00;Strada Urbana;VIA ANASTASIO II;da specificare;;;;PROSSIMITA' PONTE DIREZIONE VIA GREGORIO VII;Veicolo in marcia contro ostacolo accidentale;Rettilineo;Più di due carreggiate;Asciutto;Asfaltata;Verticale ed orizzontale;Sereno;Normale;Buona;;0;0;0;1;12.4425;41.8999;-1;1;Motociclo a solo;In marcia / fermata / arresto;Conducente;M;Illeso;0;;Non accertato;
5766104;18;31/12/2021 11:35:00;Strada Urbana;VIA DI BOCCEA;in corrispondenza;;del civico n.;593/B;;Scontro laterale fra veicoli in marcia;Rettilineo;Una carreggiata a doppio senso;Asciutto;Asfaltata;Verticale ed orizzontale;Sereno;Normale;Buona;;0;0;0;2;12.3776;41.9185;-1;1;Autovettura privata;In marcia / fermata / arresto;Conducente;M;Illeso;0;;Non accertato;Inesploso
5766104;18;31/12/2021 11:35:00;Strada Urbana;VIA DI BOCCEA;in corrispondenza;;del civico n.;593/B;;Scontro laterale fra veicoli in marcia;Rettilineo;Una carreggiata a doppio senso;Asciutto;Asfaltata;Verticale ed orizzontale;Sereno;Normale;Buona;;0;0;0;2;12.3776;41.9185;-1;2;Autovettura privata;In marcia / fermata / arresto;Conducente;M;Illeso;0;;Non accertato;Inesploso
5766121;18;31/12/2021 16:15:00;Strada Urbana;VIA NICOLO' PICCOLOMINI;in corrispondenza;;del civico n.;21;;Scontro laterale fra veicoli in marcia;Rettilineo;Una carreggiata a doppio senso;Asciutto;Asfaltata;Orizzontale;Sereno;Normale;Buona;;0;0;0;3;12.4416;41.8904;-1;1;Autovettura privata;In marcia / fermata / arresto;Conducente;M;Illeso;0;;Non accertato;Inesploso
5766121;18;31/12/2021 16:15:00;Strada Urbana;VIA NICOLO' PICCOLOMINI;in corrispondenza;;del civico n.;21;;Scontro laterale fra veicoli in marcia;Rettilineo;Una carreggiata a doppio senso;Asciutto;Asfaltata;Orizzontale;Sereno;Normale;Buona;;0;0;0;3;12.4416;41.8904;-1;1;Autovettura privata;In marcia / fermata / arresto;Passeggero;F;Illeso;0;;Non accertato;Inesploso
5766121;18;31/12/2021 16:15:00;Strada Urbana;VIA NICOLO' PICCOLOMINI;in corrispondenza;;del civico n.;21;;Scontro laterale fra veicoli in marcia;Rettilineo;Una carreggiata a doppio senso;Asciutto;Asfaltata;Orizzontale;Sereno;Normale;Buona;;0;0;0;3;12.4416;41.8904;-1;2;Autovettura privata;In marcia / fermata / arresto;Conducente;F;Illeso;0;;Non accertato;Inesploso
5766952;1;31/12/2021 15:00:00;Strada Urbana;VIALE DI TRASTEVERE;da specificare;;;;PROX INTERSEZIONE VIALE GLORIOSO;Veicolo in marcia contro ostacolo accidentale;Rettilineo;Una carreggiata a senso unico di marcia;Asciutto;Asfaltata;Assente;Nebbia;Normale;Buona;;0;0;0;1;12.4679;41.8817;-1;1;Autovettura pubblica;In marcia / fermata / arresto;Conducente;M;Illeso;0;;;
5767131;1;31/12/2021 11:05:00;Strada Urbana;VIA GIOVANNI GIOLITTI;in corrispondenza;;del civico n.;305;;Investimento di pedone;Rettilineo;Una carreggiata a senso unico di marcia;Asciutto;Asfaltata;Orizzontale;Sereno;Normale;Buona;;0;0;0;2;;;0;;;;Pedone;M;Illeso;0;;;
5767131;1;31/12/2021 11:05:00;Strada Urbana;VIA GIOVANNI GIOLITTI;in corrispondenza;;del civico n.;305;;Investimento di pedone;Rettilineo;Una carreggiata a senso unico di marcia;Asciutto;Asfaltata;Orizzontale;Sereno;Normale;Buona;;0;0;0;2;;;0;1;Autovettura privata;In marcia / fermata / arresto;Conducente;M;Illeso;0;;;
5767954;18;31/12/2021 20:20:00;Strada Urbana;VIA ANDREA ALCIATO;in prossimità;;del civico n.;6;;Veicolo in marcia contro veicolo in sosta;Rettilineo;Una carreggiata a senso unico di marcia;Asciutto;Asfaltata;Verticale ed orizzontale;Nebbia;Scarso;Sufficiente;;0;0;0;1;12.4266;41.9048;-1;1;Autovettura privata;In marcia / fermata / arresto;Conducente;M;Illeso;0;;Non accertato;Inesploso
5767954;18;31/12/2021 20:20:00;Strada Urbana;VIA ANDREA ALCIATO;in prossimità;;del civico n.;6;;Veicolo in marcia contro veicolo in sosta;Rettilineo;Una carreggiata a senso unico di marcia;Asciutto;Asfaltata;Verticale ed orizzontale;Nebbia;Scarso;Sufficiente;;0;0;0;1;12.4266;41.9048;-1;2;Autovettura privata;Sosta;;;;;;;
5767954;18;31/12/2021 20:20:00;Strada Urbana;VIA ANDREA ALCIATO;in prossimità;;del civico n.;6;;Veicolo in marcia contro veicolo in sosta;Rettilineo;Una carreggiata a senso unico di marcia;Asciutto;Asfaltata;Verticale ed orizzontale;Nebbia;Scarso;Sufficiente;;0;0;0;1;12.4266;41.9048;-1;3;Motociclo a solo;Sosta;;;;;;;
5767954;18;31/12/2021 20:20:00;Strada Urbana;VIA ANDREA ALCIATO;in prossimità;;del civico n.;6;;Veicolo in marcia contro veicolo in sosta;Rettilineo;Una carreggiata a senso unico di marcia;Asciutto;Asfaltata;Verticale ed orizzontale;Nebbia;Scarso;Sufficiente;;0;0;0;1;12.4266;41.9048;-1;4;Autovettura privata;Sosta;;;;;;;
5768305;3;31/12/2021 23:00:00;Strada Urbana;Tangenziale Est;da specificare;;;;uscita via tiburtina intersezione portonaccio;Veicolo in marcia contro ostacolo fisso;Cavalcavia;Due carreggiate;Bagnato (umidità in atto);Asfaltata;Verticale ed orizzontale;Nebbia;Scarso;Insufficiente;;0;0;0;1;12.5343;41.9084;0;1;Autovettura privata;In marcia / fermata / arresto;Conducente;M;Illeso;0;;;
5768309;3;31/12/2021 17:30:00;Strada Urbana;VIA PADOVA;in corrispondenza;;del civico n.;92;;Infortunio per caduta del veicolo;Rettilineo;Una carreggiata a senso unico di marcia;Asciutto;Asfaltata;Verticale ed orizzontale;Sereno;Normale;Buona;;0;0;0;2;12.5208;41.9105;-1;;;;Pedone;M;Illeso;0;;;
5768309;3;31/12/2021 17:30:00;Strada Urbana;VIA PADOVA;in corrispondenza;;del civico n.;92;;Infortunio per caduta del veicolo;Rettilineo;Una carreggiata a senso unico di marcia;Asciutto;Asfaltata;Verticale ed orizzontale;Sereno;Normale;Buona;;0;0;0;2;12.5208;41.9105;-1;1;Autovettura privata;In marcia / fermata / arresto;Conducente;M;Illeso;0;;;
5769285;16;22/12/2021 13:55:00;Strada Urbana;PIAZZALE ENRICO DUNANT;da specificare;;;;prossimità fronte civico 26;Scontro frontale/laterale SX fra veicoli in marcia;Rettilineo;Una carreggiata a senso unico di marcia;Asciutto;Asfaltata;Verticale ed orizzontale;Sereno;Normale;Buona;;0;0;0;2;12.4589;41.8725;-1;1;Autocarro inferiore 35 q.;In marcia / fermata / arresto;Conducente;M;Illeso;0;;Non accertato;Inesploso
5769285;16;22/12/2021 13:55:00;Strada Urbana;PIAZZALE ENRICO DUNANT;da specificare;;;;prossimità fronte civico 26;Scontro frontale/laterale SX fra veicoli in marcia;Rettilineo;Una carreggiata a senso unico di marcia;Asciutto;Asfaltata;Verticale ed orizzontale;Sereno;Normale;Buona;;0;0;0;2;12.4589;41.8725;-1;2;Autovettura privata;In marcia / fermata / arresto;Conducente;M;Illeso;0;;Non accertato;Inesploso
5772955;9;23/12/2021 03:00:00;;VIA TUSCOLANA;all'intersezione semaforizzata con;VIA DELL'ARCO DI TRAVERTINO;VIA DELL'ARCO DI TRAVERTINO;;;Veicolo in marcia contro ostacolo fisso;;;;;;;;;;0;0;0;0;12.5379;41.8692;0;;;;;;;;;;
5774296;1;27/12/2021 17:05:00;Strada Urbana;PONTE GARIBALDI;all'intersezione semaforizzata con;LUNGOTEVERE DE' CENCI;LUNGOTEVERE DE' CENCI;;;Scontro laterale fra veicoli in marcia;Intersezione semaforizzata;Una carreggiata a doppio senso;Bagnato (pioggia);Asfaltata;Verticale ed orizzontale;Pioggia in atto;Normale;Sufficiente;;0;0;0;2;12.4747;41.8918;-1;1;Autovettura privata;In marcia / fermata / arresto;Conducente;M;Illeso;0;;;
5774296;1;27/12/2021 17:05:00;Strada Urbana;PONTE GARIBALDI;all'intersezione semaforizzata con;LUNGOTEVERE DE' CENCI;LUNGOTEVERE DE' CENCI;;;Scontro laterale fra veicoli in marcia;Intersezione semaforizzata;Una carreggiata a doppio senso;Bagnato (pioggia);Asfaltata;Verticale ed orizzontale;Pioggia in atto;Normale;Sufficiente;;0;0;0;2;12.4747;41.8918;-1;2;Autovettura privata;In marcia / fermata / arresto;Conducente;M;Illeso;0;;Non accertato;Inesploso
5802903;6;29/12/2021 23:28:00;Strada Urbana;VIALE DELLA PRIMAVERA;in prossimità;;del civico n.;29;;Veicolo in marcia contro ostacolo accidentale;Rettilineo;Due carreggiate;Asciutto;Asfaltata;Verticale ed orizzontale;Sereno;Scarso;Sufficiente;;0;0;0;1;12.5613;41.8867;-1;1;Autovettura privata;In marcia / fermata / arresto;Conducente;M;Illeso;0;;;
5923198;8;21/12/2021 16:00:00;Strada Urbana;VIA DEL TORRACCIO;da specificare;;;;200 metri di distanza dal civico 282;Infortunio per caduta del veicolo;Rettilineo;Una carreggiata a doppio senso;Asciutto;Asfaltata;Orizzontale;Sereno;Normale;Buona;;1;0;0;0;12.6482;41.8563;0;1;Motociclo a solo;In marcia / fermata / arresto;Conducente;M;Ricoverato;0;NON DECEDUTO;Non accertato;